PatientID,AdmissionID,AdmissionStartDate,AdmissionEndDate,LengthOfStay,AdmissionYear,AdmissionMonth,AdmissionDayOfWeek,AdmissionDayName,LengthOfStayCategory,PatientGender,PatientDateOfBirth,PatientRace,PatientMaritalStatus,PatientLanguage,PatientPopulationPercentageBelowPoverty,Age,AgeGroup,PovertyLevel,PrimaryDiagnosisCode,PrimaryDiagnosisDescription,Abnormal_Sum_CBC: ABSOLUTE LYMPHOCYTES,Abnormal_Sum_CBC: ABSOLUTE NEUTROPHILS,Abnormal_Sum_CBC: BASOPHILS,Abnormal_Sum_CBC: EOSINOPHILS,Abnormal_Sum_CBC: HEMATOCRIT,Abnormal_Sum_CBC: HEMOGLOBIN,Abnormal_Sum_CBC: LYMPHOCYTES,Abnormal_Sum_CBC: MCH,Abnormal_Sum_CBC: MCHC,Abnormal_Sum_CBC: MEAN CORPUSCULAR VOLUME,Abnormal_Sum_CBC: MONOCYTES,Abnormal_Sum_CBC: NEUTROPHILS,Abnormal_Sum_CBC: PLATELET COUNT,Abnormal_Sum_CBC: RDW,Abnormal_Sum_CBC: RED BLOOD CELL COUNT,Abnormal_Sum_CBC: WHITE BLOOD CELL COUNT,Abnormal_Sum_METABOLIC: ALBUMIN,Abnormal_Sum_METABOLIC: ALK PHOS,Abnormal_Sum_METABOLIC: ALT/SGPT,Abnormal_Sum_METABOLIC: ANION GAP,Abnormal_Sum_METABOLIC: AST/SGOT,Abnormal_Sum_METABOLIC: BILI TOTAL,Abnormal_Sum_METABOLIC: BUN,Abnormal_Sum_METABOLIC: CALCIUM,Abnormal_Sum_METABOLIC: CARBON DIOXIDE,Abnormal_Sum_METABOLIC: CHLORIDE,Abnormal_Sum_METABOLIC: CREATININE,Abnormal_Sum_METABOLIC: GLUCOSE,Abnormal_Sum_METABOLIC: POTASSIUM,Abnormal_Sum_METABOLIC: SODIUM,Abnormal_Sum_METABOLIC: TOTAL PROTEIN,Abnormal_Sum_URINALYSIS: PH,Abnormal_Sum_URINALYSIS: RED BLOOD CELLS,Abnormal_Sum_URINALYSIS: SPECIFIC GRAVITY,Abnormal_Sum_URINALYSIS: WHITE BLOOD CELLS,Lab_Mean_CBC: ABSOLUTE LYMPHOCYTES,Lab_Mean_CBC: ABSOLUTE NEUTROPHILS,Lab_Mean_CBC: BASOPHILS,Lab_Mean_CBC: EOSINOPHILS,Lab_Mean_CBC: HEMATOCRIT,Lab_Mean_CBC: HEMOGLOBIN,Lab_Mean_CBC: LYMPHOCYTES,Lab_Mean_CBC: MCH,Lab_Mean_CBC: MCHC,Lab_Mean_CBC: MEAN CORPUSCULAR VOLUME,Lab_Mean_CBC: MONOCYTES,Lab_Mean_CBC: NEUTROPHILS,Lab_Mean_CBC: PLATELET COUNT,Lab_Mean_CBC: RDW,Lab_Mean_CBC: RED BLOOD CELL COUNT,Lab_Mean_CBC: WHITE BLOOD CELL COUNT,Lab_Mean_METABOLIC: ALBUMIN,Lab_Mean_METABOLIC: ALK PHOS,Lab_Mean_METABOLIC: ALT/SGPT,Lab_Mean_METABOLIC: ANION GAP,Lab_Mean_METABOLIC: AST/SGOT,Lab_Mean_METABOLIC: BILI TOTAL,Lab_Mean_METABOLIC: BUN,Lab_Mean_METABOLIC: CALCIUM,Lab_Mean_METABOLIC: CARBON DIOXIDE,Lab_Mean_METABOLIC: CHLORIDE,Lab_Mean_METABOLIC: CREATININE,Lab_Mean_METABOLIC: GLUCOSE,Lab_Mean_METABOLIC: POTASSIUM,Lab_Mean_METABOLIC: SODIUM,Lab_Mean_METABOLIC: TOTAL PROTEIN,Lab_Mean_URINALYSIS: PH,Lab_Mean_URINALYSIS: RED BLOOD CELLS,Lab_Mean_URINALYSIS: SPECIFIC GRAVITY,Lab_Mean_URINALYSIS: WHITE BLOOD CELLS,Lab_Std_CBC: ABSOLUTE LYMPHOCYTES,Lab_Std_CBC: ABSOLUTE NEUTROPHILS,Lab_Std_CBC: BASOPHILS,Lab_Std_CBC: EOSINOPHILS,Lab_Std_CBC: HEMATOCRIT,Lab_Std_CBC: HEMOGLOBIN,Lab_Std_CBC: LYMPHOCYTES,Lab_Std_CBC: MCH,Lab_Std_CBC: MCHC,Lab_Std_CBC: MEAN CORPUSCULAR VOLUME,Lab_Std_CBC: MONOCYTES,Lab_Std_CBC: NEUTROPHILS,Lab_Std_CBC: PLATELET COUNT,Lab_Std_CBC: RDW,Lab_Std_CBC: RED BLOOD CELL COUNT,Lab_Std_CBC: WHITE BLOOD CELL COUNT,Lab_Std_METABOLIC: ALBUMIN,Lab_Std_METABOLIC: ALK PHOS,Lab_Std_METABOLIC: ALT/SGPT,Lab_Std_METABOLIC: ANION GAP,Lab_Std_METABOLIC: AST/SGOT,Lab_Std_METABOLIC: BILI TOTAL,Lab_Std_METABOLIC: BUN,Lab_Std_METABOLIC: CALCIUM,Lab_Std_METABOLIC: CARBON DIOXIDE,Lab_Std_METABOLIC: CHLORIDE,Lab_Std_METABOLIC: CREATININE,Lab_Std_METABOLIC: GLUCOSE,Lab_Std_METABOLIC: POTASSIUM,Lab_Std_METABOLIC: SODIUM,Lab_Std_METABOLIC: TOTAL PROTEIN,Lab_Std_URINALYSIS: PH,Lab_Std_URINALYSIS: RED BLOOD CELLS,Lab_Std_URINALYSIS: SPECIFIC GRAVITY,Lab_Std_URINALYSIS: WHITE BLOOD CELLS,Lab_Trend_CBC: ABSOLUTE LYMPHOCYTES,Lab_Trend_CBC: ABSOLUTE NEUTROPHILS,Lab_Trend_CBC: BASOPHILS,Lab_Trend_CBC: EOSINOPHILS,Lab_Trend_CBC: HEMATOCRIT,Lab_Trend_CBC: HEMOGLOBIN,Lab_Trend_CBC: LYMPHOCYTES,Lab_Trend_CBC: MCH,Lab_Trend_CBC: MCHC,Lab_Trend_CBC: MEAN CORPUSCULAR VOLUME,Lab_Trend_CBC: MONOCYTES,Lab_Trend_CBC: NEUTROPHILS,Lab_Trend_CBC: PLATELET COUNT,Lab_Trend_CBC: RDW,Lab_Trend_CBC: RED BLOOD CELL COUNT,Lab_Trend_CBC: WHITE BLOOD CELL COUNT,Lab_Trend_METABOLIC: ALBUMIN,Lab_Trend_METABOLIC: ALK PHOS,Lab_Trend_METABOLIC: ALT/SGPT,Lab_Trend_METABOLIC: ANION GAP,Lab_Trend_METABOLIC: AST/SGOT,Lab_Trend_METABOLIC: BILI TOTAL,Lab_Trend_METABOLIC: BUN,Lab_Trend_METABOLIC: CALCIUM,Lab_Trend_METABOLIC: CARBON DIOXIDE,Lab_Trend_METABOLIC: CHLORIDE,Lab_Trend_METABOLIC: CREATININE,Lab_Trend_METABOLIC: GLUCOSE,Lab_Trend_METABOLIC: POTASSIUM,Lab_Trend_METABOLIC: SODIUM,Lab_Trend_METABOLIC: TOTAL PROTEIN,Lab_Trend_URINALYSIS: PH,Lab_Trend_URINALYSIS: RED BLOOD CELLS,Lab_Trend_URINALYSIS: SPECIFIC GRAVITY,Lab_Trend_URINALYSIS: WHITE BLOOD CELLS,LabTestCount,LabTestVariety,Total_Abnormal_Count,Total_Lab_Variability
7A025E77-7832-4F53-B9A7-09A3F98AC17E,7,2011-10-12 14:55:02.027,2011-10-22 01:16:07.557,9,2011,10,2,수,중기(8-14일),Female,1951-07-12 08:23:45.520,Asian,Single,English,16.69,74.6,70세~,Medium,F06.3,Mood disorder due to known physiological condition,1.0,0.0,0.0,3.0,1.0,0.0,0.0,1.0,1.0,2.0,0.0,0.0,1.0,1.0,2.0,1.0,1.0,2.0,1.0,0.0,2.0,1.0,4.0,1.0,0.0,0.0,1.0,1.0,2.0,1.0,2.0,0.0,0.0,0.0,1.0,26.37142857142857,71.83333333333333,0.15999999999999998,0.34285714285714286,40.65714285714285,13.516666666666666,2.8625,29.619999999999997,34.7125,87.8,0.5857142857142857,6.837500000000001,201.0,13.4125,5.844444444444444,6.8999999999999995,4.0,92.63333333333333,52.7625,9.716666666666667,30.157142857142862,0.6625,18.3,11.125,24.566666666666666,104.22857142857143,0.74,92.07500000000002,4.228571428571429,139.7625,6.26,5.800000000000002,2.25,1.0,3.633333333333333,6.463155649710205,4.367455399505145,0.05477225575051661,0.1902379462422684,5.6302330155619495,1.7209493504071138,1.1274972283779678,5.480145983457009,3.404382679513487,9.156418513807678,0.2911389784311005,3.186550979171233,59.73600254452921,1.892419086777556,0.8790777996160397,2.9414282245195107,1.0464224768228174,46.71542215014937,16.080772680440454,5.259055682027588,7.980780484567732,0.3020761493398643,11.190889151448154,0.713559154286921,4.273016108870486,7.336373828560053,0.2302172886644268,22.129924794914494,0.9105205209371281,9.36878365332753,1.7896927110540515,0.5859465277082313,0.7765307463326871,0.0,1.2971764207950538,-4.0000000000000036,-3.1999999999999886,-0.1,0.4,-8.8,0.29999999999999893,-0.2999999999999998,-6.600000000000001,5.100000000000001,-4.0,-0.19999999999999996,-6.8,28.399999999999977,1.0999999999999996,-0.2999999999999998,2.8000000000000003,0.0,9.400000000000006,-1.0,0.0,-0.1999999999999993,0.10000000000000009,0.40000000000000036,-1.5999999999999996,-6.700000000000003,-13.400000000000006,-0.09999999999999998,31.599999999999994,-0.09999999999999964,15.699999999999989,0.40000000000000036,0.10000000000000053,-0.2999999999999998,0.0,3.7,230,35,34.0,6.985972176160715
DCE5AEB8-6DB9-4106-8AE4-02CCC5C23741,1,1993-02-11 18:57:04.003,1993-02-24 17:22:29.713,12,1993,2,3,목,중기(8-14일),Female,1967-11-09 08:14:51.143,White,Single,Unknown,16.43,58.2,50대,Medium,K91,"Intraoperative and postprocedural complications and disorders of digestive system, not elsewhere classified",1.0,1.0,0.0,3.0,3.0,1.0,2.0,3.0,0.0,4.0,1.0,2.0,1.0,1.0,0.0,1.0,1.0,2.0,1.0,0.0,2.0,1.0,2.0,4.0,0.0,0.0,2.0,3.0,0.0,1.0,1.0,2.0,2.0,0.0,1.0,24.457142857142856,69.39999999999999,0.15999999999999998,0.29999999999999993,43.654545454545456,13.819999999999999,2.7076923076923074,29.7,32.75555555555555,86.57500000000002,0.6666666666666666,7.2124999999999995,284.91999999999996,13.16,4.811111111111111,7.884615384615386,3.6000000000000005,97.35555555555555,42.233333333333334,9.327272727272726,25.608333333333338,0.6555555555555556,19.64545454545454,8.954545454545455,26.933333333333337,103.29,0.7916666666666666,112.27777777777777,4.377777777777777,143.15454545454548,6.6909090909090905,6.333333333333333,2.1,1.0,3.6699999999999995,6.418945173691481,6.3349822414905,0.0699205898780101,0.16996731711975951,7.418404631234892,2.700123453967738,1.6265820700995173,6.4316923641190025,2.838182125547579,10.517434505212215,0.3055050463303894,4.159820566185174,107.85702264263246,2.2979217663890212,0.9905105305402415,2.657644995682629,0.9521904571390467,40.39465036088044,15.514528870081945,3.276611331571356,9.507935282348809,0.3972125095937662,8.508391579654011,1.6470359051117476,4.8602983447521,6.863988150727923,0.23915887961137822,28.100879780612644,0.729345216234702,8.511681812234716,1.0625013368975547,0.6893123494842635,1.019803902718557,0.0,1.7543913157813136,-5.300000000000001,-18.200000000000003,0.1,-0.3,4.199999999999996,1.6000000000000014,-1.1,6.100000000000001,3.0000000000000036,27.099999999999994,0.0,-7.299999999999999,-190.60000000000002,-3.5,-0.7999999999999998,-4.999999999999999,2.5,4.5,9.300000000000004,-8.2,17.199999999999996,0.4,-1.8999999999999986,-0.7999999999999998,10.7,-6.1000000000000085,0.0,-6.8999999999999915,-0.5,-14.099999999999994,1.2999999999999998,-0.5,-1.4000000000000001,0.0,1.1000000000000005,355,35,49.0,8.48070221158734
DCE5AEB8-6DB9-4106-8AE4-02CCC5C23741,2,2002-11-28 19:06:31.117,2002-12-04 19:14:40.797,6,2002,11,3,목,단기(4-7일),Female,1967-11-09 08:14:51.143,White,Single,Unknown,16.43,58.2,50대,Medium,F40.01,Agoraphobia with panic disorder,0.0,1.0,0.0,4.0,1.0,1.0,0.0,0.0,1.0,0.0,2.0,0.0,1.0,1.0,0.0,0.0,2.0,0.0,2.0,1.0,0.0,1.0,1.0,1.0,2.0,0.0,2.0,1.0,2.0,0.0,0.0,0.0,0.0,0.0,1.0,24.071428571428573,73.68,0.08571428571428573,0.3833333333333333,47.724999999999994,15.279999999999998,2.5599999999999996,30.414285714285715,32.666666666666664,85.65000000000002,0.6428571428571429,5.3500000000000005,334.7,13.728571428571428,4.933333333333334,7.0,4.942857142857143,93.82,35.17142857142857,9.166666666666666,22.18,0.62,19.84,9.583333333333334,23.64,104.44285714285715,0.9,89.35999999999999,4.433333333333334,142.82,7.766666666666667,6.033333333333332,1.5,1.0,2.38,5.856254287999649,6.082515926818442,0.08997354108424375,0.23166067138525404,6.317370233464767,2.6252618916976647,1.0502380682492898,6.812593380749254,2.2949219304078037,6.339952681211432,0.3866830866792722,2.211560535006899,99.38045582507658,2.4716487653078096,1.0327955589886446,1.0074720839804936,0.795523188132906,8.20713104562124,14.665346260909796,5.488412035066852,6.943486156103431,0.3898717737923586,8.635565991873376,1.7081178725915456,6.622537278113277,3.922948356724037,0.2683281572999748,24.56263422355184,1.1587349423689037,6.794262285193295,1.4665151436881472,0.6831300510639734,0.7483314773547882,0.0,2.063249863685928,-6.800000000000001,-1.7000000000000028,-0.2,0.30000000000000004,-13.900000000000006,-5.800000000000001,-1.9000000000000001,13.399999999999999,-3.5,-12.900000000000006,0.0,-1.4000000000000004,85.29999999999995,-1.8000000000000007,-0.7999999999999998,-1.8999999999999995,1.2000000000000002,-8.5,-12.5,-4.2,-12.099999999999998,0.5,2.6999999999999993,1.8999999999999995,4.100000000000001,0.7999999999999972,0.19999999999999996,-66.2,0.2999999999999998,17.599999999999994,-1.7999999999999998,-1.5,-0.19999999999999996,0.0,0.29999999999999993,202,35,28.0,6.837585273464091
DCE5AEB8-6DB9-4106-8AE4-02CCC5C23741,3,2011-07-19 18:42:45.287,2011-07-25 04:57:42.053,5,2011,7,1,화,단기(4-7일),Female,1967-11-09 08:14:51.143,White,Single,Unknown,16.43,58.2,50대,Medium,C40.11,Malignant neoplasm of short bones of right upper limb,1.0,0.0,0.0,2.0,0.0,0.0,1.0,1.0,1.0,1.0,1.0,2.0,2.0,2.0,0.0,0.0,0.0,0.0,2.0,1.0,1.0,0.0,1.0,1.0,0.0,0.0,0.0,1.0,0.0,0.0,0.0,1.0,1.0,0.0,0.0,23.9,67.6,0.15000000000000002,0.22499999999999998,46.3,13.2,1.3,30.240000000000002,32.833333333333336,87.825,0.7250000000000001,4.159999999999999,265.7,11.675,4.65,7.933333333333333,4.48,77.26,59.65,13.325,36.925,0.55,18.96666666666667,9.52,32.1,102.35000000000001,0.8000000000000002,99.35000000000001,4.24,137.64000000000001,7.3999999999999995,5.533333333333334,2.4,1.0,3.5599999999999996,5.131763829328079,6.172924752497796,0.1,0.18929694486000911,0.5656854249492386,2.914332399252586,0.632455532033676,4.8273180960032045,3.889301565405629,11.005263892035178,0.4272001872658766,3.461647006845152,153.58753204606163,2.818244134208391,1.322875655532295,3.0550504633038935,0.622093240599832,20.805960684380807,14.317937467852461,5.646459067415614,3.350994877147183,0.36968455021364727,8.277882176821155,1.9854470529329158,3.5930488446443376,6.494536165116027,0.10000000000000007,22.34678947858059,0.6913754406977446,6.766313619689824,0.9848857801796106,0.9025888691240697,1.243650540411842,0.0,1.9919839356781972,-3.299999999999997,4.700000000000003,0.2,0.1,-0.8000000000000043,-6.0,0.20000000000000007,-7.199999999999999,0.7999999999999972,-13.799999999999997,-1.0,0.0,89.80000000000001,0.5,0.9000000000000004,6.0,-0.2999999999999998,-13.0,21.900000000000006,-3.1999999999999993,5.5,0.09999999999999998,1.200000000000001,3.8999999999999995,1.1000000000000014,7.6000000000000085,-0.20000000000000007,-21.799999999999997,-1.0,-1.1999999999999886,0.5,1.0,2.0,0.0,-0.10000000000000053,150,35,23.0,8.588357820601958
886B5885-1EE2-49F3-98D5-A2F02EB8A9D4,1,1994-12-03 22:20:46.077,1994-12-20 20:24:56.010,16,1994,12,5,토,장기(15-30일),Female,1970-04-27 09:15:11.080,Unknown,Married,English,10.35,55.8,50대,Medium,M05.752,Rheumatoid arthritis with rheumatoid factor of left hip without organ or systems involvement,3.0,1.0,0.0,4.0,2.0,1.0,1.0,3.0,1.0,1.0,1.0,2.0,4.0,0.0,1.0,0.0,1.0,1.0,2.0,1.0,2.0,2.0,1.0,1.0,0.0,0.0,3.0,2.0,3.0,2.0,0.0,5.0,0.0,0.0,3.0,24.325000000000003,69.78333333333335,0.11818181818181818,0.38181818181818183,43.34615384615385,14.833333333333334,2.51,34.2,33.24,80.86428571428571,0.5833333333333334,5.666666666666667,281.3642857142857,13.225000000000001,5.13,7.19,4.869230769230769,90.59285714285716,49.34166666666666,9.972727272727273,25.892307692307693,0.525,13.91666666666667,9.342857142857142,25.9375,101.61666666666666,0.8214285714285714,90.58333333333331,4.046153846153846,137.2,7.927272727272726,6.12,1.6133333333333335,1.0,2.8928571428571423,7.005987698844726,6.03472275981911,0.07507571935295483,0.18340219092574556,7.916713899994047,2.95296461204668,1.2413702106946178,4.691891532617326,2.8979686372047273,7.12693775462097,0.30993645487519866,3.3021572379646646,110.27837926840388,2.2255234317918435,1.10760000802536,2.5247442114664476,0.876911830787086,31.277749876911503,19.231577174170102,4.713828785412323,9.40207969356262,0.4301162633521314,6.863849083599103,1.4383293116637819,4.799386121459404,6.901624753811546,0.22592909516916154,19.600966271790757,1.0413255851840835,9.440257493228746,1.1824473849528443,1.0543786254065883,0.7605136109110423,0.0,1.9116904664616707,15.599999999999998,-1.2000000000000028,0.0,-0.4,-15.299999999999997,0.8999999999999986,1.0999999999999996,9.899999999999999,0.10000000000000142,16.200000000000003,0.5,6.1000000000000005,304.70000000000005,1.5999999999999996,1.8999999999999995,3.6999999999999997,-0.2999999999999998,-14.799999999999997,25.9,2.2,-4.899999999999999,-0.8999999999999999,4.299999999999997,-3.6999999999999993,11.999999999999996,-11.599999999999994,-0.30000000000000004,15.299999999999997,-0.2999999999999998,-12.299999999999983,-2.5,-1.4000000000000004,0.5,0.0,4.1,424,35,54.0,8.029381058756652
886B5885-1EE2-49F3-98D5-A2F02EB8A9D4,2,2007-10-26 23:43:13.310,2007-11-01 06:54:26.723,5,2007,10,4,금,단기(4-7일),Female,1970-04-27 09:15:11.080,Unknown,Married,English,10.35,55.8,50대,Medium,I97.81,Intraoperative cerebrovascular infarction,3.0,2.0,0.0,2.0,1.0,2.0,1.0,2.0,1.0,1.0,0.0,0.0,0.0,1.0,0.0,0.0,0.0,1.0,0.0,0.0,0.0,1.0,0.0,0.0,0.0,1.0,1.0,1.0,1.0,0.0,1.0,2.0,1.0,0.0,0.0,24.78,65.14000000000001,0.13333333333333333,0.2,40.733333333333334,14.939999999999998,2.625,31.54,31.883333333333336,88.63333333333333,0.675,6.683333333333334,266.06,9.8,4.1,6.9,4.375,62.333333333333336,51.5,9.116666666666665,29.95,0.325,20.125,8.559999999999999,26.24,107.43999999999998,0.8666666666666666,107.31666666666666,4.58,143.00000000000003,7.616666666666666,6.0200000000000005,2.425,1.0,2.2833333333333337,8.651416069060602,4.876269065586923,0.05773502691896258,0.12247448713915891,7.748462213024382,3.450072463007117,1.4930394055974097,6.626311191002124,2.2815930107419833,10.823985710756768,0.2362907813126304,3.2046320641637887,73.55024133203098,0.2828427124746199,0.29439202887759497,1.726267650163207,0.6701989754294365,19.624559443038038,14.709634031250856,3.9871878143205977,3.692785759649029,0.3403429642777023,6.14891589360813,0.6913754406977444,5.6411878181815585,6.683038231223881,0.20655911179772887,29.384514062115564,0.8584870412533904,6.3079315151640785,1.474336008739753,1.0709808588392231,1.0210288928331068,0.0,0.9196013629104007,11.7,10.599999999999994,0.0,0.2,-7.699999999999999,-5.5,-2.5999999999999996,-10.600000000000001,0.09999999999999432,0.7000000000000028,0.0,-5.1,-28.099999999999994,-0.40000000000000036,-0.2999999999999998,-4.1000000000000005,-1.0999999999999996,-21.299999999999997,35.6,8.100000000000001,-5.199999999999999,0.6000000000000001,13.900000000000002,-1.4999999999999991,8.099999999999998,0.09999999999999432,-0.20000000000000007,-13.400000000000006,-2.0000000000000004,-17.5,-0.09999999999999964,1.8999999999999995,-0.2999999999999998,0.0,-1.5,168,35,26.0,6.538819726776813
886B5885-1EE2-49F3-98D5-A2F02EB8A9D4,3,2009-05-24 16:55:08.567,2009-05-26 20:15:49.657,2,2009,5,6,일,초단기(~3일),Female,1970-04-27 09:15:11.080,Unknown,Married,English,10.35,55.8,50대,Medium,D37.02,Neoplasm of uncertain behavior of tongue,0.0,1.0,0.0,0.0,0.0,1.0,0.0,0.0,0.0,0.0,0.0,0.0,0.0,1.0,0.0,0.0,1.0,0.0,0.0,0.0,0.0,0.0,1.0,0.0,0.0,0.0,0.0,0.0,0.0,0.0,0.0,1.0,1.0,0.0,1.0,27.46666666666667,64.80000000000001,0.05,0.35,38.1,19.0,2.1666666666666665,28.9,34.5,84.10000000000001,0.7000000000000001,6.366666666666667,328.9,12.5,5.6000000000000005,5.8,3.5666666666666664,97.36666666666666,41.9,16.2,26.15,0.43333333333333335,22.6,9.35,26.799999999999997,96.25,0.75,95.1,4.033333333333333,143.35,5.4,5.65,0.2,1.0,3.15,9.038989619052195,5.091168824543139,0.07071067811865477,0.21213203435596423,7.0710678118654755,,0.5131601439446886,5.656854249492381,6.646803743153547,9.440868604106297,0.17320508075688776,1.8903262505010432,5.232590180780456,4.949747468305833,1.493318452306808,2.1656407827707715,1.123981020005824,25.066777482024545,12.869343417595168,,8.131727983645296,0.41633319989322654,8.48528137423857,2.333452377915607,5.51543289325507,0.9192388155425198,0.21213203435596428,36.34528855298854,0.650640709864771,1.0606601717798212,,1.3435028842544403,,0.0,3.4648232278140827,2.1000000000000014,7.200000000000003,-0.1,-0.3,10.0,0.0,-0.6999999999999997,8.0,-9.400000000000002,0.29999999999999716,0.0,-2.8,-7.400000000000034,7.0,-2.3000000000000003,2.5999999999999996,1.5,-49.39999999999999,18.200000000000003,0.0,11.5,0.6000000000000001,-12.0,3.3,-7.800000000000001,1.3000000000000114,-0.30000000000000004,51.39999999999999,-1.3000000000000003,-1.5,0.0,-1.8999999999999995,0.0,0.0,4.8999999999999995,77,35,8.0,5.405974195781536
0E0EADE8-5592-4E0B-9F88-D7596E32EE08,1,1970-05-12 08:54:02.500,1970-05-23 21:22:35.027,11,1970,5,1,화,중기(8-14일),Female,1942-07-13 21:15:37.517,White,Married,Spanish,18.8,83.5,70세~,Medium,C94.6,"Myelodysplastic disease, not classified",1.0,1.0,0.0,3.0,1.0,3.0,1.0,2.0,1.0,0.0,0.0,2.0,2.0,2.0,0.0,1.0,1.0,0.0,0.0,1.0,2.0,2.0,0.0,0.0,2.0,1.0,2.0,4.0,0.0,1.0,0.0,2.0,0.0,0.0,1.0,23.229999999999997,68.41666666666667,0.12000000000000002,0.36666666666666664,41.5625,13.91111111111111,2.8,31.6875,33.728571428571435,88.57777777777777,0.8,7.544444444444443,310.76,13.68888888888889,4.687499999999999,7.728571428571428,4.158333333333333,106.4,52.6875,12.200000000000001,28.911111111111104,0.51,18.18888888888889,10.285714285714283,29.0,104.525,0.76,96.26249999999999,4.522222222222222,135.475,8.4625,5.6000000000000005,2.05,1.0,2.327272727272727,5.4652538824834105,5.36009384811554,0.06324555320336758,0.17320508075688773,6.287842578000367,3.2563186439768312,1.1941524190822543,5.807738064734965,3.9550450000449997,5.548598421623643,0.2618614682831909,2.99796227090632,137.89901377457346,2.8519486515558294,0.7735585673643962,2.8668881420536123,1.2086493839543928,23.303504743564503,18.07796112871771,4.640402281411961,10.50683639879822,0.38137179293236206,4.8914324191499485,0.9370673604897561,6.546536707079771,7.235576786170635,0.20655911179772893,30.40150078532308,0.6280481227138925,6.650832386143218,0.7190022849159003,0.8992059989632123,1.051189802081432,0.0,1.640177374000086,-5.900000000000002,8.400000000000006,0.0,0.0,0.7000000000000028,-4.0,-1.4,4.699999999999996,4.699999999999996,-6.199999999999989,0.5,-7.6,-271.1,0.09999999999999964,0.2999999999999998,-3.6999999999999993,1.7000000000000002,18.099999999999994,35.800000000000004,-5.900000000000002,2.6999999999999957,-0.2,0.6999999999999993,-0.40000000000000036,11.700000000000003,1.5,-0.30000000000000004,-41.69999999999999,0.5999999999999996,1.6999999999999886,-0.20000000000000107,0.5999999999999996,-0.3999999999999999,0.0,-3.3,306,35,39.0,8.705388035284766
0E0EADE8-5592-4E0B-9F88-D7596E32EE08,2,2002-01-09 00:46:30.870,2002-01-12 19:17:15.703,3,2002,1,2,수,초단기(~3일),Female,1942-07-13 21:15:37.517,White,Married,Spanish,18.8,83.5,70세~,Medium,M05.49,Rheumatoid myopathy with rheumatoid arthritis of multiple sites,0.0,1.0,0.0,0.0,0.0,0.0,0.0,1.0,1.0,1.0,0.0,0.0,0.0,0.0,3.0,0.0,0.0,0.0,0.0,0.0,0.0,0.0,0.0,1.0,0.0,0.0,1.0,2.0,0.0,0.0,0.0,0.0,1.0,0.0,1.0,30.4,75.5,0.15000000000000002,0.30000000000000004,39.76666666666667,13.7,3.4,32.125,36.96666666666667,76.83333333333333,0.5333333333333333,9.35,226.66666666666666,12.625,3.1333333333333333,6.35,4.733333333333333,90.7,48.25,10.433333333333332,29.349999999999998,0.44999999999999996,19.1,8.675,28.375,105.35,1.0,106.26666666666665,4.866666666666666,140.575,7.566666666666667,6.333333333333333,2.1,1.0,3.9333333333333336,3.8183766184073593,5.1127292124656885,0.07071067811865475,0.14142135623730953,7.124839179471586,2.8390139133156773,0.754983443527075,5.303693681451322,2.8746014216467186,7.170309151866,0.23094010767585033,0.21213203435596475,86.37368426397782,2.1391197566600457,0.05773502691896269,2.4748737341529163,0.152752523165195,32.21769700025128,12.756305630288628,4.041451884327381,9.178779875342908,0.21213203435596428,,1.7346949779908478,5.20984644687346,3.3010099464658795,0.2,38.09545029702802,0.6806859285554049,10.657196316730452,1.3051181300301264,0.2516611478423583,1.1532562594670794,0.0,1.7616280348965085,5.400000000000002,-2.5,0.1,-0.2,10.7,-5.299999999999999,0.9000000000000004,3.8000000000000043,5.700000000000003,-12.799999999999997,0.0,-0.3000000000000007,148.99999999999997,-3.5,0.10000000000000009,-3.5,-0.20000000000000018,-31.099999999999994,-13.5,-8.0,-12.399999999999999,0.3,0.0,-2.8000000000000007,10.200000000000003,-2.1999999999999886,-0.3999999999999999,-53.300000000000004,0.3000000000000007,0.09999999999999432,2.6000000000000005,-0.2999999999999998,1.2999999999999998,0.0,-0.8999999999999999,108,35,13.0,7.341436176878249
0E0EADE8-5592-4E0B-9F88-D7596E32EE08,3,2008-02-27 05:36:05.627,2008-03-07 01:56:29.463,8,2008,2,2,수,중기(8-14일),Female,1942-07-13 21:15:37.517,White,Married,Spanish,18.8,83.5,70세~,Medium,M84.51,"Pathological fracture in neoplastic disease, shoulder",1.0,1.0,0.0,0.0,1.0,2.0,0.0,1.0,0.0,2.0,1.0,0.0,1.0,0.0,1.0,0.0,1.0,2.0,1.0,1.0,1.0,0.0,1.0,0.0,1.0,0.0,0.0,2.0,0.0,2.0,1.0,0.0,0.0,0.0,1.0,22.742857142857144,71.075,0.11666666666666665,0.3166666666666667,37.519999999999996,15.1375,2.6,30.350000000000005,33.175,86.51111111111112,0.6571428571428571,7.028571428571427,276.68333333333334,13.700000000000001,5.1,7.566666666666667,4.35,104.8,41.92222222222222,8.325000000000001,25.8,0.525,17.6125,9.033333333333333,24.35,104.47142857142856,0.8,94.25714285714287,4.824999999999999,138.8125,7.516666666666666,5.95,2.0250000000000004,1.0,2.1666666666666665,4.954074801903697,5.354237307297573,0.07527726527090811,0.09831920802501748,6.1961278230843515,3.404592486627438,1.0033277962194942,5.3843291132693585,2.930728009670409,8.68827434598558,0.3408672412985387,2.658768064169498,109.78120816727547,2.1213203435596433,1.291731949195122,1.9397594352565135,1.0902162301907952,39.14562555382146,16.10044857898203,3.488655082652093,8.802556446851108,0.324037034920393,6.104199374201338,1.132548748031036,4.079565803226754,6.549227508063911,0.16329931618554522,27.996062648335453,0.9837973078114939,10.050364243577015,1.4729788412148588,0.8938679992034617,0.8207139748849344,0.0,1.9158983967493337,-8.100000000000001,-5.0,0.0,0.2,13.100000000000001,6.200000000000001,2.3,0.8000000000000043,2.0,-16.900000000000006,-0.10000000000000009,-2.7,125.00000000000003,-5.1,0.9000000000000004,0.29999999999999893,-0.3999999999999999,93.5,12.399999999999999,-4.6000000000000005,4.600000000000001,0.7,-14.599999999999998,1.0999999999999996,6.400000000000002,-13.200000000000003,-0.10000000000000009,55.10000000000001,-0.40000000000000036,16.900000000000006,3.000000000000001,-1.5999999999999996,1.7000000000000002,0.0,3.6,239,35,25.0,8.209628755628906
0681FA35-A794-4684-97BD-00B88370DB41,1,1998-06-21 17:02:06.170,1998-07-09 14:19:27.510,17,1998,6,6,일,장기(15-30일),Female,1978-10-02 21:46:05.300,Asian,Unknown,Spanish,19.16,47.3,40대,Medium,C92.51,"Acute myelomonocytic leukemia, in remission",1.0,1.0,0.0,3.0,1.0,1.0,2.0,4.0,2.0,1.0,2.0,3.0,1.0,2.0,3.0,3.0,0.0,2.0,1.0,0.0,2.0,0.0,3.0,3.0,1.0,3.0,1.0,2.0,3.0,3.0,2.0,1.0,4.0,0.0,2.0,24.953846153846147,68.26363636363637,0.12000000000000001,0.3600000000000001,44.49230769230769,15.261538461538462,2.0764705882352943,29.283333333333328,35.95384615384616,85.33333333333333,0.6461538461538462,6.7700000000000005,330.4866666666667,12.758333333333333,4.877777777777778,6.936363636363635,4.384615384615384,96.61666666666667,38.85,11.773333333333335,27.293333333333337,0.6866666666666668,18.664285714285715,9.566666666666666,28.085714285714285,103.08333333333331,0.8599999999999999,104.13571428571427,4.473333333333334,139.53333333333333,7.113333333333334,6.120000000000001,1.9933333333333332,1.0,2.9076923076923076,5.841891158494166,6.064201963535307,0.06761234037828133,0.13522468075656266,6.945077577975826,2.6936773073063955,1.1116032406870189,6.736985208308661,3.2477210945049304,9.405982139043218,0.37774635364528364,3.214221868854454,79.4090033278583,2.507247071747792,1.4609738000540748,3.136645573625661,0.959032632262109,36.020318340255315,17.756516800568992,3.147667314664865,8.646177245024587,0.2722044049886741,6.289748330890042,1.79409806833068,5.7496297061847175,8.280078319055743,0.19566735620873071,23.49568232488872,1.043665700901441,8.337065830774431,1.3705403869937407,0.7466113925119089,1.183497641174948,0.0,1.951692230886459,-10.7,-2.700000000000003,-0.1,-0.19999999999999996,17.6,0.5,0.30000000000000004,2.1000000000000014,-6.9999999999999964,14.799999999999997,-0.9,-2.8,-115.60000000000002,-4.1,1.6999999999999997,-7.0,2.1,-37.69999999999999,-9.399999999999999,-2.3000000000000007,22.2,0.09999999999999998,1.9000000000000004,-0.1999999999999993,12.3,-4.900000000000006,0.0,37.8,-1.4,-16.5,0.7000000000000002,1.6000000000000005,0.0,0.0,-0.7999999999999998,467,35,63.0,7.417020249524059
0681FA35-A794-4684-97BD-00B88370DB41,2,2010-11-06 11:41:58.847,2010-11-21 17:39:59.450,15,2010,11,5,토,장기(15-30일),Female,1978-10-02 21:46:05.300,Asian,Unknown,Spanish,19.16,47.3,40대,Medium,M02.38,"Reiter's disease, vertebrae",2.0,1.0,0.0,3.0,1.0,0.0,2.0,2.0,1.0,4.0,1.0,2.0,4.0,2.0,0.0,1.0,1.0,1.0,1.0,3.0,0.0,2.0,2.0,2.0,1.0,1.0,3.0,0.0,1.0,3.0,3.0,2.0,2.0,0.0,1.0,23.73076923076923,72.28571428571429,0.10909090909090909,0.39999999999999997,41.12727272727273,15.271428571428569,3.3333333333333335,33.224999999999994,33.7,85.62857142857145,0.7066666666666668,5.733333333333333,253.06428571428572,13.6,4.62,6.133333333333332,4.45,101.46,42.93076923076923,12.518749999999999,28.233333333333334,0.6461538461538462,15.518181818181818,9.528571428571428,26.627272727272725,102.88333333333334,0.823076923076923,105.77272727272727,4.546153846153846,140.45624999999998,8.412500000000001,6.133333333333334,1.7384615384615383,1.0,3.409090909090909,5.825716639090366,5.306723912294543,0.05393598899705937,0.17580981459830652,6.931823845005141,1.6977036850398268,1.2886450483380056,5.232959357415614,3.499142752160877,9.364205873876955,0.30814344217000783,2.7337398071750236,110.01906553056966,2.122891110412088,0.6178303049497377,2.2856601725196213,1.01356188380764,32.36671129416765,19.9846351236554,4.160163258014441,8.770703397974309,0.39075863098888514,6.877036888343436,1.2934322684110804,5.444279733645381,7.068474611493864,0.2350668208327374,19.216664169886037,0.8402533195564545,9.249502238859487,1.6154941747253158,0.9354953314429286,1.0251328869456078,0.0,1.849029229327944,8.399999999999999,5.600000000000001,0.0,0.0,-11.800000000000004,0.5,1.0,7.399999999999999,-2.5,1.5,-0.8,-5.1000000000000005,132.89999999999998,-2.8999999999999986,0.5,-4.6,-0.7000000000000002,-72.30000000000001,-17.800000000000004,2.6999999999999993,-14.399999999999999,-0.5000000000000001,-19.6,-0.7000000000000011,-3.1999999999999993,-4.8999999999999915,0.30000000000000004,52.0,-2.1000000000000005,-15.800000000000011,-3.299999999999999,2.5,-2.1,0.0,4.0,446,35,55.0,7.9942969299054685
2E26695A-EFB0-4C7F-9318-E3030B154E39,1,1988-01-01 21:46:12.720,1988-01-04 08:06:58.813,2,1988,1,4,금,초단기(~3일),Female,1963-06-28 05:37:36.843,Asian,Married,English,14.2,62.6,60대,Medium,D12.7,Benign neoplasm of rectosigmoid junction,0.0,1.0,0.0,2.0,0.0,1.0,0.0,0.0,1.0,0.0,0.0,0.0,,1.0,0.0,0.0,0.0,0.0,0.0,0.0,0.0,0.0,0.0,0.0,0.0,0.0,0.0,0.0,1.0,0.0,0.0,0.0,2.0,0.0,1.0,31.9,68.23333333333333,0.15000000000000002,0.35,39.3,15.9,4.066666666666666,28.65,29.700000000000003,81.76666666666667,0.9,6.35,,15.6,5.5,7.1,4.55,117.3,58.800000000000004,10.533333333333333,20.4,0.7000000000000001,16.933333333333334,9.05,19.9,103.06666666666666,0.8,96.5,4.6000000000000005,135.75,6.166666666666667,6.033333333333334,0.43333333333333335,1.0,3.8333333333333335,0.565685424949236,6.470188044665572,0.07071067811865475,0.35355339059327373,1.6970562748477105,2.424871130596429,0.20816659994661307,2.050609665440988,1.5556349186104028,5.315386470740707,0.2828427124746191,3.181980515339464,,1.8384776310850222,1.6970562748477143,0.28284271247461834,1.0606601717798212,,5.624055476255546,2.80237994093116,2.4041630560342617,0.5656854249492381,4.118656738954257,0.07071067811865388,,7.10023473790362,0.0,,1.1789826122551597,0.07071067811867082,1.2423096769056148,0.8082903768654762,0.6658328118479392,0.0,1.5947831618540913,-0.7999999999999972,11.799999999999997,0.1,-0.5,-2.3999999999999986,-4.199999999999999,-0.2999999999999998,-2.900000000000002,2.1999999999999993,0.4000000000000057,0.40000000000000013,-4.5,,-2.599999999999998,2.4000000000000004,-0.39999999999999947,-1.5,0.0,-4.699999999999996,4.0,-3.400000000000002,0.8,-6.699999999999999,0.09999999999999964,0.0,-7.200000000000003,0.0,0.0,-1.6000000000000005,-0.10000000000002274,-2.0999999999999996,1.4000000000000004,1.0999999999999999,0.0,-2.1999999999999997,79,34,10.0,1.8484683221775655
2E26695A-EFB0-4C7F-9318-E3030B154E39,2,2012-10-16 18:00:50.050,2012-10-28 15:50:09.043,11,2012,10,1,화,중기(8-14일),Female,1963-06-28 05:37:36.843,Asian,Married,English,14.2,62.6,60대,Medium,C38.2,Malignant neoplasm of posterior mediastinum,2.0,0.0,0.0,3.0,0.0,2.0,1.0,0.0,1.0,1.0,0.0,2.0,0.0,3.0,2.0,4.0,0.0,2.0,2.0,2.0,3.0,0.0,4.0,2.0,2.0,0.0,2.0,2.0,1.0,1.0,3.0,0.0,2.0,0.0,2.0,25.72,66.77272727272727,0.09166666666666666,0.42000000000000004,42.00909090909091,13.68888888888889,3.063636363636363,34.05555555555555,33.05833333333333,79.30000000000001,0.4700000000000001,6.4399999999999995,307.6909090909091,12.020000000000001,4.46,8.666666666666666,4.075,107.75,42.791666666666664,9.249999999999998,25.979999999999997,0.5818181818181818,20.46,9.245454545454544,29.52,102.68181818181819,0.9333333333333333,94.725,4.990909090909091,136.92857142857142,6.5375000000000005,5.458333333333333,1.8777777777777775,1.0,3.8300000000000005,6.087290950095216,4.929927161549326,0.0792961461098759,0.15491933384829668,7.149748883066392,2.7131367660166177,1.1526254615205471,2.812521604855291,2.664056487707602,6.95970545353753,0.2750757471437034,3.6576252162054854,85.13035245487306,2.4818451916982163,1.2357633718115741,3.2080391443240135,0.8001420328462147,30.232001073182182,17.35168099445507,4.175390866600263,10.882483376713445,0.3709937514788675,8.941563373121927,1.4841587761177286,4.792772336202364,6.0507550242623775,0.21213203435596428,26.874137859925586,0.7395330221897405,9.185806857268869,1.4598801320656434,0.7366488411390569,1.1638060166730726,0.0,1.8767880363358387,-7.600000000000001,-1.7999999999999972,0.0,0.39999999999999997,1.1000000000000014,-2.299999999999999,1.7000000000000002,-2.3000000000000043,-5.0,7.599999999999994,0.10000000000000003,2.5,-14.199999999999989,0.20000000000000107,2.9,-1.299999999999999,-0.40000000000000036,70.1,-11.099999999999998,9.200000000000001,-12.0,-0.8,2.3000000000000007,0.5999999999999996,-4.899999999999999,-10.300000000000011,0.10000000000000009,-57.30000000000001,-2.3000000000000003,-17.200000000000003,-3.7,0.20000000000000018,0.5,0.0,2.5999999999999996,356,35,51.0,7.372074393694199
DDC0BC57-7A4E-4E02-9282-177750B74FBC,1,1947-03-19 13:22:34.717,1947-03-26 22:43:46.597,7,1947,3,2,수,단기(4-7일),Male,1921-03-26 14:38:51.803,White,Single,English,18.41,104.8,70세~,Medium,C79.72,Secondary malignant neoplasm of left adrenal gland,0.0,1.0,0.0,3.0,0.0,1.0,1.0,2.0,1.0,1.0,0.0,4.0,1.0,2.0,1.0,0.0,1.0,2.0,1.0,0.0,0.0,1.0,1.0,1.0,0.0,0.0,1.0,0.0,1.0,2.0,0.0,0.0,1.0,0.0,1.0,23.799999999999997,64.875,0.07142857142857142,0.41666666666666674,38.779999999999994,14.5,2.56,30.985714285714288,34.56,93.59999999999998,0.7166666666666667,2.883333333333334,259.55,12.171428571428569,5.0249999999999995,6.35,4.557142857142858,120.10000000000002,44.45714285714286,12.22,24.849999999999998,0.42000000000000004,20.966666666666665,9.716666666666667,27.266666666666666,100.91666666666667,0.8166666666666668,94.36,4.357142857142857,139.275,7.666666666666667,5.82,1.5999999999999999,1.0,2.6571428571428575,5.759513868374658,5.318129370370751,0.07559289460184546,0.19407902170679517,3.557667775383194,3.95558676641869,1.6425589791541735,5.252119753467347,4.502554830315787,5.068530358989682,0.2714160398109638,2.496731196317831,120.56141588418744,2.5368709635522038,0.9617692030835675,2.1460927952244484,1.1858290248558079,36.03105803133101,15.868402266018798,3.530863916947239,5.7961193914549405,0.3420526275297414,6.149688338986512,1.6821613081588425,5.241246671037977,7.613781364517019,0.18348478592697182,26.107527650085906,0.9126100716391108,12.25544096853856,1.3155480480266266,0.6058052492344386,1.1661903789690602,0.0,2.023904759663971,9.899999999999999,-2.3000000000000043,0.1,-0.5,1.4000000000000057,4.900000000000002,1.4,-3.8999999999999986,-1.5,5.799999999999997,0.09999999999999998,-5.6,83.79999999999998,-2.5999999999999996,-0.2999999999999998,-4.500000000000001,0.09999999999999964,68.69999999999999,-24.799999999999997,0.29999999999999893,-9.799999999999997,0.3,-16.299999999999997,0.1999999999999993,-11.0,1.7999999999999972,0.0,-52.8,-1.0,9.099999999999994,-1.5,-0.5,2.5,0.0,3.0,208,35,31.0,8.351781272968054
DDC0BC57-7A4E-4E02-9282-177750B74FBC,2,1999-09-02 00:00:01.583,1999-09-05 01:26:43.363,3,1999,9,3,목,초단기(~3일),Male,1921-03-26 14:38:51.803,White,Single,English,18.41,104.8,70세~,Medium,B95.62,Methicillin resistant Staphylococcus aureus infection as the cause of diseases classified elsewhere,0.0,0.0,0.0,2.0,0.0,1.0,0.0,1.0,0.0,0.0,0.0,0.0,0.0,0.0,0.0,1.0,0.0,1.0,0.0,2.0,0.0,0.0,0.0,0.0,0.0,0.0,0.0,0.0,0.0,0.0,1.0,2.0,0.0,0.0,0.0,22.950000000000003,69.17500000000001,0.125,0.22499999999999998,46.70000000000001,17.25,3.05,27.325000000000003,35.833333333333336,95.6,0.475,7.2,231.5,13.333333333333334,5.2,7.166666666666667,4.2,74.15,49.3,3.6,18.700000000000003,0.45,10.85,9.299999999999999,29.15,108.86666666666667,0.9,101.73333333333333,5.3999999999999995,134.39999999999998,7.233333333333334,6.225,1.866666666666667,1.0,1.8999999999999997,6.151828996322964,6.061559205353029,0.09574271077563382,0.15000000000000002,3.536947836765484,2.050609665440987,0.9192388155425119,4.231922337031561,1.8175074506954119,,0.30956959368344517,,147.39806647307148,2.1455380055672126,1.1313708498984758,3.9399661589071213,0.7937253933193769,31.76439306309294,,0.0,2.9698484809835004,0.07071067811865474,2.333452377915607,0.7549834435270749,5.444722215136414,2.4214320831552034,0.0,4.100406483915145,0.1000000000000002,6.081118318204294,2.396525262402492,1.2093386622447826,0.4932882862316247,0.0,1.4730919862656235,-8.7,-6.3999999999999915,-0.1,0.19999999999999998,-6.900000000000006,2.8999999999999986,-1.3000000000000003,-6.899999999999999,2.6000000000000014,0.0,-0.7,0.0,254.89999999999998,0.40000000000000036,1.5999999999999996,7.7,1.1999999999999997,29.39999999999999,0.0,0.0,-4.199999999999999,-0.09999999999999998,-3.3000000000000007,0.5999999999999996,-7.699999999999999,3.8000000000000114,0.0,-4.200000000000003,-0.20000000000000018,-8.599999999999994,-4.1,0.2999999999999998,0.9000000000000001,0.0,1.0,95,35,11.0,7.573340776049001
DDC0BC57-7A4E-4E02-9282-177750B74FBC,3,2005-07-28 01:50:58.930,2005-08-06 09:47:44.790,9,2005,7,3,목,중기(8-14일),Male,1921-03-26 14:38:51.803,White,Single,English,18.41,104.8,70세~,Medium,C05.1,Malignant neoplasm of soft palate,1.0,1.0,0.0,0.0,1.0,0.0,1.0,1.0,0.0,1.0,0.0,0.0,0.0,2.0,0.0,3.0,0.0,1.0,0.0,1.0,2.0,0.0,1.0,1.0,1.0,1.0,3.0,1.0,2.0,0.0,0.0,1.0,1.0,0.0,0.0,27.67142857142857,72.01428571428572,0.11249999999999999,0.3,41.625,15.5,2.0142857142857142,26.920000000000005,35.599999999999994,86.11249999999998,0.4999999999999999,6.6000000000000005,337.95714285714286,12.2,5.7,9.100000000000001,4.542857142857143,102.57499999999999,46.53333333333333,10.125,25.055555555555557,0.6142857142857144,18.4,9.950000000000001,23.471428571428568,105.60000000000001,0.7333333333333332,99.62857142857145,4.38,138.1,7.928571428571428,5.14,1.3285714285714287,1.0,3.099999999999999,5.400837677531849,6.318076862313026,0.08345229603962802,0.1,6.980329505116503,2.6359059163786562,1.34465431918216,6.050371889396553,4.264680527307994,9.942181062810825,0.29154759474226505,2.5707141864803695,68.21492644924709,2.1385353243127248,0.9565563234854497,3.021037349432586,0.6528326555791126,28.331696031123865,10.292651100016295,4.983042673479155,9.987380926838517,0.42594432902501644,8.810545629285071,1.2275992831539124,6.200192009315594,7.551915556428617,0.2449489742783178,24.771940731784575,0.9077444574328171,10.525841217372285,0.9844021632684578,0.4615192303685732,0.7364651739090943,0.0,1.8312108926427162,-1.9000000000000021,-7.699999999999989,0.2,0.0,8.0,2.4000000000000004,-0.8999999999999999,-2.900000000000002,-9.5,-26.5,-0.39999999999999997,2.8000000000000007,1.1999999999999886,1.5,0.20000000000000018,6.8999999999999995,0.3999999999999999,20.799999999999983,-10.399999999999999,2.5999999999999996,18.799999999999997,1.0,-18.0,-1.3000000000000007,1.8000000000000007,-1.5999999999999943,-0.4,53.8,-1.0,-1.700000000000017,-1.0,0.2999999999999998,-1.2000000000000002,0.0,-0.6,252,35,27.0,6.835476580545134
DDC0BC57-7A4E-4E02-9282-177750B74FBC,4,2009-04-09 19:08:50.537,2009-04-16 20:22:37.603,7,2009,4,3,목,단기(4-7일),Male,1921-03-26 14:38:51.803,White,Single,English,18.41,104.8,70세~,Medium,A52.0,Cardiovascular and cerebrovascular syphilis,1.0,1.0,0.0,1.0,0.0,1.0,0.0,0.0,0.0,2.0,1.0,1.0,0.0,1.0,0.0,1.0,3.0,1.0,2.0,1.0,0.0,0.0,3.0,1.0,0.0,3.0,1.0,0.0,2.0,1.0,0.0,1.0,1.0,0.0,0.0,23.942857142857143,65.90000000000002,0.11666666666666665,0.4,40.614285714285714,14.671428571428574,2.6000000000000005,33.13333333333333,35.325,84.39999999999999,0.47142857142857153,5.75,348.55,11.833333333333334,4.814285714285714,6.833333333333333,4.514285714285714,105.86250000000001,29.440000000000005,9.6,27.200000000000003,0.35000000000000003,24.62857142857143,9.120000000000001,24.03333333333333,98.00000000000001,0.76,97.25,4.066666666666666,144.76666666666665,7.666666666666667,6.36,2.3857142857142857,1.0,3.0,5.322235477333794,3.655133376499417,0.07527726527090811,0.1632993161855452,5.556506267859501,2.8069641285644567,1.1510864433221337,3.7898988552906463,1.0144785195688797,11.09324118551472,0.36384193323605846,3.5234925854895733,70.78138879677343,2.138535324312725,1.0838643387259794,2.4262453846770455,1.3704361488574495,27.380542491756017,17.83319937644393,5.808183881386676,5.6586217403180425,0.19148542155126763,5.575755340673371,1.6694310408040218,5.805399785257399,11.007573150638908,0.1816590212458495,22.212406443246973,0.9688481133111971,9.45804771962304,0.8238122763510307,0.9710818709048175,0.947678868655009,0.0,1.3771952173409063,14.3,1.8999999999999915,0.0,0.3,6.400000000000006,-1.5999999999999996,1.4,4.700000000000003,-0.29999999999999716,19.200000000000003,0.4,-2.5,100.10000000000002,2.8000000000000007,0.9000000000000004,-2.5,-2.9,63.999999999999986,-3.299999999999999,4.200000000000001,4.799999999999997,-0.4,8.3,-1.200000000000001,7.100000000000001,0.09999999999999432,0.30000000000000004,-28.69999999999999,0.20000000000000018,-16.0,0.0,-2.5,-2.6,0.0,0.7000000000000002,200,35,30.0,6.691052774485448
E250799D-F6DE-4914-ADB4-B08A6E5029B9,1,1967-06-02 08:43:45.987,1967-06-14 09:59:12.247,12,1967,6,4,금,중기(8-14일),Female,1945-08-04 19:03:00.757,White,Single,Unknown,12.86,80.5,70세~,Medium,M06.31,"Rheumatoid nodule, shoulder",1.0,1.0,0.0,1.0,0.0,1.0,2.0,3.0,2.0,1.0,0.0,1.0,1.0,4.0,1.0,2.0,1.0,0.0,1.0,3.0,1.0,0.0,1.0,0.0,1.0,3.0,1.0,0.0,1.0,1.0,0.0,2.0,2.0,0.0,0.0,26.509090909090904,71.47999999999999,0.09,0.3444444444444444,42.24999999999999,14.281818181818183,2.66,29.174999999999997,34.47692307692308,91.4090909090909,0.6333333333333333,7.470000000000001,313.25,12.666666666666664,4.9,6.381818181818181,4.3100000000000005,91.16666666666669,40.230000000000004,8.763636363636365,26.119999999999997,0.65,16.7875,9.816666666666666,26.700000000000003,104.85833333333333,0.890909090909091,109.09999999999998,4.529999999999999,141.45454545454544,7.6875,5.9750000000000005,2.2454545454545456,1.0,2.44,4.988277166608636,5.4485064212334615,0.07378647873726218,0.14240006242195885,6.42120068069969,2.3633950925810865,1.487129972650526,6.418032125475562,3.624029489889637,6.561776367029668,0.33541019662496846,2.829625024235151,105.37623862459064,2.742040823690975,1.128420725320717,2.5261900885793143,0.9631545393480043,30.249297512504327,15.072200311242625,4.927529345883741,7.275346498048506,0.31622776601683794,7.1128530542552735,1.3302881893284124,5.259277516921882,7.935473673590153,0.21658506621900533,22.151995600643048,0.8832389886724381,8.069493619349805,1.4740008722618083,0.9743296063541237,0.8629758239529498,0.0,1.3276545735494103,0.10000000000000142,-2.700000000000003,0.0,0.0,20.900000000000006,-1.5,0.8999999999999999,-4.300000000000001,-6.199999999999996,4.200000000000003,-0.30000000000000004,0.20000000000000107,177.60000000000002,-7.100000000000001,1.8999999999999995,3.0999999999999996,1.0000000000000004,2.0999999999999943,19.6,3.6999999999999993,2.3000000000000007,-0.19999999999999996,6.8999999999999995,-1.799999999999999,4.299999999999997,11.199999999999989,-0.30000000000000004,-14.300000000000011,2.0,18.200000000000017,-2.9000000000000004,1.0,-2.0,0.0,-0.9000000000000001,360,35,39.0,7.681953768528901
E250799D-F6DE-4914-ADB4-B08A6E5029B9,2,1983-11-10 04:11:38.053,1983-11-26 04:07:03.140,15,1983,11,3,목,장기(15-30일),Female,1945-08-04 19:03:00.757,White,Single,Unknown,12.86,80.5,70세~,Medium,E09.62,Drug or chemical induced diabetes mellitus with skin complications,1.0,3.0,0.0,0.0,3.0,0.0,3.0,3.0,1.0,1.0,1.0,1.0,4.0,0.0,1.0,1.0,4.0,0.0,2.0,1.0,1.0,1.0,2.0,2.0,2.0,1.0,1.0,1.0,3.0,0.0,0.0,2.0,0.0,0.0,2.0,27.58333333333333,70.23333333333333,0.13636363636363635,0.29090909090909095,41.564285714285724,13.215384615384616,2.7181818181818183,31.5375,33.05833333333334,86.01666666666667,0.609090909090909,7.327272727272728,284.41999999999996,12.883333333333335,5.05,7.780000000000001,4.569230769230769,87.22,48.129999999999995,13.325000000000001,31.89999999999999,0.6909090909090909,16.308333333333334,9.6875,27.558333333333334,100.78999999999999,0.8875,104.89090909090909,4.2299999999999995,141.87692307692308,7.4333333333333345,6.333333333333333,1.975,1.0,3.1999999999999997,4.661804826719396,6.769629146997551,0.06741998624632423,0.1044465935734187,8.17186610294097,1.8725411227554543,1.468208555906266,7.097673159966884,3.459495058618535,8.452953580993112,0.3144981572427586,2.3268394483036032,111.3673381202945,1.6737727299472753,1.0483753665032909,2.4894443824543124,1.03873690556096,25.549550985400032,14.968414894184503,4.292102381950232,7.375093219749837,0.34191971412758715,7.348773346414332,1.6599806367201138,5.806337968639149,8.302670253197663,0.22951812875799474,21.164331057014515,0.9345824973989424,6.834124406992924,1.1187113798988333,0.7655459529385588,0.9647353449077556,0.0,2.0127372185934034,-3.5,-10.299999999999997,0.0,0.3,-15.799999999999997,0.5,-0.6000000000000001,-0.6000000000000014,-8.100000000000001,26.299999999999997,-0.30000000000000004,0.2999999999999998,158.5,0.40000000000000036,-1.5999999999999996,5.1,-1.0,34.400000000000006,5.100000000000001,0.09999999999999964,17.099999999999998,-0.6000000000000001,-17.0,2.0999999999999996,-6.199999999999996,10.800000000000011,0.5000000000000001,32.599999999999994,0.2999999999999998,3.8000000000000114,-1.7999999999999998,0.09999999999999964,-0.3999999999999999,0.0,-4.3,384,35,48.0,7.772976360911743
E250799D-F6DE-4914-ADB4-B08A6E5029B9,3,1999-04-23 00:03:27.033,1999-05-07 10:14:04.287,14,1999,4,4,금,중기(8-14일),Female,1945-08-04 19:03:00.757,White,Single,Unknown,12.86,80.5,70세~,Medium,T43.3X,"Poisoning by, adverse effect of and underdosing of phenothiazine antipsychotics and neuroleptics",1.0,3.0,0.0,0.0,2.0,0.0,1.0,3.0,0.0,2.0,0.0,1.0,1.0,0.0,2.0,2.0,3.0,1.0,3.0,0.0,3.0,1.0,1.0,2.0,1.0,0.0,0.0,1.0,0.0,1.0,1.0,0.0,4.0,0.0,3.0,23.727272727272727,68.31,0.08,0.41000000000000003,42.67999999999999,14.233333333333336,2.5999999999999996,30.935714285714283,33.53,81.98333333333333,0.6416666666666667,6.699999999999998,258.3769230769231,14.254545454545456,4.566666666666667,8.191666666666666,3.9555555555555557,90.05384615384614,53.25454545454545,12.308333333333332,30.158333333333335,0.3272727272727272,15.346153846153848,9.307692307692308,24.79,101.9,0.7666666666666666,105.50000000000001,4.6875,142.18,7.32,5.966666666666669,1.8384615384615384,1.0,3.0538461538461537,5.954677305965607,5.648293744328653,0.06324555320336758,0.11972189997378646,7.288163920586126,2.5273503912200224,1.313565584755685,4.546445296620738,2.649968553272532,8.777018890606348,0.26784776318353726,2.8180735372836643,90.65584329251438,1.1066739685775902,1.1570600152057273,2.9199808010991917,1.2807332968958753,30.5442742966287,21.42439561044202,3.005285747519265,9.004590580095885,0.276010539983201,6.5133984197467125,1.4919012134753529,5.120427499513863,5.5499549547721525,0.11180339887498948,19.94328321652544,0.8999007881824689,7.196110060303417,1.384678061259488,0.7679172935264379,1.2926319800691284,0.0,2.191124286987308,0.0,-2.1999999999999886,0.1,-0.09999999999999998,1.8999999999999986,-3.3000000000000007,0.19999999999999996,8.3,-3.200000000000003,-19.60000000000001,0.19999999999999996,2.0999999999999996,72.80000000000001,-0.5,-1.2999999999999998,-5.4,0.3999999999999999,-52.89999999999999,49.7,-1.9000000000000004,-18.3,0.29999999999999993,7.799999999999999,-0.20000000000000107,13.0,1.6000000000000085,0.10000000000000009,-27.0,-0.6999999999999997,5.599999999999994,1.9000000000000004,0.6000000000000005,0.0,0.0,2.8,395,35,43.0,7.30892433609139
E250799D-F6DE-4914-ADB4-B08A6E5029B9,4,2001-11-11 02:54:41.303,2001-11-14 08:07:24.370,3,2001,11,6,일,초단기(~3일),Female,1945-08-04 19:03:00.757,White,Single,Unknown,12.86,80.5,70세~,Medium,F21,Schizotypal disorder,0.0,1.0,0.0,1.0,0.0,0.0,1.0,1.0,1.0,1.0,1.0,1.0,0.0,0.0,1.0,1.0,0.0,1.0,0.0,0.0,1.0,0.0,0.0,0.0,1.0,0.0,0.0,0.0,1.0,0.0,0.0,0.0,0.0,0.0,0.0,27.0,73.6,0.13333333333333333,0.42500000000000004,42.13333333333333,13.3,0.8500000000000001,29.900000000000002,34.75,79.94999999999999,0.6,5.75,344.15,13.25,5.0,5.933333333333333,3.75,143.7,35.5,12.6,20.4,0.5666666666666667,20.5,10.600000000000001,29.76666666666667,106.275,0.8,89.3,5.025,139.29999999999998,7.833333333333333,6.85,1.5499999999999998,1.0,2.9000000000000004,3.5355339059327378,8.343860018001253,0.05773502691896258,0.15,2.8589042189855407,3.6769552621700474,0.3535533905932738,6.811020481543131,6.5760930650348906,11.80868324581535,0.5196152422706631,3.4770677301427417,25.243712088359757,0.3535533905932738,1.5588457268119895,2.2300971578236974,1.2020815280171304,,18.851525137240227,3.17962261911693,11.596551211459383,0.32145502536643183,,1.1313708498984765,7.088253193370941,4.522075482194723,,23.921329394496453,0.7135591542869216,5.400925846556311,2.040424792373719,0.07071067811865482,1.0082988974836116,0.0,0.9899494936611667,5.0,-11.799999999999997,0.1,0.09999999999999998,-1.8000000000000043,5.200000000000001,0.5000000000000001,9.200000000000003,9.299999999999997,16.700000000000003,0.0,3.4,35.69999999999999,0.5,2.7,0.7999999999999998,1.6999999999999997,0.0,-2.3000000000000007,6.300000000000001,16.400000000000002,-0.6000000000000001,0.0,-1.5999999999999996,-2.3999999999999986,0.5,0.0,18.799999999999997,1.0,7.099999999999994,-2.700000000000001,-0.10000000000000053,0.4,0.0,-1.4,92,35,14.0,4.987292601707449
E250799D-F6DE-4914-ADB4-B08A6E5029B9,5,2010-07-21 19:55:14.637,2010-08-09 17:59:47.437,18,2010,7,2,수,장기(15-30일),Female,1945-08-04 19:03:00.757,White,Single,Unknown,12.86,80.5,70세~,Medium,C37,Malignant neoplasm of thymus,0.0,2.0,0.0,3.0,3.0,3.0,2.0,1.0,1.0,1.0,1.0,1.0,2.0,2.0,0.0,3.0,1.0,3.0,2.0,2.0,2.0,2.0,0.0,2.0,0.0,3.0,2.0,1.0,4.0,1.0,2.0,2.0,2.0,0.0,3.0,23.105882352941173,70.10666666666664,0.11999999999999998,0.4166666666666667,43.58461538461539,13.930000000000001,2.4375,31.923076923076923,33.400000000000006,88.3875,0.70625,6.459999999999998,283.3928571428571,13.223529411764705,5.035294117647059,8.006666666666666,4.616666666666666,91.03750000000001,47.20666666666666,11.892307692307693,24.96666666666667,0.5444444444444444,22.27857142857143,9.041666666666666,28.516666666666662,100.64545454545454,0.8000000000000002,105.00000000000001,4.1000000000000005,141.5142857142857,7.946153846153845,5.64375,1.4066666666666667,1.0,2.06,4.789763901832128,5.489140794939282,0.07745966692414834,0.15275252316519464,7.127978459779246,3.1230505030249582,1.7856071396426643,5.348855616882588,3.2276926743418444,7.430287118723389,0.36234191955481315,2.3264933759999034,94.785291493546,1.910997583647317,1.1401431798630537,2.894444596776647,1.0124976618005175,36.27941335431615,18.41088446182493,4.368917016542646,8.89742897831966,0.3643868518179241,5.819222598281634,1.484745667435907,4.530469237855117,7.705889129278157,0.18708286933869703,21.540230696571896,0.8553751613570895,7.279672133662779,1.6409425059069886,0.7711193163188172,1.0760155778656386,0.0,1.4598434358323695,-2.8999999999999986,-9.400000000000006,-0.2,-0.2,-16.4,8.899999999999999,-3.0,10.999999999999996,-5.100000000000001,2.3000000000000114,-0.6000000000000001,1.5,67.70000000000002,-3.700000000000001,2.2,1.4000000000000004,1.0999999999999996,-97.79999999999998,-5.299999999999997,-11.900000000000002,17.7,0.8,-12.4,0.20000000000000107,-7.200000000000003,8.799999999999997,0.4,-21.39999999999999,2.4999999999999996,0.9000000000000057,0.29999999999999893,0.7000000000000002,1.5,0.0,-2.7,479,35,59.0,7.590183920084861
9C75DF1F-9DA6-4C98-8F5B-E10BDC805ED0,1,1980-07-19 06:43:54.880,1980-07-25 12:16:06.527,6,1980,7,5,토,단기(4-7일),Female,1952-07-19 13:35:56.833,White,Divorced,English,88.65,73.5,70세~,Very High,Z13.810,Encounter for screening for upper gastrointestinal disorder,0.0,1.0,0.0,1.0,1.0,2.0,1.0,1.0,0.0,0.0,0.0,0.0,0.0,2.0,0.0,0.0,2.0,1.0,0.0,0.0,1.0,0.0,1.0,0.0,1.0,3.0,0.0,0.0,0.0,2.0,0.0,1.0,2.0,0.0,0.0,20.933333333333334,71.8,0.12,0.275,37.475,13.35,1.7399999999999998,33.61666666666667,34.800000000000004,86.66,0.6666666666666666,5.4399999999999995,292.8,14.0,5.58,7.280000000000001,4.616666666666666,122.5,38.75,9.475,24.78,0.4000000000000001,19.025,8.9,26.775,100.58333333333333,0.8400000000000001,106.38333333333334,4.9,143.0142857142857,7.166666666666667,6.08,1.5999999999999999,1.0,2.225,3.0664855018951807,7.704111456445406,0.08366600265340757,0.15000000000000002,6.660517997873738,3.7863790970618183,1.3794926603646718,5.882658129338017,3.3734255586866024,7.681991929180867,0.38297084310253526,3.397499080205909,107.70009285047065,3.333666650001666,1.2091319200153472,1.8430952227163961,1.1373946837693003,35.49676041556468,6.172249724911225,3.394480814498736,8.306744247898811,0.21908902300206645,7.083019600895277,1.6703293088490059,6.210407930777708,8.637920274387042,0.24083189157584595,25.77288626961805,0.14142135623730995,9.711921981329372,1.5603418428878544,0.8899438184514799,1.2409673645990855,0.0,1.4384598244882154,-5.100000000000001,-13.500000000000007,-0.1,-0.2,-14.099999999999998,-1.5,-3.3,-4.900000000000006,0.6999999999999957,17.5,-0.8,5.9,-146.39999999999998,-6.300000000000001,-0.10000000000000053,0.3000000000000007,-2.4000000000000004,-50.19999999999999,0.10000000000000142,3.3000000000000007,-3.0,0.39999999999999997,4.399999999999999,3.299999999999999,-6.0,11.099999999999994,-0.40000000000000013,30.69999999999999,-0.20000000000000018,-10.600000000000023,1.8000000000000007,-1.2000000000000002,1.6999999999999997,0.0,3.4000000000000004,164,35,23.0,7.913153007821522
9C75DF1F-9DA6-4C98-8F5B-E10BDC805ED0,2,2010-10-24 17:36:06.953,2010-11-07 11:56:48.743,13,2010,10,6,일,중기(8-14일),Female,1952-07-19 13:35:56.833,White,Divorced,English,88.65,73.5,70세~,Very High,O24.410,"Gestational diabetes mellitus in pregnancy, diet controlled",1.0,3.0,0.0,1.0,0.0,2.0,1.0,0.0,1.0,0.0,3.0,0.0,2.0,1.0,1.0,0.0,1.0,2.0,0.0,2.0,2.0,0.0,2.0,2.0,0.0,1.0,0.0,1.0,0.0,1.0,2.0,2.0,2.0,0.0,0.0,24.255555555555556,70.47777777777777,0.1,0.35,45.19090909090909,14.270000000000001,3.1857142857142855,29.981818181818184,32.13333333333334,85.17272727272726,0.85,5.6000000000000005,280.33636363636367,11.549999999999999,4.4333333333333345,8.18888888888889,4.433333333333333,97.5909090909091,50.349999999999994,11.63,28.929999999999996,0.7076923076923077,16.383333333333333,10.0125,24.64,99.52727272727272,0.8181818181818182,94.1,4.46,141.73076923076923,7.13,6.054545454545454,1.3909090909090909,1.0,3.7299999999999995,4.524685378871969,6.847404212140862,0.07745966692414834,0.14337208778404378,5.989232763126602,2.995570804445197,1.3183683999911546,1.7724661812391147,3.1555506650979317,9.202400872499624,0.33439225741362766,2.8155816450602176,95.98611642031646,1.4619414240224282,0.9158536339327801,2.274007720108072,0.9874976026054519,31.99567016161576,14.050484372828972,4.863709147005674,8.971318495937794,0.3121472367904247,7.6000996803670375,1.6539454991884452,5.11928814495835,6.220786270093341,0.14709304414677002,22.856071403458646,0.7530677998102902,7.530425465556891,1.3630439790736353,0.889228470488475,0.9300048875726896,0.0,1.362228566235001,-6.300000000000001,2.700000000000003,0.2,0.3,0.8000000000000043,-2.0,-2.0999999999999996,-2.3000000000000007,-2.3999999999999986,23.700000000000003,0.09999999999999987,0.3999999999999999,-48.69999999999999,-0.29999999999999893,0.0,-1.0999999999999996,0.5999999999999996,-2.5,12.600000000000001,4.800000000000001,8.599999999999998,0.10000000000000003,22.7,-3.8,2.3000000000000007,-2.8999999999999915,0.09999999999999998,-10.599999999999994,2.3,22.30000000000001,-1.3000000000000007,-0.5999999999999996,2.1999999999999997,0.0,-0.8999999999999995,361,35,36.0,7.354871838877369
A19A0B00-4C9A-4206-B1FE-17E6DA3CEB0B,1,1989-06-14 08:22:05.597,1989-06-20 23:50:43.837,6,1989,6,2,수,단기(4-7일),Female,1967-07-01 01:44:24.907,Unknown,Married,English,17.84,58.6,50대,Medium,Z13.83,Encounter for screening for respiratory disorder NEC,0.0,1.0,0.0,0.0,0.0,2.0,0.0,1.0,0.0,1.0,1.0,2.0,1.0,2.0,1.0,1.0,1.0,0.0,0.0,1.0,1.0,0.0,0.0,0.0,0.0,0.0,0.0,1.0,0.0,1.0,0.0,2.0,1.0,0.0,0.0,26.299999999999997,70.2,0.1,0.4,40.35,14.6,3.3333333333333335,28.46666666666667,34.86666666666667,86.73999999999998,0.7499999999999999,7.6,265.48333333333335,12.283333333333333,4.933333333333334,6.225,3.983333333333333,94.17500000000001,34.82,12.149999999999999,27.5,0.6,17.914285714285715,8.633333333333333,25.183333333333334,106.95,0.9333333333333335,110.0,4.966666666666666,143.2,6.324999999999999,6.125,1.1666666666666667,1.0,3.0800000000000005,3.5749125863438955,5.69315378327338,0.08164965809277261,0.1,9.151502608861565,3.367491648096547,1.023067283548187,3.879518870513026,1.2342339054382425,9.93896372867916,0.3391164991562634,3.7887992820945264,121.84960265288791,3.089606231652614,1.7097758137642884,3.093406967514405,1.0740887610745522,38.31425974751438,13.898812898949322,3.0369392486515103,9.777184325424848,0.39496835316262996,6.2887276326849495,1.1430952132988166,3.306004638028608,5.484432513943445,0.1632993161855452,26.360955976595385,0.7284687135812126,8.752999485890538,0.963932916061417,1.1086778913041722,0.6531972647421808,0.0,1.5658863304850708,6.800000000000001,-2.5,0.2,0.09999999999999998,19.0,-6.6,1.0,6.600000000000001,-0.6999999999999957,3.3000000000000114,-0.5000000000000001,-0.9000000000000004,233.20000000000002,5.899999999999999,-3.1000000000000005,5.8999999999999995,1.8999999999999995,-19.199999999999996,-13.099999999999998,-4.5,-20.7,-0.9,-5.800000000000001,1.5000000000000009,-8.600000000000001,1.7000000000000028,-0.40000000000000013,6.899999999999977,0.7999999999999998,13.0,1.5999999999999996,-0.6999999999999993,0.0,0.0,-2.6000000000000005,180,35,21.0,8.426592364214153
A19A0B00-4C9A-4206-B1FE-17E6DA3CEB0B,2,1995-05-31 09:17:32.943,1995-06-14 21:53:25.230,14,1995,5,2,수,중기(8-14일),Female,1967-07-01 01:44:24.907,Unknown,Married,English,17.84,58.6,50대,Medium,F45.41,Pain disorder exclusively related to psychological factors,2.0,2.0,0.0,2.0,1.0,0.0,1.0,3.0,1.0,1.0,1.0,2.0,1.0,2.0,2.0,1.0,5.0,1.0,1.0,1.0,1.0,3.0,4.0,3.0,1.0,2.0,4.0,2.0,2.0,1.0,1.0,2.0,2.0,0.0,4.0,28.18,67.38461538461539,0.15,0.3,43.050000000000004,14.674999999999999,2.9250000000000003,32.30833333333333,36.40833333333333,82.53333333333333,0.6000000000000001,4.92,247.65714285714284,13.285714285714283,5.528571428571429,8.464285714285715,4.0307692307692315,88.725,42.760000000000005,9.842857142857142,29.559999999999995,0.5571428571428572,17.5,9.938461538461537,25.846153846153847,103.2,0.8166666666666668,105.90833333333332,4.766666666666667,136.69166666666666,8.023076923076925,5.683333333333334,1.67,1.0,2.957142857142857,6.016975984662062,6.058856623963271,0.06741998624632421,0.13483997249264842,7.388012403395602,1.9638204880005985,1.1553236461151166,5.822598347400541,2.5393121235102374,7.798057256118156,0.3577708763999663,3.0264757649047116,98.04119788903277,2.5539884774323363,1.0957460201430533,2.27244603654542,1.279573246167523,36.24246719763196,20.96177473402479,3.5241396736736244,9.390325991264746,0.4032832288074507,8.973169884593615,1.4540394661874791,5.9787980097194815,9.026873458980377,0.24802248187442907,24.356237145314296,0.8194602806208192,6.888654484444741,1.2207605867885847,0.9123728637044408,1.0863291909504738,0.0,1.923824030700028,4.699999999999996,3.3999999999999986,-0.1,0.4,-7.199999999999996,0.20000000000000107,-0.19999999999999973,-0.6000000000000014,5.300000000000004,-7.0,0.6000000000000001,-4.699999999999999,-34.400000000000006,-6.199999999999999,0.09999999999999964,2.499999999999999,3.4000000000000004,-53.60000000000001,-22.299999999999997,-0.6999999999999993,21.499999999999996,0.7,-19.9,-4.5,10.2,20.0,0.30000000000000004,43.39999999999999,0.6000000000000005,14.599999999999994,-3.2,-0.7999999999999998,0.19999999999999996,0.0,-1.6000000000000005,419,35,62.0,8.028084224337476
A19A0B00-4C9A-4206-B1FE-17E6DA3CEB0B,3,2009-11-26 01:44:30.783,2009-11-28 04:11:10.680,2,2009,11,3,목,초단기(~3일),Female,1967-07-01 01:44:24.907,Unknown,Married,English,17.84,58.6,50대,Medium,M06.222,"Rheumatoid bursitis, left elbow",0.0,0.0,0.0,0.0,0.0,0.0,,0.0,2.0,0.0,,0.0,0.0,1.0,1.0,0.0,0.0,0.0,0.0,0.0,0.0,0.0,0.0,0.0,0.0,0.0,0.0,0.0,0.0,0.0,0.0,2.0,0.0,0.0,0.0,27.46666666666667,67.80000000000001,0.1,0.45,50.2,12.833333333333334,,26.299999999999997,39.3,77.9,,7.8500000000000005,305.4,12.1,3.1,7.85,3.8666666666666667,92.30000000000001,38.46666666666667,13.666666666666666,26.933333333333337,0.6,16.866666666666667,9.9,25.23333333333333,108.7,0.8500000000000001,116.9,3.7,145.29999999999998,6.45,6.2,2.85,1.0,2.5,4.285246006162696,3.394112549695421,0.14142135623730953,0.07071067811865474,,1.4742229591663991,,3.676955262170045,0.0,,,1.3435028842544405,,2.705549851693736,,2.333452377915607,0.8082903768654759,23.193102422918763,5.329477773040559,1.78978583448784,11.100600584352783,0.565685424949238,7.603507962337736,,8.052535832477453,,0.3535533905932738,,0.0,9.057041459549579,0.636396103067893,1.3747727084867523,0.21213203435596414,0.0,1.5556349186104046,2.3000000000000007,4.799999999999997,0.2,-0.09999999999999998,0.0,0.6000000000000014,,-5.199999999999999,0.0,0.0,,1.9000000000000004,0.0,5.399999999999999,0.0,3.3,1.5999999999999996,-32.8,-8.0,1.0999999999999996,17.3,-0.8,7.200000000000001,0.0,12.399999999999999,0.0,0.5000000000000001,0.0,0.0,-12.800000000000011,0.9000000000000004,-0.9000000000000004,0.2999999999999998,0.0,-2.2,70,33,6.0,3.502218875058001
E5478913-6819-4977-BB11-4C8B61175B56,1,2003-11-02 09:24:12.913,2003-11-22 05:04:47.533,19,2003,11,6,일,장기(15-30일),Female,1980-03-21 13:08:56.867,White,Single,English,12.92,45.9,40대,Medium,D39.12,Neoplasm of uncertain behavior of left ovary,2.0,0.0,0.0,5.0,0.0,1.0,2.0,3.0,3.0,0.0,1.0,2.0,2.0,3.0,0.0,3.0,1.0,3.0,2.0,1.0,3.0,2.0,1.0,0.0,0.0,2.0,3.0,3.0,2.0,3.0,0.0,3.0,1.0,0.0,1.0,24.7,68.61818181818181,0.10769230769230768,0.4,42.464285714285715,14.46470588235294,3.36875,30.86428571428571,35.25625,85.47857142857141,0.5999999999999999,6.7266666666666675,271.15000000000003,13.2,5.266666666666667,7.531578947368419,3.821428571428572,100.11875,39.13076923076923,12.006666666666666,24.5,0.7,19.405882352941177,9.85625,26.027272727272724,104.68000000000002,0.8466666666666668,99.05384615384614,4.828571428571429,141.69285714285712,7.513333333333334,6.233333333333334,1.3799999999999997,1.0,3.0749999999999997,5.557669683211868,3.919392346223626,0.04935481167928246,0.16733200530681508,5.161187570981812,2.2773178237980383,1.219682335692372,6.13985807188221,3.9225788710999807,5.947356047525991,0.3573406045949826,2.995345595769416,103.92666608275722,2.449489742783178,1.0982079065735257,2.489991662542701,0.9447658003878091,34.18302149215796,17.1122463270891,4.206706663457883,9.647020265346187,0.3696845502136472,7.483103516275457,1.0664387777395685,4.422689432707412,6.680910972956562,0.23258383025317586,26.275071055552996,0.68211049345009,10.814908818258834,1.1044498738329067,0.8338429814102045,1.0192434168819255,0.0,1.5917196450918825,0.5,-10.799999999999997,-0.1,0.09999999999999998,3.700000000000003,-2.9000000000000004,2.0999999999999996,15.899999999999999,-3.6999999999999957,0.0,-0.7,-5.6,-112.20000000000002,-3.5,-0.1999999999999993,2.4000000000000004,0.0,-62.80000000000001,46.1,2.6000000000000014,6.799999999999999,-0.09999999999999998,-13.2,-1.5,-3.5,15.100000000000009,-0.30000000000000004,8.400000000000006,0.6000000000000005,3.700000000000017,0.1999999999999993,-0.8999999999999995,1.9,0.0,-0.09999999999999964,503,35,58.0,7.895693973585333
E5478913-6819-4977-BB11-4C8B61175B56,2,2012-08-08 05:21:56.187,2012-08-18 15:13:45.687,10,2012,8,2,수,중기(8-14일),Female,1980-03-21 13:08:56.867,White,Single,English,12.92,45.9,40대,Medium,M84.552,"Pathological fracture in neoplastic disease, left femur",0.0,1.0,0.0,3.0,2.0,0.0,0.0,1.0,1.0,1.0,1.0,1.0,1.0,1.0,1.0,0.0,2.0,1.0,1.0,3.0,0.0,1.0,2.0,0.0,0.0,2.0,1.0,1.0,2.0,3.0,0.0,3.0,0.0,0.0,1.0,23.35,69.94444444444444,0.16666666666666666,0.325,44.1,14.962500000000002,3.4428571428571426,32.41111111111111,33.957142857142856,84.14285714285714,0.75,4.7444444444444445,282.575,12.450000000000001,3.44,6.6,3.8,109.03333333333335,39.99999999999999,10.088888888888889,25.625,0.4,17.25714285714286,8.944444444444443,24.099999999999998,102.31111111111112,0.8500000000000002,111.65714285714284,4.828571428571428,143.15000000000003,7.042857142857144,5.8,1.6,1.0,2.6000000000000005,5.9553097556478365,6.540854514341211,0.07071067811865475,0.18322507626258083,8.576129663198895,2.103016540930806,0.8734169352933013,5.517799480871982,3.4553616032947714,7.903766431868026,0.37416573867739417,3.2760918451377057,77.88852381998994,2.637233398848119,0.3130495168499704,2.704317535596243,0.9297550453987565,31.678804691254793,13.739619458236204,5.335364196670281,10.341623018978533,0.264575131106459,7.656556480746233,1.6164089141605777,3.409301003627185,6.843143364793047,0.21730674684008833,22.64110253078511,1.1785786435565593,9.632979067468478,0.8059303999253339,1.052887187010759,0.9672412085697939,0.0,1.3794408805226643,-0.3000000000000007,2.9000000000000057,0.0,0.2,-14.0,-3.900000000000002,0.8999999999999999,-0.5,-4.599999999999998,-12.200000000000003,-0.09999999999999987,7.700000000000001,-11.300000000000011,2.799999999999999,0.19999999999999973,2.3,-2.0,-85.2,11.399999999999999,-4.4,18.599999999999998,0.5,-9.900000000000002,3.4000000000000004,0.0,1.7000000000000028,-0.20000000000000007,-17.39999999999999,-2.6000000000000005,-23.400000000000006,1.3999999999999995,-2.4000000000000004,0.09999999999999987,0.0,2.4,270,35,37.0,7.0875311572736654
66154E24-D3EE-4311-89DB-6195278F9B3C,1,1964-12-17 00:01:55.227,1964-12-24 11:46:04.590,7,1964,12,3,목,단기(4-7일),Female,1944-08-26 13:03:24.297,White,Divorced,English,19.49,81.4,70세~,Medium,O99.41,Diseases of the circulatory system complicating pregnancy,1.0,0.0,0.0,1.0,0.0,2.0,1.0,0.0,0.0,2.0,0.0,0.0,1.0,1.0,0.0,1.0,1.0,0.0,2.0,1.0,1.0,1.0,0.0,1.0,0.0,0.0,1.0,1.0,1.0,1.0,0.0,1.0,1.0,0.0,1.0,28.7375,69.5,0.10000000000000002,0.3428571428571429,47.1,14.92857142857143,3.1999999999999997,30.639999999999997,33.32,90.21428571428571,0.7000000000000001,7.242857142857143,366.67499999999995,14.780000000000001,5.266666666666667,6.785714285714285,4.257142857142857,89.32857142857144,39.85,10.700000000000001,31.928571428571423,0.7833333333333333,15.666666666666666,9.15,24.32857142857143,100.08,0.7428571428571429,100.24000000000001,5.25,144.65,7.3,5.54,1.7857142857142858,1.0,2.9999999999999996,4.43683848187938,5.036367738757764,0.0894427190999916,0.16183471874253744,4.31343416383214,3.0598008027289865,1.5044378795195679,5.229053451629654,2.151046257057253,8.539794800701902,0.28284271247461906,1.869810278127296,69.55196498542175,1.2457929201917959,1.3485794995722973,2.126365107743393,1.0659223593632305,34.710887546787305,18.103117332185004,5.115075757014748,5.66883711934946,0.2857738033247041,5.050808516135477,1.5732132722552274,2.977534934423824,6.133677526574085,0.1511857892036909,28.926856033796692,0.7416198487095661,8.369986061318526,1.6223439832538595,0.7368853370776213,1.093051647801651,0.0,1.9983326383095814,-9.100000000000001,6.099999999999994,0.1,-0.09999999999999998,3.0999999999999943,6.1,0.20000000000000018,-7.5,-2.1000000000000014,2.799999999999997,-0.4,1.9000000000000004,73.5,2.1000000000000014,-2.6000000000000005,-2.5999999999999996,-1.0,-7.100000000000001,36.099999999999994,10.399999999999999,5.0,-0.4,1.299999999999999,-1.8000000000000007,-2.8999999999999986,-0.7999999999999972,-0.10000000000000009,-49.30000000000001,1.3999999999999995,-5.5,2.3999999999999995,-0.7000000000000002,0.5,0.0,-2.3,217,35,24.0,6.722071886410418
66154E24-D3EE-4311-89DB-6195278F9B3C,2,1983-11-01 14:05:42.103,1983-11-10 02:00:24.117,8,1983,11,1,화,중기(8-14일),Female,1944-08-26 13:03:24.297,White,Divorced,English,19.49,81.4,70세~,Medium,O04.86,Cardiac arrest following (induced) termination of pregnancy,0.0,1.0,0.0,2.0,2.0,2.0,1.0,0.0,0.0,3.0,0.0,0.0,0.0,1.0,0.0,0.0,2.0,0.0,1.0,2.0,2.0,0.0,0.0,2.0,0.0,3.0,1.0,1.0,1.0,2.0,0.0,1.0,0.0,0.0,2.0,22.62,70.175,0.11666666666666665,0.3333333333333333,42.75000000000001,12.957142857142857,3.3666666666666667,34.3,36.07142857142857,87.05,0.6142857142857144,7.550000000000001,302.01250000000005,13.366666666666667,5.228571428571428,6.4,4.571428571428571,90.825,48.357142857142854,9.383333333333335,27.45714285714286,0.4,19.7,10.88,27.585714285714282,93.4125,0.8142857142857143,98.62499999999999,4.5,136.73333333333335,7.25,5.7555555555555555,1.42,1.0,3.5375,4.561469061607236,6.328111882702455,0.040824829046386304,0.19663841605003501,7.033999065762157,2.3401261667248785,1.1448435118681797,3.3626626354720743,2.3478460239932586,10.897443999135103,0.24784787961282106,1.3590437814875576,77.05696292817598,2.368684585728262,0.8557925872435168,2.4657656011875906,1.157172251243357,25.5517262486454,18.563661379413375,5.505421570294746,11.149418092865826,0.33806170189140666,5.831523528775879,1.5385057685949715,5.077869819595802,2.6573012625594403,0.203540097839643,25.78203970651995,0.8200609733428363,10.11862968324598,1.5267612779999364,0.988826464946088,0.6685805860178712,0.0,1.8376518401792774,-1.9000000000000021,-6.1000000000000085,0.1,-0.1,-5.299999999999997,-0.1999999999999993,-1.3000000000000003,-8.0,-4.700000000000003,5.8999999999999915,-0.09999999999999998,1.5999999999999996,74.70000000000002,-1.700000000000001,-0.10000000000000053,-4.6,0.19999999999999973,-5.200000000000003,29.199999999999996,0.1999999999999993,28.8,0.2,-0.9000000000000004,-0.40000000000000036,-5.200000000000003,-6.0,-0.30000000000000004,-11.899999999999991,-0.1999999999999993,-13.699999999999989,-1.9999999999999991,-0.9000000000000004,0.2999999999999998,0.0,0.0,241,35,32.0,6.91213757742198
66154E24-D3EE-4311-89DB-6195278F9B3C,3,1984-10-16 16:46:02.203,1984-10-30 11:03:40.367,13,1984,10,1,화,중기(8-14일),Female,1944-08-26 13:03:24.297,White,Divorced,English,19.49,81.4,70세~,Medium,B97.11,Coxsackievirus as the cause of diseases classified elsewhere,2.0,3.0,0.0,4.0,2.0,2.0,1.0,0.0,1.0,0.0,0.0,1.0,3.0,2.0,2.0,2.0,2.0,2.0,1.0,2.0,1.0,0.0,1.0,2.0,1.0,2.0,1.0,1.0,1.0,1.0,0.0,1.0,3.0,0.0,3.0,22.509999999999998,71.48181818181818,0.09999999999999999,0.2727272727272727,43.550000000000004,16.325,2.9545454545454546,34.91428571428572,34.12500000000001,85.52000000000001,0.6111111111111112,7.169999999999999,261.08181818181816,13.37,5.159999999999999,7.7299999999999995,5.074999999999999,94.49000000000001,54.34166666666667,7.566666666666667,25.59090909090909,0.5818181818181819,15.41,9.73,28.500000000000007,101.28888888888892,0.8583333333333334,109.28888888888889,4.2875000000000005,145.99,8.442857142857143,6.442857142857143,2.1599999999999997,1.0,2.581818181818182,5.435572135888222,6.441400186577164,0.07385489458759965,0.1678744119329035,7.918046131808942,1.8752142734707875,1.4597010901987,3.5125624888527227,3.3879800900992767,5.410442577912542,0.31001792062897127,3.004089804841985,107.95294176799275,2.556929582309393,1.3108097582113976,2.829625024235151,1.0333717350775289,38.372833272164485,17.01044910600184,3.0801785662522887,7.373391966449979,0.3763460689795546,5.988962069229248,1.7663836251253895,4.840692893822918,8.029234777431233,0.16764862244009224,21.279241318973547,0.9014868670305582,7.292987499417962,0.7345228447936863,0.7870983480631945,1.245614529280851,0.0,1.825277064896276,2.1999999999999993,4.200000000000003,0.0,0.2,-10.200000000000003,-0.6000000000000014,3.0,6.899999999999999,-2.6000000000000014,9.5,-0.19999999999999996,-8.200000000000001,105.29999999999998,-2.3000000000000007,-1.2000000000000002,-0.39999999999999947,-2.6999999999999997,-40.800000000000004,42.300000000000004,-6.4,0.40000000000000213,0.39999999999999997,3.8000000000000007,0.39999999999999947,-1.8999999999999986,-7.099999999999994,0.10000000000000009,-16.900000000000006,0.5999999999999996,2.9000000000000057,0.0,0.0,2.1,0.0,0.5999999999999999,350,35,50.0,7.878650951856547
66154E24-D3EE-4311-89DB-6195278F9B3C,4,2005-09-21 10:57:04.053,2005-10-09 12:44:36.707,18,2005,9,2,수,장기(15-30일),Female,1944-08-26 13:03:24.297,White,Divorced,English,19.49,81.4,70세~,Medium,B97.34,"Human T-cell lymphotrophic virus, type II [HTLV-II] as the cause of diseases classified elsewhere",3.0,2.0,0.0,4.0,4.0,4.0,4.0,3.0,4.0,2.0,3.0,0.0,4.0,1.0,2.0,1.0,1.0,1.0,0.0,2.0,1.0,2.0,2.0,4.0,3.0,2.0,0.0,1.0,0.0,2.0,4.0,0.0,3.0,0.0,1.0,25.79285714285714,69.7,0.11538461538461539,0.2727272727272727,42.12222222222223,13.933333333333337,3.1071428571428568,30.153333333333332,34.1875,82.35714285714286,0.6857142857142857,6.85,237.83888888888885,13.214285714285714,5.490909090909091,8.100000000000001,4.25,82.16874999999999,46.46923076923077,12.75,26.79375,0.5357142857142858,15.649999999999999,9.257142857142856,27.214285714285715,100.41538461538462,0.9285714285714287,103.82857142857142,4.828571428571429,142.26923076923077,7.433333333333334,5.944444444444445,1.6833333333333336,1.0,2.8466666666666662,6.401738259820746,6.354812063596877,0.06887372317211946,0.17372915179041826,8.613980125050862,3.0896699833575436,1.5157959501982325,5.515156605297112,3.8361221739320728,9.247678651400063,0.41668498128247156,2.452909436950813,85.70570808699273,2.0909538283013123,1.4604482499935048,2.3592697696859175,1.0373577546396957,33.01221427997017,11.602110771707636,4.078791299090756,7.687693087006011,0.3973123995763823,6.4838961351111335,1.6275107399925843,5.390855097414385,6.60086435676497,0.14373357526806554,23.930907873466726,0.8080637555088291,9.53470718090708,1.5737428845483834,0.793900357587637,1.1207410968018465,0.0,1.4480857643635545,5.800000000000001,4.0,0.0,0.1,14.800000000000004,0.10000000000000142,2.0999999999999996,-4.200000000000003,-11.199999999999996,4.900000000000006,0.8,-1.0,144.5,3.200000000000001,0.7999999999999998,0.40000000000000036,0.09999999999999964,-24.700000000000003,21.5,4.199999999999999,9.599999999999998,0.6000000000000001,7.500000000000002,1.8000000000000007,1.1000000000000014,-19.400000000000006,0.09999999999999998,12.300000000000011,1.5,-2.1999999999999886,-2.6000000000000005,0.5999999999999996,-0.20000000000000018,0.0,1.7999999999999998,483,35,70.0,7.330743412872819
66154E24-D3EE-4311-89DB-6195278F9B3C,5,2009-06-25 18:46:14.813,2009-07-10 10:08:45.813,14,2009,6,3,목,중기(8-14일),Female,1944-08-26 13:03:24.297,White,Divorced,English,19.49,81.4,70세~,Medium,D37.3,Neoplasm of uncertain behavior of appendix,0.0,1.0,0.0,2.0,0.0,3.0,2.0,3.0,1.0,1.0,1.0,3.0,4.0,3.0,2.0,1.0,4.0,1.0,1.0,0.0,3.0,2.0,0.0,1.0,1.0,2.0,2.0,2.0,1.0,0.0,3.0,2.0,1.0,0.0,0.0,23.075000000000003,71.12727272727274,0.09999999999999999,0.33999999999999997,41.0625,15.040000000000001,3.0818181818181825,30.360000000000003,33.599999999999994,86.47692307692306,0.6700000000000002,6.5181818181818185,325.09166666666664,11.946153846153845,5.190909090909091,7.838461538461538,3.6583333333333337,91.74000000000001,39.10909090909091,9.427272727272726,29.778571428571432,0.6272727272727272,15.855555555555554,9.576923076923077,26.40833333333333,104.76153846153845,0.823076923076923,89.26666666666667,4.723076923076923,140.94444444444446,7.863636363636363,5.846153846153846,1.3400000000000003,1.0,3.584615384615385,5.658320502506986,5.100802075966271,0.08164965809277262,0.1505545305418162,6.796414495894141,2.99562644162749,1.3504208098353503,5.357279574975011,3.222964473896664,7.342587401154292,0.3198958163736021,3.0162288314443857,103.21683670209951,2.251893789907873,1.1545168214058603,2.473707898930423,1.0085618323617889,29.525740182649667,18.562998386330513,4.426305662534143,8.03225981914167,0.431487911976475,6.509245561336412,1.3134901637455876,4.261126256014596,7.097480593085887,0.20878156908535678,22.60870039018902,0.9505733762260246,8.743727910781397,1.475311985495087,0.8837565507681633,1.0035492569431312,0.0,1.340302300382364,9.599999999999998,-12.200000000000003,-0.1,0.0,-11.300000000000004,-1.0,0.6000000000000001,-3.5,-3.3999999999999986,0.3999999999999915,-0.40000000000000013,3.8000000000000003,-117.80000000000001,0.9000000000000004,3.0,2.5999999999999996,-0.5999999999999996,-38.7,-12.299999999999997,-5.9,1.8000000000000007,0.09999999999999998,-5.600000000000001,-1.1000000000000014,-9.600000000000001,-5.6000000000000085,-0.09999999999999998,19.400000000000006,-1.7000000000000002,20.19999999999999,2.999999999999999,-0.5999999999999996,-0.5,0.0,-1.9000000000000001,396,35,53.0,7.682088558105706
BC44CE19-9FC5-4AC9-A296-9EBC5E3D03AE,1,1972-11-19 13:27:59.980,1972-11-24 20:51:54.413,5,1972,11,6,일,단기(4-7일),Female,1953-06-04 03:16:17.843,African American,Married,English,15.04,72.7,70세~,Medium,O07.32,Renal failure following failed attempted termination of pregnancy,0.0,0.0,0.0,0.0,1.0,1.0,0.0,1.0,0.0,0.0,0.0,1.0,0.0,0.0,1.0,1.0,0.0,0.0,1.0,0.0,1.0,0.0,0.0,1.0,0.0,1.0,1.0,1.0,2.0,2.0,0.0,0.0,0.0,0.0,0.0,27.366666666666664,72.94000000000001,0.12000000000000002,0.36666666666666664,37.52,15.566666666666668,2.6,31.3,34.05,84.92499999999998,0.46666666666666673,4.875,288.34000000000003,12.833333333333334,5.1,7.1000000000000005,4.3,110.84,57.92,11.725,27.48,0.6,19.2,10.166666666666666,32.7,104.72,0.8333333333333334,78.4,4.8,147.78333333333333,8.075000000000001,7.0,1.7,1.0,3.425,0.9291573243177567,5.135464925398663,0.044721359549995794,0.08164965809277262,7.889043034487769,4.025336424863559,1.4747881203752624,5.9267754020771415,6.858935777509512,7.366308437745464,0.1527525231651947,2.2096379793984355,96.9727693736752,2.311565126344774,1.1944315244779278,3.296664981462326,1.0424330514074593,27.584198375156753,10.935584117915242,5.419947724225144,9.289348739281996,0.22360679774997896,7.63544366752843,1.6231656313102083,0.8485281374238515,7.741253128531583,0.18618986725025255,21.637467504308358,1.1811011811017718,8.980515946573824,1.040432602334241,,0.8717797887081347,0.0,1.2392874296680871,1.6999999999999993,10.299999999999997,0.1,-0.2,18.200000000000003,-6.100000000000001,-2.1,14.0,9.7,3.9000000000000057,-0.3,-4.699999999999999,16.599999999999994,3.9000000000000004,0.0,-3.8999999999999995,-1.7999999999999998,21.900000000000006,-27.10000000000001,6.899999999999999,-11.8,-0.20000000000000007,17.1,-0.40000000000000036,1.1999999999999957,3.5,0.19999999999999996,-30.6,0.2999999999999998,0.5999999999999943,-0.5999999999999996,0.0,-1.6,0.0,2.8000000000000003,146,35,16.0,7.451478990100502
BC44CE19-9FC5-4AC9-A296-9EBC5E3D03AE,2,2002-07-07 17:13:06.863,2002-07-23 18:13:02.260,16,2002,7,6,일,장기(15-30일),Female,1953-06-04 03:16:17.843,African American,Married,English,15.04,72.7,70세~,Medium,D28.0,Benign neoplasm of vulva,0.0,2.0,0.0,1.0,1.0,1.0,3.0,2.0,0.0,4.0,0.0,1.0,0.0,1.0,0.0,1.0,2.0,0.0,2.0,0.0,3.0,1.0,4.0,0.0,3.0,1.0,3.0,0.0,1.0,5.0,3.0,2.0,4.0,0.0,4.0,23.281818181818178,71.60714285714286,0.09411764705882353,0.3916666666666666,42.46923076923076,14.383333333333335,2.9200000000000004,31.718181818181815,34.03333333333333,87.17857142857144,0.5666666666666668,5.749999999999999,269.4714285714286,12.9,4.808333333333333,5.9375,4.282352941176471,102.04545454545455,39.43846153846154,10.860000000000001,27.330769230769228,0.6357142857142858,13.66,9.7,26.546153846153842,101.96363636363638,0.8133333333333332,99.29999999999998,4.630000000000001,138.45,7.299999999999999,5.708333333333333,1.4916666666666663,1.0,3.7764705882352936,4.999163566401522,6.136205829176687,0.08993461677306268,0.11645001528813152,6.700047837563623,2.587323409286598,1.289628961036025,5.3411268814395685,3.42442209236342,10.58548923846141,0.2741377667369368,2.9986360535780565,99.49448417350773,2.6419689627245813,1.0680979980008076,1.6272164371506745,0.9375735265284845,23.752404662954174,16.99904597624714,3.9226408338147802,9.679564781485496,0.36921359850184465,6.710205447142221,1.3114877048604001,6.016313293124423,7.473322250147214,0.2263583337058639,15.38142819550036,0.8615876817441933,11.640298040064897,1.69607389776114,0.6841827684223425,1.2324833270739006,0.0,1.8700031456406383,-2.0,-2.200000000000003,0.0,0.09999999999999998,0.6999999999999957,-6.299999999999999,1.7,4.899999999999999,-5.0,-6.799999999999997,0.49999999999999994,0.6000000000000001,-159.2,0.3000000000000007,0.10000000000000053,-2.0999999999999996,1.0,0.4000000000000057,-0.09999999999999787,-1.1000000000000014,-25.0,-0.6,-8.2,-0.8000000000000007,2.0,-0.5,-0.09999999999999998,-21.0,-0.6999999999999997,-2.9000000000000057,1.0,-0.5,-1.7000000000000002,0.0,-0.8000000000000007,453,35,55.0,7.4325291801202376
BC44CE19-9FC5-4AC9-A296-9EBC5E3D03AE,3,2011-06-14 08:31:38.107,2011-06-25 00:29:44.100,10,2011,6,1,화,중기(8-14일),Female,1953-06-04 03:16:17.843,African American,Married,English,15.04,72.7,70세~,Medium,M11.05,"Hydroxyapatite deposition disease, hip",0.0,0.0,0.0,2.0,2.0,0.0,3.0,0.0,1.0,1.0,0.0,1.0,1.0,0.0,1.0,1.0,2.0,1.0,2.0,1.0,2.0,0.0,0.0,1.0,1.0,0.0,2.0,0.0,0.0,2.0,2.0,2.0,1.0,0.0,1.0,27.43,71.96000000000001,0.07500000000000001,0.375,46.762499999999996,14.533333333333333,2.4555555555555553,31.825,34.237500000000004,87.04444444444442,0.4625,6.460000000000001,230.9333333333333,13.37142857142857,5.766666666666667,7.062499999999999,3.8375000000000004,110.34,43.055555555555564,9.4625,27.933333333333334,0.8571428571428571,22.166666666666668,9.016666666666666,26.44545454545454,99.57142857142857,0.9,95.78333333333332,4.214285714285714,147.38333333333333,7.374999999999999,6.3,1.7900000000000003,1.0,4.25,4.674766779684783,5.888378384580931,0.08864052604279184,0.16690459207925604,7.553227786847157,2.026491220476089,1.6838283100654228,5.265216044950101,3.3683134821874465,9.405864010168221,0.1597989808656935,2.7885480092693404,106.01340795704412,1.8971156050825206,1.1586630226256467,2.628925636072652,1.0729631866937466,23.37708279490835,19.571925755473778,4.207794637846019,11.037149390429878,0.22253945610567472,5.499696961348567,1.384798420950381,4.792570007076295,5.024843044220148,0.23664319132398462,14.659251913609598,0.527347359996462,8.639772373544721,1.548962786604544,1.1937336386313322,0.9949316001057001,0.0,1.242175510948433,12.0,-1.0999999999999943,0.2,-0.3,-8.300000000000004,-1.0,-2.5999999999999996,-4.5,-0.10000000000000142,8.599999999999994,0.19999999999999996,-2.5,-257.0,-1.0999999999999996,-1.2000000000000002,-2.3999999999999995,0.0,-25.0,-20.099999999999998,-6.8999999999999995,-4.100000000000001,0.4,-5.699999999999999,-1.5999999999999996,-0.6000000000000014,7.599999999999994,0.19999999999999996,-1.1000000000000085,0.09999999999999964,2.9000000000000057,-3.1999999999999993,1.6999999999999993,-1.8,0.0,1.3999999999999995,255,35,33.0,7.428636353653136
CC9CDA72-B37A-4F8F-AFE4-B08F56A183BE,1,1967-04-12 04:38:52.120,1967-04-28 07:08:18.400,16,1967,4,2,수,장기(15-30일),Female,1942-04-14 14:01:01.130,Asian,Married,Spanish,14.15,83.8,70세~,Medium,I25.110,Atherosclerotic heart disease of native coronary artery with unstable angina pectoris,2.0,1.0,0.0,2.0,1.0,3.0,2.0,1.0,1.0,5.0,2.0,0.0,1.0,2.0,1.0,1.0,2.0,2.0,1.0,1.0,0.0,2.0,0.0,1.0,3.0,1.0,3.0,0.0,0.0,1.0,2.0,0.0,4.0,0.0,3.0,26.435714285714287,71.13636363636364,0.10714285714285716,0.3333333333333333,42.869230769230775,15.115384615384617,3.158333333333333,30.053333333333335,35.35454545454546,78.96470588235293,0.6466666666666668,6.785714285714286,276.94166666666666,13.423076923076922,4.8999999999999995,8.523076923076923,4.592307692307693,101.06153846153848,50.041666666666664,9.185714285714285,28.27142857142857,0.6642857142857144,18.783333333333335,9.692307692307692,26.192307692307693,102.58125,0.8307692307692307,105.51666666666665,4.253846153846153,139.50909090909093,7.4,5.93076923076923,1.8733333333333335,1.0,3.046666666666667,7.052398080179444,4.715988279729441,0.08287419301647449,0.13972762620115436,7.479570466208228,2.872526806908903,1.4550590949157254,5.267130781238175,3.006114979957897,7.59596448586934,0.3356585566713095,2.5352460487046473,102.9907979855335,2.1741488166459715,1.3467910579767575,2.3259957889593026,0.9716494039017181,31.458134572304676,17.328088513022767,3.294951182749647,6.526918058368692,0.38949107397127436,6.708181345916118,1.1368535074651867,5.43989300422682,7.185190208570222,0.2213015114597254,15.58238127054418,0.8191615475751052,9.837118942602507,1.4575474072716963,0.6944837595708716,1.127871995438861,0.0,1.8700140055497927,0.6000000000000014,2.6999999999999886,0.1,0.2,0.30000000000000426,0.40000000000000036,4.1000000000000005,10.300000000000004,1.6999999999999957,-14.0,-0.7,-3.0,209.8,4.5,2.5999999999999996,-2.9000000000000004,0.5999999999999996,-85.6,1.6000000000000014,4.9,-13.7,0.4,-5.0,-1.9000000000000004,-7.199999999999999,9.700000000000003,-0.09999999999999998,36.8,1.7999999999999998,-3.499999999999986,-3.3000000000000007,0.2999999999999998,-0.20000000000000018,0.0,2.2,466,35,51.0,7.526434981692176
CC9CDA72-B37A-4F8F-AFE4-B08F56A183BE,2,2011-01-02 01:15:20.380,2011-01-16 20:33:22.587,14,2011,1,6,일,중기(8-14일),Female,1942-04-14 14:01:01.130,Asian,Married,Spanish,14.15,83.8,70세~,Medium,M63.851,"Disorders of muscle in diseases classified elsewhere, right thigh",2.0,2.0,0.0,0.0,2.0,2.0,2.0,2.0,3.0,1.0,2.0,3.0,1.0,2.0,3.0,0.0,2.0,2.0,3.0,1.0,1.0,1.0,3.0,2.0,2.0,1.0,1.0,0.0,2.0,1.0,3.0,2.0,1.0,0.0,0.0,29.908333333333335,69.61999999999999,0.10999999999999999,0.31818181818181823,43.49999999999999,14.177777777777779,2.7,31.35454545454546,34.60833333333333,84.12,0.7272727272727274,4.772727272727273,254.49090909090913,13.227272727272727,5.472727272727273,6.575,4.0666666666666655,97.53636363636362,40.35,9.85,24.208333333333332,0.6636363636363636,17.961538461538463,10.266666666666667,28.14166666666667,106.21538461538461,0.8500000000000001,108.7909090909091,4.416666666666667,143.05,7.535714285714285,6.1899999999999995,2.169230769230769,1.0,3.4,4.473855025353278,6.913079391028768,0.08755950357709132,0.14012980994907415,7.4427145585464975,2.5665043238702023,1.4852609198386657,5.586298172558215,3.4713000795702236,8.344632339946974,0.31013193673309136,3.228650154194755,77.27498242698545,2.627200376480983,1.2634008936920293,2.2744130111865233,0.8531581259525036,31.187987197870676,21.369253613544856,4.777313813507259,7.277294493939018,0.335477949417625,8.101495588422594,1.3405109835319131,5.628088377760141,5.680499707162825,0.19306145983268458,22.349159024243153,0.9571105505951786,8.054755794503693,1.5901655176824752,0.837257427557379,0.8740562676248933,0.0,1.5846485765339617,4.300000000000001,10.599999999999994,0.1,-0.3,7.899999999999999,-2.799999999999999,2.9999999999999996,5.400000000000002,-3.3000000000000043,4.700000000000003,-0.09999999999999998,3.1999999999999993,-22.100000000000023,-3.9000000000000004,1.0999999999999996,2.4000000000000004,-0.5999999999999996,53.8,46.800000000000004,-11.8,-16.7,-0.20000000000000007,-8.799999999999999,1.1000000000000014,2.200000000000003,5.299999999999997,-0.20000000000000007,-31.80000000000001,-3.0,-15.899999999999977,-0.8000000000000007,-1.8999999999999995,-1.8000000000000003,0.0,-0.7999999999999998,395,35,55.0,7.156611639805562
EA9B67E2-15F0-450B-A8A6-14F6E4AE3D12,1,1948-07-05 14:58:24.420,1948-07-21 05:49:35.460,15,1948,7,0,월,장기(15-30일),Female,1930-04-08 20:59:31.057,Asian,Separated,Icelandic,98.4,95.8,70세~,Very High,E72.4,Disorders of ornithine metabolism,0.0,2.0,0.0,8.0,2.0,2.0,1.0,1.0,0.0,3.0,1.0,2.0,1.0,2.0,2.0,2.0,2.0,2.0,1.0,0.0,1.0,0.0,1.0,2.0,2.0,4.0,2.0,2.0,1.0,0.0,3.0,2.0,1.0,0.0,1.0,26.663636363636364,72.06923076923077,0.11666666666666665,0.36000000000000004,40.28461538461538,14.645454545454548,3.3909090909090907,28.72307692307692,32.199999999999996,85.6857142857143,0.6200000000000001,5.933333333333334,261.95,12.784615384615384,4.7,7.641666666666668,4.5888888888888895,91.95714285714284,35.62857142857143,10.54,29.83333333333333,0.7333333333333334,18.016666666666666,10.411111111111111,26.66153846153846,99.12000000000002,0.875,99.31818181818181,4.408333333333333,136.60999999999999,7.746153846153847,5.991666666666667,1.8625000000000003,1.0,2.257142857142857,5.578937663618895,5.652194944648287,0.05773502691896258,0.19566735620873063,6.689151186043235,2.9203984784147643,0.9596400840466655,5.434941558433701,2.861658768807159,9.634222426238754,0.36453928305312844,3.5095540595593757,96.8065221318932,2.264893725927022,1.136181803634036,2.439991927458082,1.1741427132640696,36.29400701293459,14.573687966756424,3.773062416658383,8.851331007597706,0.27743413086658425,7.677337764584489,1.3109580889986954,5.229967887335839,7.783517383364851,0.2050498830661811,24.013530276984188,0.8050503466281227,7.807325619783858,1.6963762282266004,0.9462445708582893,1.1999255929312571,0.0,1.8572893715099459,0.5,1.5999999999999943,-0.1,-0.09999999999999998,-9.400000000000006,-0.5999999999999979,0.5,12.900000000000002,6.899999999999999,-23.700000000000003,0.30000000000000004,-9.600000000000001,86.69999999999999,2.599999999999998,-1.4000000000000004,2.1999999999999993,0.9000000000000004,49.5,-6.700000000000003,0.5,-8.700000000000003,-0.6,1.0999999999999996,1.700000000000001,-9.899999999999999,-2.200000000000003,0.4,-1.6000000000000014,1.0,-8.000000000000014,-0.20000000000000018,-1.0999999999999996,1.3000000000000003,0.0,-0.30000000000000004,407,35,56.0,7.770927676778687
EA9B67E2-15F0-450B-A8A6-14F6E4AE3D12,2,1988-05-21 20:16:46.237,1988-05-26 10:39:11.473,4,1988,5,5,토,단기(4-7일),Female,1930-04-08 20:59:31.057,Asian,Separated,Icelandic,98.4,95.8,70세~,Very High,C34.2,"Malignant neoplasm of middle lobe, bronchus or lung",0.0,0.0,0.0,1.0,0.0,0.0,1.0,0.0,0.0,1.0,1.0,0.0,1.0,1.0,0.0,1.0,0.0,0.0,1.0,0.0,0.0,2.0,1.0,1.0,0.0,0.0,2.0,0.0,0.0,0.0,0.0,0.0,0.0,0.0,1.0,23.8,71.39999999999999,0.05,0.275,42.225,13.05,3.15,30.080000000000002,34.34,82.43333333333332,0.85,7.174999999999999,338.425,14.95,4.5,8.866666666666667,3.4,89.53333333333335,51.79999999999999,9.533333333333333,26.419999999999998,0.775,17.400000000000002,9.6,27.724999999999998,93.75,0.9199999999999999,104.36666666666667,4.5,144.35999999999999,8.299999999999999,6.325,1.95,1.0,2.775,9.192388155425117,4.481071300481622,0.05773502691896258,0.12583057392117916,7.203413542666188,1.0606601717798212,1.1561430130683084,4.203213056698409,3.458757002161323,10.179554672643265,0.25166114784235827,2.128183889297789,125.47611658532205,1.3102162671355688,,2.950141239556733,,32.29943239955361,21.299999999999997,5.991939029507339,8.134310050643508,0.5057996968497839,10.340696301506973,1.3490737563232043,3.2221886971436056,2.333452377915615,0.2774887385102322,17.042984871592573,0.8981462390204984,8.823151364450233,1.8248287590894658,0.8808140174482543,0.7778174593052023,0.0,1.7442763542512407,13.0,9.400000000000006,-0.1,0.10000000000000003,-2.5,-1.5,-1.6999999999999997,-2.099999999999998,8.399999999999999,-7.8999999999999915,-0.20000000000000007,-4.299999999999999,-259.7,-0.1999999999999993,0.0,-5.9,0.0,-64.0,21.299999999999997,-11.4,4.0,-1.0,1.6999999999999993,1.0,-6.599999999999998,-3.3000000000000114,-0.6,11.299999999999997,1.1,4.700000000000017,0.3000000000000007,-1.6000000000000005,-1.1,0.0,0.0,125,35,15.0,8.817620780546365
EA9B67E2-15F0-450B-A8A6-14F6E4AE3D12,3,2010-08-22 10:47:02.917,2010-09-03 03:42:32.747,11,2010,8,6,일,중기(8-14일),Female,1930-04-08 20:59:31.057,Asian,Separated,Icelandic,98.4,95.8,70세~,Very High,H16.433,"Localized vascularization of cornea, bilateral",0.0,0.0,0.0,2.0,0.0,0.0,1.0,1.0,2.0,1.0,1.0,0.0,0.0,1.0,1.0,1.0,1.0,0.0,0.0,1.0,0.0,0.0,1.0,0.0,0.0,0.0,0.0,0.0,1.0,1.0,1.0,1.0,1.0,0.0,1.0,21.671428571428574,69.84444444444445,0.10000000000000002,0.3,43.019999999999996,15.77142857142857,2.5142857142857147,32.225,35.355555555555554,85.78999999999999,0.7166666666666667,6.955555555555555,178.7,11.450000000000001,4.83,7.722222222222222,4.5,86.76666666666665,42.72222222222222,13.8,23.371428571428574,0.6111111111111112,13.133333333333333,9.212499999999999,25.333333333333332,104.66250000000001,1.02,107.79,5.033333333333334,141.22222222222223,6.58,6.074999999999999,1.7999999999999998,1.0,2.2125000000000004,5.094675091280532,5.537172363018671,0.0894427190999916,0.16329931618554522,6.608210381369863,2.124236557538014,1.5071259308460496,4.889858309369943,3.7858655255803484,8.268339884429308,0.4020779360604939,2.1697414080433126,33.186572155445205,1.9836834424877372,1.2445882853377659,2.606615515269646,0.9637888196533974,35.538570595903266,15.88008011454742,3.291909273759935,6.565494214886972,0.3018461712712473,6.405856695243815,1.4710904604602473,4.138236339311712,6.599120612410628,0.1095445115010333,16.52348160783448,0.8687155268939695,9.406749940571641,0.9782637681116481,0.9035643703846294,1.0037429949942367,0.0,1.4951707976969435,11.8,0.5,-0.1,0.30000000000000004,-14.399999999999999,3.6000000000000014,-0.7000000000000002,14.7,-3.5,19.299999999999997,0.8,5.3999999999999995,87.70000000000002,-2.6999999999999993,-2.5999999999999996,-5.1,-0.9000000000000004,66.8,-3.6000000000000014,-8.200000000000001,-10.599999999999998,-0.6,14.100000000000001,2.5,-3.6999999999999993,2.1999999999999886,0.20000000000000007,-3.8000000000000114,1.5,1.8000000000000114,1.0,-1.2000000000000002,0.0,0.0,2.3999999999999995,281,35,20.0,5.488763761051419
3E462A8F-7B90-43A1-A8B6-AD82CB5002C9,1,2013-01-14 04:37:39.037,2013-01-29 14:53:17.903,15,2013,1,0,월,장기(15-30일),Female,1986-12-20 16:41:34.793,White,Married,Spanish,18.33,39.1,30대,Medium,O24.111,"Pre-existing diabetes mellitus, type 2, in pregnancy, first trimester",3.0,2.0,0.0,1.0,1.0,2.0,1.0,3.0,1.0,1.0,3.0,2.0,2.0,6.0,2.0,0.0,2.0,0.0,0.0,0.0,2.0,1.0,3.0,3.0,1.0,4.0,4.0,2.0,1.0,0.0,2.0,1.0,1.0,0.0,7.0,28.0,69.29166666666667,0.0923076923076923,0.31,40.50909090909091,13.450000000000001,2.963636363636364,31.691666666666666,34.50000000000001,87.50000000000001,0.5499999999999999,6.635714285714286,299.05833333333334,12.03076923076923,5.008333333333334,6.908333333333334,4.0,116.1923076923077,48.14545454545455,9.092307692307694,27.330769230769228,0.5461538461538461,21.042857142857144,9.6,28.057142857142853,102.87272727272729,0.8461538461538461,90.86363636363637,4.938461538461539,138.36666666666665,7.3928571428571415,6.261538461538462,1.6857142857142857,1.0,2.1214285714285714,5.356898695734653,6.300859729698268,0.08623164985025764,0.1286683937707919,6.50114675198992,2.746148818497158,1.5480779872297954,6.2626538570587895,2.9425046020921255,7.996749339575426,0.3261343839027654,3.0416612725126533,91.59381140600487,2.624050499826752,1.25369151877263,2.2817291422927215,1.0913803695829936,26.937998612197774,16.48449960637954,3.852371896737026,8.930041490700983,0.3733081493337299,7.0744082966176585,1.5730688015930692,5.841721859667259,9.657752420629855,0.2696151102818751,25.10283939028702,0.8231428202712472,7.204712262670792,1.5764928386547366,0.8646178939647865,0.796006516070298,0.0,1.9888839434867336,4.299999999999997,4.1000000000000085,0.0,0.0,6.200000000000003,-0.5999999999999996,3.0,-4.300000000000001,4.099999999999998,8.599999999999994,0.39999999999999997,-6.3,-208.10000000000002,-2.799999999999999,-1.7000000000000002,-1.3999999999999995,-1.2999999999999998,14.800000000000011,-40.5,6.200000000000001,-0.10000000000000142,0.7,13.600000000000001,2.9000000000000004,-1.9000000000000021,2.5,0.09999999999999998,-35.099999999999994,-1.2000000000000002,4.200000000000017,4.3,-0.09999999999999964,0.6000000000000001,0.0,5.3999999999999995,435,35,64.0,7.469539437941054
9E18822E-7D13-45C7-B50E-F95CFF92BC3E,1,1978-08-19 01:42:03.143,1978-08-29 21:16:16.157,10,1978,8,5,토,중기(8-14일),Male,1954-10-16 06:45:56.257,Unknown,Single,English,15.24,71.3,70세~,Medium,Z13.0,Encounter for screening for diseases of the blood and blood-forming organs and certain disorders involving the immune mechanism,0.0,1.0,0.0,1.0,0.0,0.0,0.0,2.0,2.0,1.0,2.0,1.0,2.0,1.0,1.0,3.0,2.0,1.0,1.0,0.0,0.0,2.0,1.0,2.0,0.0,2.0,1.0,1.0,1.0,3.0,0.0,0.0,2.0,0.0,1.0,21.699999999999996,68.975,0.07777777777777778,0.30000000000000004,45.12222222222222,14.585714285714285,2.4222222222222225,25.95,36.63333333333333,86.96000000000001,0.6499999999999999,6.2555555555555555,289.09000000000003,13.069999999999999,5.35,7.3125,3.7375,104.83333333333333,54.43333333333333,9.05,28.814285714285717,0.5222222222222223,18.742857142857144,9.120000000000001,28.174999999999997,105.5,0.9571428571428571,102.32222222222222,4.277777777777778,140.13,8.05,6.01,1.45,1.0,1.7333333333333334,4.31740662898458,4.128905077966449,0.08333333333333334,0.15118578920369088,5.902494764457182,1.7695842933945165,1.0425662782022276,3.8437333042610686,3.457600323924094,10.085782071807818,0.3422613871631697,2.4372685075259515,116.24531961904245,2.128144731920271,1.2633729105498153,3.374034253361567,0.9395097505766353,35.35113152361604,16.829512767754153,2.9760952365713798,7.826329188797811,0.41766546953805556,9.073745485898156,1.6198765385053269,5.517180957181459,8.545174076635302,0.20701966780270628,20.677752403112976,0.6960204339273698,10.714999870379009,1.4698828373566226,0.6707375708046247,1.0433462649434408,0.0,1.3647954669717608,0.1999999999999993,2.5999999999999943,0.1,0.3,-7.199999999999996,-3.0999999999999996,-0.5,-4.899999999999999,-0.29999999999999716,17.900000000000006,-0.09999999999999998,3.2,-30.69999999999999,-1.1000000000000014,-0.39999999999999947,3.3000000000000007,0.7000000000000002,73.1,-8.899999999999991,1.3000000000000007,-13.3,0.7,2.8000000000000007,1.8999999999999995,-12.400000000000002,1.2999999999999972,-0.09999999999999987,-9.5,-0.5,-22.5,2.3000000000000007,-1.9000000000000004,1.7,0.0,0.30000000000000004,295,35,37.0,8.186107679584886
9E18822E-7D13-45C7-B50E-F95CFF92BC3E,2,2003-05-10 00:00:51.820,2003-05-19 01:36:47.843,9,2003,5,5,토,중기(8-14일),Male,1954-10-16 06:45:56.257,Unknown,Single,English,15.24,71.3,70세~,Medium,M90.6,Osteitis deformans in neoplastic diseases,1.0,4.0,0.0,1.0,0.0,0.0,1.0,0.0,1.0,0.0,3.0,0.0,0.0,0.0,0.0,2.0,0.0,0.0,0.0,0.0,2.0,0.0,0.0,2.0,5.0,3.0,1.0,0.0,1.0,1.0,2.0,2.0,1.0,0.0,3.0,24.062499999999996,68.94285714285715,0.15,0.36,44.76249999999999,13.3,3.0777777777777775,27.400000000000002,32.987500000000004,86.55714285714285,0.6799999999999999,5.977777777777778,292.21250000000003,12.966666666666667,4.977777777777777,7.799999999999999,3.814285714285714,104.35,52.76666666666666,10.620000000000001,35.583333333333336,0.5714285714285714,18.220000000000002,9.516666666666666,26.959999999999997,101.76250000000002,0.7166666666666667,105.8142857142857,4.75,141.1625,7.871428571428573,5.688888888888888,1.5750000000000002,1.0,4.166666666666666,7.725271608724929,8.103056448620096,0.05345224838248488,0.16733200530681513,7.421770581972242,1.7540429489230491,1.499814803382219,4.508140784551134,3.4547844671246435,7.730428436349685,0.37947331922020555,3.011136736258326,90.88182967065372,2.103013710527506,0.9510228411791404,2.969427554260248,0.9299257522845061,27.31093594555526,13.660990691259057,2.5528415540334652,6.685631358867065,0.1889822365046136,9.219381758013927,2.2850966427411037,7.103082273054268,10.372757933300916,0.1834847859269718,24.412184701594448,0.7946247991527646,8.485944260952936,1.6539994817757004,0.8594248722902489,1.1436158196077664,0.0,1.3162446581088183,16.1,-14.0,0.1,-0.30000000000000004,-14.600000000000001,3.5999999999999996,-3.8,-8.999999999999996,-5.699999999999999,10.099999999999994,-1.0999999999999999,-4.3,-212.79999999999998,2.299999999999999,1.7000000000000002,-2.0999999999999996,-0.7000000000000002,-17.10000000000001,-13.0,-2.9000000000000004,13.799999999999997,0.29999999999999993,-17.0,0.09999999999999964,12.3,18.0,0.4,-19.299999999999997,0.10000000000000053,17.0,-2.9000000000000004,-0.5999999999999996,0.9000000000000001,0.0,2.4999999999999996,265,35,36.0,7.482089934013151
9E18822E-7D13-45C7-B50E-F95CFF92BC3E,3,2009-03-07 05:34:03.073,2009-03-25 07:13:28.233,18,2009,3,5,토,장기(15-30일),Male,1954-10-16 06:45:56.257,Unknown,Single,English,15.24,71.3,70세~,Medium,I79.0,Aneurysm of aorta in diseases classified elsewhere,2.0,1.0,0.0,4.0,0.0,2.0,4.0,2.0,5.0,0.0,1.0,1.0,0.0,2.0,0.0,1.0,3.0,5.0,2.0,1.0,1.0,3.0,1.0,2.0,2.0,1.0,2.0,3.0,0.0,1.0,3.0,0.0,2.0,0.0,2.0,25.28571428571429,70.21333333333334,0.10833333333333332,0.4071428571428571,44.0,13.859999999999998,2.1999999999999997,32.62,33.9,88.97272727272725,0.5999999999999999,4.741666666666666,285.8769230769231,14.136363636363637,4.750000000000001,7.8062499999999995,4.1230769230769235,100.69375000000002,44.02307692307693,11.907142857142857,29.608333333333338,0.7266666666666668,16.45,9.921428571428569,25.28235294117647,102.64117647058823,0.8599999999999999,106.58000000000001,4.309090909090909,138.8,8.14,5.941666666666666,1.6692307692307689,1.0,3.246153846153846,6.267112835804323,4.959243413878296,0.07929614610987591,0.16391501416322993,5.481998512614509,2.680831427534589,1.357847561400027,5.021553544472069,4.359902521846103,5.002017774676719,0.2798809270624444,2.1551031754813263,76.77636522010049,1.9236801850997622,0.8519209064045974,2.454782746666868,1.14902411213012,36.30066057709327,18.386414996139308,3.6406813152980635,8.35751793660092,0.35145954180219596,5.742821606144491,1.3451786106333594,4.0614399069353535,5.261066767245191,0.22614786566062733,24.811149567425186,0.683307464403171,8.685974547864719,1.2619712471254758,0.6287915297447859,1.1535341458496258,0.0,1.7765206559524267,4.300000000000001,1.0,0.0,-0.09999999999999998,-3.3999999999999986,-7.299999999999999,1.4,-7.899999999999999,1.5,4.200000000000003,-0.7,-0.3999999999999999,-62.10000000000002,1.200000000000001,-0.7999999999999998,4.8999999999999995,0.8000000000000003,-75.5,46.60000000000001,1.5999999999999979,7.699999999999999,-0.20000000000000007,-6.400000000000002,0.1999999999999993,4.300000000000001,-5.8999999999999915,0.20000000000000007,-64.0,0.10000000000000009,-8.5,2.8,0.5999999999999996,-0.7000000000000002,0.0,-4.5,493,35,59.0,6.961117551638957
A7142B71-A144-4D56-BD14-3E966B01DB37,1,1983-09-15 16:32:28.587,1983-09-21 17:24:27.270,6,1983,9,3,목,단기(4-7일),Male,1960-03-28 13:40:52.270,White,Divorced,Spanish,19.52,65.8,60대,Medium,M24.22,"Disorder of ligament, elbow",1.0,2.0,0.0,2.0,0.0,1.0,0.0,0.0,0.0,0.0,0.0,1.0,0.0,2.0,0.0,2.0,1.0,0.0,0.0,2.0,0.0,0.0,0.0,0.0,0.0,1.0,3.0,0.0,1.0,2.0,0.0,0.0,2.0,0.0,1.0,24.385714285714283,70.15714285714286,0.12,0.3,47.18,14.283333333333333,3.25,30.97142857142857,35.55,87.04285714285716,0.7000000000000001,4.18,258.35,12.179999999999998,4.333333333333334,8.68,4.371428571428572,79.26666666666667,41.059999999999995,15.219999999999999,31.339999999999996,0.42000000000000004,17.82,10.059999999999999,29.2,103.08333333333333,0.9428571428571428,111.175,4.5600000000000005,145.1833333333333,7.42,6.550000000000001,1.6800000000000002,1.0,1.9400000000000002,7.793251048488166,6.261750858148528,0.08366600265340757,0.17320508075688773,5.905251899792251,2.563916275284096,1.6208022704821214,3.5757117173668065,2.769476484825244,6.421281581028595,0.4358898943540673,2.2286767374386085,119.36360416810479,2.726169473822199,1.1724617975297391,3.155471438628466,1.2351980754981307,28.328489782078634,8.15125757168794,3.3297147024932934,8.476909814313235,0.3492849839314596,8.701264275954385,1.5159155649309763,4.147288270665545,8.540355183870673,0.2507132682112035,19.17504889172385,1.0014988766843425,9.148424272336007,1.522169504358828,0.47222875812470366,1.4618481453283716,0.0,1.346476884316994,-5.0000000000000036,11.700000000000003,-0.1,-0.2,10.5,-2.5,-3.1,-10.499999999999996,0.20000000000000284,-21.19999999999999,0.7,4.0,-263.7,-4.700000000000001,-1.9000000000000004,5.1,-0.10000000000000009,-42.900000000000006,-1.6000000000000014,0.0,-16.199999999999996,0.7000000000000001,-4.000000000000001,-3.5999999999999996,5.0,18.200000000000003,0.20000000000000007,6.799999999999997,-0.5,-15.900000000000006,-0.3000000000000007,-0.7999999999999998,-1.4000000000000001,0.0,-2.6,192,35,24.0,7.8115621015775005
A7142B71-A144-4D56-BD14-3E966B01DB37,2,1992-06-13 21:58:11.263,1992-06-30 17:16:38.870,16,1992,6,5,토,장기(15-30일),Male,1960-03-28 13:40:52.270,White,Divorced,Spanish,19.52,65.8,60대,Medium,O99.43,Diseases of the circulatory system complicating the puerperium,4.0,2.0,0.0,3.0,3.0,5.0,1.0,2.0,1.0,1.0,1.0,1.0,1.0,1.0,2.0,1.0,2.0,3.0,0.0,1.0,1.0,0.0,1.0,0.0,6.0,1.0,0.0,1.0,2.0,1.0,1.0,2.0,2.0,0.0,4.0,22.791666666666668,72.90000000000002,0.0875,0.29999999999999993,40.925000000000004,13.541666666666666,3.4583333333333335,31.814285714285717,34.13999999999999,83.46666666666667,0.7500000000000001,5.363636363636363,321.12727272727267,13.085714285714285,5.2,8.014285714285714,4.5,92.975,47.44285714285714,11.841666666666667,30.349999999999998,0.7000000000000001,18.133333333333336,9.518750000000002,24.933333333333334,102.42307692307692,0.9615384615384616,91.40833333333332,4.607142857142857,136.53636363636363,7.558333333333334,5.9,1.475,1.0,2.5235294117647062,6.669667885057674,6.301659233163048,0.061913918736689035,0.14675987714106856,8.308607256661885,3.2360071730826596,0.9985975013472492,4.789227839297615,3.4799014764378438,8.68042032217893,0.3503245248726854,2.7262695124557017,107.78202160758623,2.4522696372190342,1.4456832294800963,1.9926237604097394,1.0905656024895218,34.98219547141088,16.28348452057692,4.442247247290566,6.179364486299983,0.3330301651638946,7.253102784326168,1.359518910007017,5.895599650425328,7.069082194805989,0.17097008285302212,21.827816212485864,0.8080977527638459,8.728719577036797,1.4380911169345494,0.9966610925150703,0.926282894152753,0.0,1.731520073434288,0.09999999999999964,2.6999999999999886,0.0,-0.30000000000000004,-23.499999999999996,0.7000000000000011,-2.1,-10.400000000000002,-1.0,11.299999999999997,-0.20000000000000007,-5.6,24.19999999999999,-3.6000000000000014,-3.0999999999999996,2.3999999999999995,1.5000000000000004,-8.299999999999997,44.2,-1.3000000000000007,-10.7,0.0,-10.600000000000001,-3.299999999999999,3.1000000000000014,15.900000000000006,-0.19999999999999996,34.5,-0.40000000000000036,-7.300000000000011,-3.6999999999999993,0.5999999999999996,-1.7,0.0,3.3,458,35,57.0,8.026808702574302
A7142B71-A144-4D56-BD14-3E966B01DB37,3,1993-04-01 00:41:35.363,1993-04-05 07:16:17.447,4,1993,4,3,목,단기(4-7일),Male,1960-03-28 13:40:52.270,White,Divorced,Spanish,19.52,65.8,60대,Medium,M05.132,Rheumatoid lung disease with rheumatoid arthritis of left wrist,0.0,1.0,0.0,1.0,0.0,0.0,1.0,1.0,0.0,2.0,0.0,0.0,0.0,1.0,1.0,1.0,1.0,0.0,0.0,0.0,0.0,0.0,0.0,3.0,0.0,0.0,2.0,0.0,0.0,1.0,0.0,1.0,0.0,0.0,2.0,27.25,73.825,0.15,0.20000000000000004,43.925,14.15,1.625,31.425,30.9,85.73333333333335,0.75,5.625,235.5,12.15,4.666666666666667,7.520000000000001,4.074999999999999,77.94999999999999,42.7,14.725,24.566666666666666,0.6,14.440000000000001,10.04,28.48,102.0,0.64,84.425,4.36,143.74,7.8,7.0,1.8666666666666665,1.0,5.475,2.5093159758521173,7.688248608536713,0.05773502691896258,0.09999999999999998,7.288518367953804,2.333452377915607,0.8616843969807043,5.631089296634059,1.1489125293076072,14.065679270242637,0.07071067811865482,3.1468237955119127,91.98026962343609,3.7476659402887025,1.3316656236958788,3.332716609614445,1.0372238588334406,24.79361476939846,11.172287142747452,3.5074919814591166,10.623715608643394,0.45825756949558405,3.906788962818443,2.3818060374430154,5.776417574933448,5.5575774098672435,0.1341640786499874,14.575636063879564,0.554977477020464,11.710380010913397,1.1247221879201994,0.45825756949558416,1.1015141094572205,0.0,0.5377421934967227,-0.40000000000000213,15.700000000000003,0.0,0.19999999999999998,16.799999999999997,3.3000000000000007,-1.1,-3.1999999999999993,2.0,12.900000000000006,0.10000000000000009,3.6,-46.900000000000006,5.300000000000001,2.5999999999999996,0.7000000000000002,-0.7000000000000002,-11.899999999999991,15.800000000000004,-1.0,6.200000000000001,-0.6000000000000001,-7.5,-3.8999999999999995,2.5,6.200000000000003,0.19999999999999996,-2.5999999999999943,-1.4000000000000004,0.4000000000000057,-0.9000000000000004,0.9000000000000004,1.0,0.0,1.2000000000000002,133,35,19.0,6.991630363642303
A7142B71-A144-4D56-BD14-3E966B01DB37,4,1997-03-10 13:21:34.317,1997-03-14 11:31:59.847,3,1997,3,0,월,초단기(~3일),Male,1960-03-28 13:40:52.270,White,Divorced,Spanish,19.52,65.8,60대,Medium,E11.331,Type 2 diabetes mellitus with moderate nonproliferative diabetic retinopathy with macular edema,0.0,0.0,0.0,0.0,1.0,0.0,1.0,1.0,0.0,0.0,0.0,0.0,1.0,0.0,1.0,2.0,0.0,0.0,0.0,0.0,0.0,0.0,0.0,1.0,0.0,0.0,0.0,0.0,1.0,1.0,0.0,0.0,1.0,0.0,1.0,26.733333333333334,76.3,0.16666666666666666,0.3666666666666667,33.85,18.033333333333335,2.9749999999999996,30.475,34.0,85.65,0.525,4.45,365.57500000000005,12.999999999999998,6.0,3.45,4.05,91.26666666666667,56.23333333333333,9.174999999999999,29.299999999999997,0.8666666666666666,17.73333333333333,8.533333333333333,21.825000000000003,102.73333333333335,0.9333333333333332,104.65,4.233333333333333,131.79999999999998,5.4,6.475,0.7000000000000001,1.0,1.5999999999999999,1.115048578911848,1.4142135623730951,0.05773502691896257,0.0577350269189626,2.5488559525141206,0.378593889720018,1.4244882121894398,6.409043090300872,1.2288205727444501,7.000357133746809,0.39475730941090037,3.606244584051393,109.81163796853835,1.151810169544733,0.8544003745317534,0.07071067811865465,0.0707106781186545,31.952203888516568,12.951576480619394,4.469433222829639,5.766281297335397,0.15275252316519466,9.4405155226467,1.2897028081435402,2.862836588653522,5.014312847572772,0.11547005383792512,22.36761051163043,1.3051181300301258,6.797793759742933,,0.8381527307120105,0.5291502622129182,0.0,1.571623364550171,2.1000000000000014,2.0,0.1,-0.10000000000000003,-4.9999999999999964,-0.6999999999999993,2.3,-15.200000000000003,-1.8999999999999986,9.899999999999991,-0.9000000000000001,5.1,30.19999999999999,0.7000000000000011,1.0,0.10000000000000009,0.09999999999999964,-31.299999999999997,-24.200000000000003,-8.8,5.0,-0.20000000000000007,-17.299999999999997,2.5,0.7999999999999972,-9.099999999999994,0.0,23.700000000000003,1.5,13.100000000000009,0.0,-1.5,-1.0,0.0,-3.0999999999999996,109,35,12.0,7.206461670613301
A7142B71-A144-4D56-BD14-3E966B01DB37,5,2008-08-15 22:41:51.243,2008-08-22 02:09:57.560,6,2008,8,4,금,단기(4-7일),Male,1960-03-28 13:40:52.270,White,Divorced,Spanish,19.52,65.8,60대,Medium,E10.331,Type 1 diabetes mellitus with moderate nonproliferative diabetic retinopathy with macular edema,0.0,0.0,0.0,2.0,1.0,0.0,1.0,1.0,2.0,0.0,0.0,1.0,0.0,0.0,0.0,1.0,0.0,1.0,0.0,1.0,2.0,0.0,0.0,0.0,1.0,0.0,0.0,1.0,1.0,0.0,0.0,2.0,0.0,0.0,0.0,19.16,67.78,0.12,0.39999999999999997,44.14,14.9,1.4249999999999998,34.26,31.6,86.48333333333333,0.6200000000000001,7.566666666666666,271.58000000000004,11.350000000000001,4.842857142857143,7.75,4.5,114.65,56.0,10.65,31.883333333333336,0.7000000000000001,17.38,9.82,28.725,105.06666666666666,1.0,126.05000000000001,4.1,141.85,6.8500000000000005,5.771428571428572,1.55,1.0,3.2249999999999996,3.0672463220289305,5.816957967872899,0.08366600265340757,0.17888543819998315,9.199076040559728,2.4262453846770464,0.8995369179009092,3.5146834850381588,3.6585516259853446,9.275217877045623,0.30331501776206204,2.696417376198771,118.2189790177533,1.580084385932177,1.1385036127261416,3.2511536414017717,0.7348469228349533,44.772647900252664,18.196519813781244,4.912908167945608,9.382838944939142,0.33466401061363027,4.111204203150216,1.3917614738165447,6.754442982215484,3.332166462428507,0.1,7.4764073368608415,1.414213562373095,10.469161061581445,1.2988456413292535,0.9268482179125226,1.6263455967290592,0.0,1.3720422734012245,7.600000000000001,-11.100000000000001,-0.2,0.2,-13.299999999999997,-4.300000000000001,1.3000000000000003,-9.899999999999999,-2.700000000000003,23.60000000000001,-0.3,-2.0999999999999996,-241.60000000000002,0.5,0.0,-4.8,0.9000000000000004,-77.5,38.50000000000001,-8.9,-12.8,0.0,5.4,1.2999999999999998,-5.700000000000003,-6.599999999999994,-0.10000000000000009,8.799999999999997,1.9999999999999996,9.599999999999994,-3.5999999999999996,-0.7000000000000002,2.3000000000000003,0.0,1.1,164,35,18.0,8.111896705311478
FE0B9B59-1927-45B7-8556-E079DC1DE30A,1,1978-09-18 14:59:25.877,1978-09-24 10:26:14.790,5,1978,9,0,월,단기(4-7일),Male,1955-08-23 01:01:22.260,White,Divorced,English,6.48,70.4,70세~,Low,C03.0,Malignant neoplasm of upper gum,1.0,1.0,0.0,1.0,2.0,0.0,1.0,1.0,0.0,0.0,0.0,0.0,1.0,1.0,0.0,0.0,0.0,1.0,0.0,0.0,2.0,0.0,1.0,0.0,1.0,2.0,1.0,0.0,0.0,0.0,2.0,0.0,2.0,0.0,1.0,23.200000000000003,72.85,0.03333333333333333,0.35000000000000003,45.675,16.46666666666667,3.4,31.080000000000002,34.775000000000006,87.175,0.55,6.02,253.6,13.35,6.133333333333333,6.6000000000000005,4.125,80.94000000000001,47.23333333333333,10.899999999999999,24.733333333333334,0.5,19.974999999999998,10.333333333333334,29.333333333333332,104.35999999999999,0.85,109.55,4.66,141.5,8.216666666666667,6.333333333333333,2.3,1.0,1.6333333333333335,6.547773158359514,7.661374985383937,0.05773502691896258,0.1914854215512676,9.94530877683879,1.6289055630494151,2.262741699796952,5.661890143759416,3.919502519453206,8.479927279562403,0.40414518843273806,2.119433886678233,116.8788261405803,5.0204581464244855,0.7234178138070233,2.305645245912736,0.9429563439877096,35.95299709342741,19.99308213691259,5.37401153701776,9.549589869029282,0.31622776601683794,8.930238891914744,0.702376916856849,5.269092268439919,9.884735707139567,0.2345207879911715,20.566356021424895,0.9099450532861862,10.492616451581565,1.6714265364252974,0.8326663997864528,1.374772708486752,0.0,1.1465891446663303,-6.099999999999998,17.900000000000006,0.1,0.0,-5.199999999999996,2.5999999999999996,-3.2,-12.200000000000003,-8.400000000000002,-8.200000000000003,-0.9000000000000001,-4.6000000000000005,217.50000000000003,7.099999999999998,-1.2999999999999998,-3.3,-1.7000000000000002,83.8,-29.1,-7.6,-3.1999999999999993,0.6000000000000001,2.4000000000000004,0.8000000000000007,0.8000000000000007,4.3999999999999915,-0.4,-7.000000000000014,-1.0,18.5,-0.29999999999999893,1.1999999999999993,-0.10000000000000009,0.0,2.0,147,35,22.0,8.798650646597164
FE0B9B59-1927-45B7-8556-E079DC1DE30A,2,1996-07-18 11:54:05.500,1996-07-28 23:48:09.407,10,1996,7,3,목,중기(8-14일),Male,1955-08-23 01:01:22.260,White,Divorced,English,6.48,70.4,70세~,Low,K76.7,Hepatorenal syndrome,0.0,2.0,0.0,0.0,0.0,0.0,0.0,1.0,1.0,0.0,1.0,0.0,1.0,1.0,2.0,1.0,1.0,2.0,0.0,4.0,1.0,0.0,1.0,0.0,4.0,1.0,1.0,1.0,2.0,2.0,2.0,0.0,1.0,0.0,0.0,25.566666666666663,67.81666666666668,0.1,0.39999999999999997,42.442857142857136,13.279999999999998,3.0222222222222217,29.150000000000002,33.4,80.84,0.6888888888888889,5.166666666666667,278.0833333333333,13.675,4.8428571428571425,7.737500000000001,4.266666666666667,81.47777777777777,44.82222222222222,11.077777777777776,28.042857142857144,0.6999999999999998,21.200000000000003,9.84,27.4125,103.8,0.8444444444444444,106.13333333333334,4.5249999999999995,137.3714285714286,8.122222222222222,5.975,1.188888888888889,1.0,2.1714285714285713,5.4220537314440795,6.744899307377885,0.07559289460184544,0.0632455532033676,5.5395117543146775,1.2029131306956449,1.0837178804672571,4.645735371591579,4.061034350999754,9.809841996688837,0.30184617127124724,2.349468024894146,98.96986241612476,2.360236065675272,1.3113061463761273,2.7871836784006283,0.8238122763510306,29.524556634172253,15.476496517120548,5.77338240933722,10.514570389520937,0.37416573867739417,4.710413994544428,0.995768826362603,7.141916009427321,8.98313234159815,0.1810463415200036,28.239027367575297,1.088577052853862,9.791784700403083,1.697629065621947,0.9662150012142374,0.7736996258956775,0.0,1.1870331162388095,-1.0,19.4,0.2,0.0,-8.100000000000001,-3.299999999999999,0.0,8.2,8.0,-5.299999999999997,0.0,3.5,92.30000000000001,2.200000000000001,1.2000000000000002,-2.5,-1.7000000000000002,-14.299999999999997,20.5,-13.399999999999999,2.400000000000002,-0.09999999999999998,-3.3000000000000007,-1.8000000000000007,-11.100000000000001,16.099999999999994,0.09999999999999998,23.299999999999997,0.40000000000000036,-29.200000000000017,0.10000000000000142,1.0,1.9000000000000001,0.0,0.5999999999999999,270,35,33.0,7.856333596644627
FE0B9B59-1927-45B7-8556-E079DC1DE30A,3,2010-06-14 06:39:54.093,2010-06-22 10:21:08.230,8,2010,6,0,월,중기(8-14일),Male,1955-08-23 01:01:22.260,White,Divorced,English,6.48,70.4,70세~,Low,C75.3,Malignant neoplasm of pineal gland,1.0,2.0,0.0,3.0,0.0,2.0,0.0,0.0,1.0,3.0,0.0,2.0,0.0,0.0,1.0,1.0,2.0,0.0,2.0,1.0,1.0,1.0,0.0,1.0,1.0,4.0,3.0,1.0,1.0,0.0,0.0,1.0,1.0,0.0,3.0,25.38333333333333,69.8,0.1222222222222222,0.30000000000000004,47.2,14.799999999999999,2.5285714285714285,27.51111111111111,32.36666666666667,84.875,0.45,5.2124999999999995,302.2142857142857,13.042857142857143,5.55,8.583333333333334,3.8857142857142866,90.24285714285713,36.300000000000004,12.757142857142856,30.72857142857143,0.6111111111111112,17.4,9.814285714285715,26.25,100.375,0.9222222222222223,103.2,3.9000000000000004,142.3125,7.111111111111111,5.585714285714286,1.7571428571428573,1.0,3.75,5.062575102323587,6.2887654932086186,0.08333333333333334,0.17320508075688773,3.743565908900991,2.745450782658469,0.8807464366741914,3.9916927626147682,2.9473151624260794,10.559592795179178,0.24289915602982237,3.2414447836904894,82.27161172140785,1.2231886511043484,1.0014988766843425,2.601089515312125,1.21164980010531,27.8839773073389,16.78043077941854,3.5659767913140543,9.695482502298736,0.2522124325070259,7.545102479659997,1.6364886917101618,5.316671891324497,10.373282990451964,0.2386303510546059,17.641185577262906,0.632455532033676,5.812655527873152,0.9413347497628625,0.8783100656536801,0.9536895771286428,0.0,1.9949937343260002,7.300000000000001,3.0,0.0,0.0,-8.600000000000001,4.199999999999999,0.7999999999999998,-12.399999999999999,4.5,-4.799999999999997,0.10000000000000003,-6.1,159.50000000000003,2.5999999999999996,2.3999999999999995,1.200000000000001,-2.6999999999999997,-17.799999999999997,27.099999999999998,-1.0,4.799999999999997,-0.2,18.2,1.3000000000000007,7.099999999999998,4.0,-0.30000000000000004,-12.0,0.8999999999999999,-1.1000000000000227,0.5999999999999996,-1.5,-1.2999999999999998,0.0,-1.0,262,35,39.0,6.8689287526722795
98F593D2-8894-49BB-93B9-5A0E2CF85E2E,1,1965-08-08 03:44:16.423,1965-08-24 03:53:46.330,16,1965,8,6,일,장기(15-30일),Female,1944-07-15 19:04:11.487,African American,Married,English,9.1,81.5,70세~,Low,Z12.2,Encounter for screening for malignant neoplasm of respiratory organs,0.0,0.0,0.0,3.0,2.0,1.0,0.0,2.0,2.0,1.0,1.0,2.0,3.0,3.0,3.0,4.0,0.0,0.0,0.0,2.0,1.0,1.0,2.0,1.0,2.0,4.0,2.0,1.0,3.0,1.0,3.0,2.0,0.0,0.0,3.0,23.625,70.02727272727273,0.14,0.35000000000000003,38.654545454545456,14.479999999999999,2.7999999999999994,29.553846153846152,32.726666666666674,82.56666666666666,0.6,6.45,284.8,13.25,5.281818181818182,8.15,4.6,78.59166666666665,44.443749999999994,12.863636363636362,28.028571428571436,0.6083333333333334,16.29,9.292857142857143,26.22,99.63999999999999,0.7846153846153847,102.0,4.5357142857142865,141.40833333333333,7.638461538461537,5.966666666666668,1.4166666666666667,1.0,3.5214285714285722,5.150485414016818,4.216892436164557,0.06992058987801011,0.16787441193290353,6.173226650037018,2.4512128517214578,0.9045340337332909,5.536336843168564,3.303562290849654,8.061947655498635,0.33665016461206926,3.2469643942885758,105.3036993220518,2.5589415425487583,1.256835853895155,3.203832931746825,0.6633249580710798,32.94931254168586,16.387595664607627,4.4258948761290595,8.423906326770128,0.39876703915337774,8.570420707941421,1.5025436308598037,6.813026738046265,8.57103649896946,0.16756169931378437,24.02107408089821,1.0285218242007037,8.935980216195782,1.6199477674390523,0.9856546816787062,0.8222290472007213,0.0,1.602967714742095,9.100000000000001,-9.0,0.1,0.09999999999999998,7.4999999999999964,1.3999999999999986,-2.6999999999999997,0.0,-2.1000000000000014,-21.799999999999997,-0.3,-0.40000000000000036,-136.1,-6.9,-2.5,3.0,0.6000000000000005,31.999999999999993,4.299999999999997,-9.900000000000002,18.9,0.0,-5.800000000000001,1.5,6.900000000000002,11.0,0.5,26.700000000000003,0.0,-20.0,-2.5,0.40000000000000036,-1.3,0.0,2.1,417,35,55.0,7.995219525715634
98F593D2-8894-49BB-93B9-5A0E2CF85E2E,2,1967-04-04 19:57:22.033,1967-04-11 05:42:10.533,6,1967,4,1,화,단기(4-7일),Female,1944-07-15 19:04:11.487,African American,Married,English,9.1,81.5,70세~,Low,I08.1,Rheumatic disorders of both mitral and tricuspid valves,0.0,1.0,0.0,2.0,0.0,1.0,1.0,1.0,1.0,0.0,0.0,1.0,1.0,0.0,0.0,1.0,1.0,1.0,0.0,0.0,0.0,0.0,2.0,1.0,1.0,0.0,1.0,1.0,1.0,1.0,1.0,1.0,2.0,0.0,0.0,27.614285714285717,72.53999999999999,0.1,0.5,41.56,15.95,1.9,32.36,31.916666666666668,85.1,0.86,5.239999999999999,205.4333333333333,13.65,5.28,6.449999999999999,4.699999999999999,87.08000000000001,52.94000000000001,11.966666666666667,29.428571428571427,0.7400000000000001,18.9,10.0,23.599999999999998,97.63333333333333,0.7999999999999998,108.975,4.75,148.125,8.416666666666668,6.659999999999999,1.5999999999999999,1.0,2.3166666666666664,4.438253624805057,6.152885501941341,0.07071067811865477,0.1414213562373095,6.487911836638968,1.9570385790780918,1.4236104336041748,6.678547746329286,3.4890781972702567,10.323759005323595,0.1949358868961793,3.2554569571720653,65.78163370830289,0.46547466812563143,1.2794530081249569,4.596194077712558,1.1895377253370316,44.304142018551715,12.854298891810478,2.281081614790084,9.26871337452225,0.3781534080237808,11.704272724095247,1.5620499351813315,4.784871994108096,7.600877142365436,0.2449489742783178,25.28601392074283,0.7867655305108378,4.224827412648547,1.6521702898510993,0.8532291603080618,1.3735598518691008,0.0,0.6823977334858804,10.799999999999997,11.700000000000003,0.2,-0.09999999999999998,-15.000000000000004,-2.6999999999999993,-2.0,-12.600000000000001,0.0,-14.600000000000009,0.4,-3.0000000000000004,32.29999999999998,-0.40000000000000036,1.2999999999999998,-6.499999999999999,-2.9,2.3000000000000043,0.30000000000000426,3.9000000000000004,4.0,0.5000000000000001,-22.700000000000003,-2.8000000000000007,-1.6999999999999993,11.799999999999997,-0.6,48.900000000000006,-1.0999999999999996,-5.199999999999989,-2.999999999999999,-1.7000000000000002,-3.3,0.0,-0.5999999999999999,162,35,24.0,7.079093627661747
98F593D2-8894-49BB-93B9-5A0E2CF85E2E,3,1987-07-21 01:39:09.930,1987-07-31 14:32:45.883,10,1987,7,1,화,중기(8-14일),Female,1944-07-15 19:04:11.487,African American,Married,English,9.1,81.5,70세~,Low,F52.3,Orgasmic disorder,1.0,2.0,0.0,2.0,3.0,1.0,0.0,0.0,1.0,1.0,0.0,0.0,1.0,1.0,0.0,3.0,0.0,1.0,1.0,1.0,1.0,0.0,1.0,0.0,1.0,1.0,2.0,1.0,0.0,2.0,3.0,2.0,0.0,0.0,3.0,25.085714285714285,67.84,0.1222222222222222,0.38,48.550000000000004,15.15,3.1285714285714286,30.412499999999998,33.87142857142857,83.37142857142855,0.8000000000000002,6.033333333333333,320.14285714285717,14.1375,5.0375000000000005,5.9125,4.514285714285714,95.73750000000001,46.144444444444446,11.6,22.75,0.588888888888889,16.62222222222222,8.877777777777778,28.587500000000002,97.51428571428572,0.788888888888889,96.61,4.544444444444444,145.22222222222226,8.172727272727272,5.5,1.48,1.0,2.4111111111111105,5.992892615821004,6.204335401779773,0.08333333333333334,0.14757295747452437,7.494731482848468,2.7583639043047667,1.3912994953331528,3.659991217788057,3.1972458385899793,8.785540067959067,0.28982753492378877,3.091520661422143,97.98747976387692,2.8834193491161044,1.2971810095081455,2.5704015806317675,0.9685531674075709,35.283664269541426,14.804653922931726,5.372522684921861,7.136425675964925,0.3018461712712472,7.349792136138577,0.8257992761224999,6.475103418920371,5.722303898322938,0.2088327347690278,22.804894698775133,0.8063980268935294,7.306637013321815,1.484648718782264,0.813770374382247,0.8814760348415605,0.0,1.8737959096740262,-3.3000000000000007,0.20000000000000284,0.1,0.09999999999999998,7.700000000000003,-7.399999999999999,-1.2999999999999998,6.5,0.5999999999999943,17.799999999999997,0.30000000000000004,-6.5,111.30000000000001,0.3999999999999986,-2.3000000000000003,-2.3,-0.6000000000000005,30.10000000000001,3.5,13.8,15.700000000000001,-0.5,7.599999999999998,1.0999999999999996,-4.100000000000001,-5.5,0.30000000000000004,-16.200000000000003,-1.4,-23.900000000000006,-1.3000000000000007,-0.9000000000000004,-1.7,0.0,1.0000000000000002,284,35,36.0,7.664464409934108
98F593D2-8894-49BB-93B9-5A0E2CF85E2E,4,2005-01-17 16:06:58.350,2005-01-24 03:16:22.850,6,2005,1,0,월,단기(4-7일),Female,1944-07-15 19:04:11.487,African American,Married,English,9.1,81.5,70세~,Low,C94.32,"Mast cell leukemia, in relapse",0.0,1.0,0.0,2.0,0.0,0.0,1.0,0.0,3.0,0.0,0.0,1.0,2.0,0.0,1.0,0.0,1.0,0.0,1.0,0.0,2.0,0.0,2.0,1.0,0.0,2.0,1.0,0.0,1.0,1.0,0.0,0.0,2.0,0.0,0.0,20.700000000000003,69.8,0.1,0.22000000000000003,43.416666666666664,14.816666666666665,4.266666666666667,32.16,31.849999999999998,82.46666666666667,0.6333333333333334,4.35,288.12857142857143,11.760000000000002,4.36,7.92,3.65,106.64000000000001,42.285714285714285,11.2,30.72,0.65,21.816666666666666,9.185714285714285,24.020000000000003,102.53333333333332,0.9199999999999999,100.62,4.42,143.925,8.3,5.783333333333334,1.5000000000000002,1.0,1.9249999999999998,4.01646610840923,7.079830506445759,0.08164965809277261,0.16431676725154984,7.353751876876635,2.3794257010183504,0.6806859285554046,3.59624804483784,4.235917846228842,6.981308377852014,0.24221202832779934,3.0197682030248614,139.67093129072722,1.7586926962946083,1.182370500308596,2.187921387984495,0.8103497187428812,43.36574685163396,16.29922580691371,1.5811388300841902,11.285255867724047,0.4358898943540674,8.753380299442421,1.712141516180415,4.104509714935514,8.377748305282674,0.22803508501982758,24.18164593240088,0.9984988733093293,11.564132767599425,0.8485281374238568,1.0264826674945202,1.2066482503198686,0.0,0.4349329450233296,-0.7000000000000028,-6.6000000000000085,0.0,0.3,-14.199999999999996,1.5,1.2999999999999998,-2.1999999999999957,-2.8000000000000007,7.6000000000000085,-0.10000000000000003,-5.3,-37.5,2.3000000000000007,2.5,-3.8999999999999995,-0.8999999999999999,88.5,32.800000000000004,1.9000000000000004,19.400000000000002,0.0,22.0,2.499999999999999,-9.099999999999998,-11.0,-0.20000000000000007,38.599999999999994,-2.0000000000000004,-25.0,1.2000000000000002,-0.20000000000000018,0.9000000000000001,0.0,-0.19999999999999973,184,35,25.0,9.195593953889167
98F593D2-8894-49BB-93B9-5A0E2CF85E2E,5,2008-09-12 11:54:45.020,2008-09-23 08:39:17.050,10,2008,9,4,금,중기(8-14일),Female,1944-07-15 19:04:11.487,African American,Married,English,9.1,81.5,70세~,Low,M06.2,Rheumatoid bursitis,0.0,3.0,0.0,2.0,0.0,3.0,0.0,2.0,2.0,1.0,2.0,2.0,0.0,2.0,1.0,2.0,0.0,3.0,1.0,3.0,2.0,1.0,1.0,1.0,0.0,2.0,3.0,1.0,1.0,0.0,2.0,1.0,2.0,0.0,0.0,25.162499999999998,76.75555555555556,0.08571428571428572,0.35,40.67142857142857,16.3125,3.042857142857143,33.13,32.06666666666667,79.1875,0.7500000000000001,4.725,257.5888888888889,13.8875,4.9111111111111105,6.012500000000001,4.26,118.48333333333333,45.17777777777778,10.68,21.166666666666668,0.5375,16.17777777777778,9.357142857142858,24.78333333333333,103.54444444444444,0.942857142857143,95.7857142857143,4.457142857142857,141.85,7.271428571428571,6.155555555555555,2.15,1.0,2.857142857142857,5.570313533109503,3.0331959675856384,0.03779644730092273,0.1649915822768611,5.678530997160646,2.796649781434922,1.321435006419338,4.968355417596004,3.524580353271388,6.425048637948203,0.38172540616821105,3.1855701440805135,55.58995962501782,2.4965333106987724,0.9701088140570169,2.4619606008220356,0.7503332592921631,32.02357985401799,18.006997096807794,6.748110846748148,7.064877918265823,0.3662064211031026,6.169436314967879,1.4385839598451697,3.9620281001864006,8.428391173751832,0.2699206232527312,26.576645673186363,0.8423323628614829,6.267615176444698,1.7801819061679116,0.671027404639913,1.1476684439082818,0.0,1.5197117521174237,-9.800000000000004,-1.3999999999999915,0.0,0.1,-12.0,4.9,2.5,1.0,-1.6999999999999993,-14.600000000000009,-0.6000000000000001,5.7,56.99999999999997,-3.5,0.3000000000000007,-0.2999999999999998,1.3000000000000007,63.80000000000001,-31.9,11.7,1.8000000000000007,-0.5,-1.0,-0.6000000000000014,5.899999999999999,5.199999999999989,0.5,-16.099999999999994,1.5,4.900000000000006,0.20000000000000018,-0.20000000000000018,-0.3999999999999999,0.0,0.09999999999999964,267,35,46.0,6.361154397500369
1A220558-5996-43E1-AE5D-7B96180FED35,1,1964-02-25 17:05:08.243,1964-03-16 15:09:11.637,19,1964,2,1,화,장기(15-30일),Male,1937-09-07 22:23:53.143,Asian,Married,English,15.11,88.4,70세~,Medium,C69.61,Malignant neoplasm of right orbit,2.0,3.0,0.0,4.0,0.0,2.0,1.0,1.0,2.0,2.0,1.0,2.0,1.0,2.0,3.0,1.0,2.0,0.0,4.0,3.0,2.0,0.0,4.0,1.0,0.0,1.0,0.0,2.0,1.0,3.0,2.0,1.0,0.0,0.0,1.0,26.606666666666666,73.2,0.10000000000000002,0.3076923076923077,41.166666666666664,13.9,3.106666666666667,30.957142857142856,33.42666666666667,88.08571428571429,0.5153846153846154,6.671428571428571,304.24615384615385,13.260000000000002,4.719999999999999,7.199999999999999,4.621428571428572,91.85714285714286,46.38571428571429,9.471428571428572,24.045454545454547,0.6,14.250000000000002,9.776923076923076,25.79166666666667,103.06428571428572,0.86,101.69374999999998,4.33125,140.69285714285715,7.273333333333334,6.408333333333332,2.118181818181818,1.0,3.7272727272727266,5.334720057813539,5.747390712314589,0.09534625892455924,0.16052797503622468,6.161709719442053,2.6198542638162836,1.2185862222068577,4.512838827801662,3.372465538671049,8.610356656854686,0.23038429433649135,3.0144341404006796,87.21614544131738,2.1609521710843773,1.3272958546286076,2.3559852857491843,0.9472052587469105,34.546973913693314,20.12575300618424,4.1121636774197246,7.161056295877534,0.3592922335521728,8.984837655311736,1.4922878666407082,4.127393704007262,7.6737922771005405,0.17647338933351156,23.29450489564724,0.8576858399204219,7.54244036061318,1.2730540705982076,0.6947312539043536,0.9064415941671937,0.0,1.560827286467602,-1.3000000000000007,-5.700000000000003,0.0,-0.2,-7.299999999999997,1.5,1.7000000000000002,0.1999999999999993,4.700000000000003,-5.599999999999994,0.19999999999999996,-5.3999999999999995,47.5,1.9000000000000004,-2.1999999999999997,4.0,0.9000000000000004,88.10000000000001,-46.099999999999994,-8.799999999999999,11.3,-0.9,0.6000000000000014,1.5,3.5,-2.8999999999999915,0.4,9.299999999999997,-0.19999999999999973,-6.799999999999983,0.9000000000000004,-1.5,1.7,0.0,-3.0000000000000004,476,35,54.0,7.427883085702402
1A220558-5996-43E1-AE5D-7B96180FED35,2,1979-04-18 18:32:25.843,1979-04-21 04:18:01.013,2,1979,4,2,수,초단기(~3일),Male,1937-09-07 22:23:53.143,Asian,Married,English,15.11,88.4,70세~,Medium,I08.1,Rheumatic disorders of both mitral and tricuspid valves,0.0,0.0,0.0,1.0,1.0,0.0,0.0,0.0,0.0,0.0,0.0,2.0,0.0,0.0,1.0,0.0,0.0,0.0,0.0,0.0,0.0,0.0,1.0,0.0,0.0,0.0,0.0,0.0,0.0,0.0,0.0,0.0,1.0,0.0,0.0,16.9,75.25,0.1,0.19999999999999998,52.6,14.866666666666665,3.3499999999999996,32.75,37.45,87.1,0.6000000000000001,5.066666666666667,336.15,12.1,5.733333333333334,8.333333333333334,4.5,113.94999999999999,27.15,11.6,29.833333333333332,0.39999999999999997,22.4,7.8,25.2,101.83333333333333,0.7,126.5,4.5,139.36666666666667,5.533333333333334,6.0,1.9,1.0,2.1,,1.9091883092036703,0.0,0.09999999999999999,1.1999999999999984,1.8009256878986806,1.7677669529663682,2.616295090390228,1.7677669529663689,1.4142135623730951,0.28284271247461906,5.081666393353005,64.13458505361983,2.16564078277077,1.222020185321557,3.453018003621373,1.6970562748477143,38.39589821842953,2.3334523779156084,2.6,7.839855440844131,0.42426406871192845,9.758073580374354,0.2828427124746193,0.0,9.171877306927588,0.1414213562373096,,0.556776436283002,1.4364307617610097,0.11547005383792475,0.264575131106459,2.1213203435596424,0.0,1.8384776310850237,0.0,-2.6999999999999886,0.0,-0.1,2.3999999999999986,3.5999999999999996,-2.4999999999999996,-3.700000000000003,-2.5,-2.0,-0.4,8.2,-90.69999999999999,-3.6999999999999993,-1.5999999999999996,-6.699999999999999,-2.4000000000000004,54.3,3.3000000000000007,4.6,-15.5,-0.6,-13.8,-0.40000000000000036,0.0,-14.299999999999997,0.20000000000000007,0.0,-0.40000000000000036,-0.5,-0.1999999999999993,0.39999999999999947,-3.0,0.0,2.5999999999999996,83,35,7.0,5.087688526707739
1A220558-5996-43E1-AE5D-7B96180FED35,3,2012-06-09 18:41:49.740,2012-06-25 08:17:55.600,15,2012,6,5,토,장기(15-30일),Male,1937-09-07 22:23:53.143,Asian,Married,English,15.11,88.4,70세~,Medium,Q24.3,Pulmonary infundibular stenosis,1.0,3.0,0.0,3.0,1.0,1.0,1.0,2.0,1.0,2.0,3.0,3.0,1.0,3.0,0.0,0.0,3.0,4.0,4.0,2.0,3.0,2.0,4.0,1.0,0.0,1.0,2.0,5.0,0.0,2.0,0.0,2.0,3.0,0.0,2.0,25.663636363636364,70.70714285714286,0.1,0.3615384615384615,41.32727272727272,14.35,3.0,31.958333333333332,35.815384615384616,86.42307692307692,0.7692307692307693,7.245454545454546,313.59000000000003,11.5,4.64,6.816666666666667,4.8,110.38571428571429,47.88571428571428,8.872727272727273,21.785714285714285,0.52,19.746153846153845,9.922222222222224,27.7,103.5,0.8916666666666667,91.8888888888889,4.185714285714285,142.83076923076925,7.292307692307692,6.325,1.3666666666666665,1.0,2.3249999999999997,5.522005564515981,7.181328812725649,0.06793662204867576,0.16092680291808414,7.03165569536662,2.7411013048839252,1.529051993883792,4.739477979182046,2.8884384921747817,8.643509496162794,0.3794395326983721,3.345254440655789,82.7722370256007,1.8523258652599734,0.899629553390357,2.589781785589222,0.9404490653110589,36.87575516082781,19.006794620825513,4.620842111366911,9.068190994464548,0.38766701469910264,8.440637355932251,1.4498084164621357,5.0344269331726865,8.053570636680355,0.22343733444579583,30.34874150786341,0.699293206753068,9.176817223796842,1.203786760228972,0.725039183894097,1.066287811507614,0.0,1.6432368279488117,-6.799999999999997,-2.6000000000000014,0.1,-0.19999999999999998,12.899999999999999,-7.699999999999999,0.7000000000000002,1.6999999999999993,-1.1000000000000014,10.900000000000006,-0.3999999999999999,-7.499999999999999,64.19999999999999,-2.6999999999999993,1.4,5.9,-1.3999999999999995,-36.0,-44.1,10.399999999999999,5.299999999999999,0.8,-4.800000000000001,-1.0,8.7,-11.099999999999994,0.5000000000000001,10.0,-1.2999999999999998,11.5,-2.1999999999999993,1.2000000000000002,-1.7,0.0,-2.3,421,35,65.0,7.751682375235363
7A7332AD-88B1-4848-9356-E5260E477C59,1,1968-09-24 07:49:35.537,1968-10-11 13:09:40.553,17,1968,9,1,화,장기(15-30일),Female,1944-12-01 06:30:01.543,Unknown,Married,English,19.46,81.2,70세~,Medium,O10.213,"Pre-existing hypertensive chronic kidney disease complicating pregnancy, third trimester",2.0,2.0,0.0,3.0,2.0,2.0,0.0,3.0,2.0,3.0,0.0,2.0,3.0,2.0,2.0,2.0,2.0,1.0,1.0,0.0,2.0,0.0,2.0,2.0,1.0,0.0,3.0,2.0,2.0,3.0,4.0,3.0,3.0,0.0,3.0,24.53333333333333,70.24000000000001,0.08333333333333333,0.3166666666666666,38.192857142857136,13.066666666666666,2.3461538461538467,32.121428571428574,34.5,85.8090909090909,0.78,5.092857142857143,252.23076923076923,13.066666666666665,5.179999999999999,7.1,4.230769230769231,98.4,49.71875,12.658333333333331,29.991666666666664,0.6600000000000001,19.61,9.491666666666665,27.71875,99.76363636363637,0.8916666666666666,107.47142857142856,4.800000000000001,138.10714285714286,7.3687499999999995,6.166666666666668,1.7076923076923076,1.0,2.8636363636363638,5.730989654871349,5.870969742238987,0.07177405625652734,0.14668044012461753,4.370964386760623,2.5761728720461803,1.1012230962399525,5.53661637456677,3.286335345030995,9.596817654353403,0.33848401523768973,2.7891173916090057,97.81107967757184,2.6837332658862056,1.135907440897239,3.1334219845615006,1.1556993664621547,28.429315855292757,15.775221868487302,3.516573314860346,8.707620312987443,0.21705094128132948,7.3421840529005165,1.285908474993693,4.523158004462515,5.943613837939459,0.22343733444579583,23.770745710817565,0.8062257748298549,9.99957416675748,1.6115080928538126,1.003742994994236,1.0531393849356143,0.0,2.213717564312452,-13.8,-3.9000000000000057,0.1,-0.3,-4.299999999999997,-5.799999999999999,0.49999999999999956,5.700000000000003,0.19999999999999574,18.10000000000001,0.0,-1.3000000000000003,38.69999999999999,5.899999999999999,-3.4,-2.0,0.7000000000000002,-78.4,25.89999999999999,-3.0,2.8999999999999986,-0.7000000000000001,9.9,0.8000000000000007,-5.300000000000001,3.3999999999999915,0.3999999999999999,17.60000000000001,-2.4000000000000004,-3.0,-1.0,-2.5999999999999996,-0.30000000000000004,0.0,4.5,452,35,64.0,7.535963555767633
7A7332AD-88B1-4848-9356-E5260E477C59,2,1979-02-10 02:09:18.110,1979-02-23 09:01:35.220,13,1979,2,5,토,중기(8-14일),Female,1944-12-01 06:30:01.543,Unknown,Married,English,19.46,81.2,70세~,Medium,O98.63,Protozoal diseases complicating the puerperium,2.0,3.0,0.0,5.0,2.0,3.0,1.0,0.0,2.0,5.0,1.0,2.0,1.0,1.0,1.0,1.0,2.0,0.0,1.0,0.0,2.0,0.0,2.0,1.0,1.0,2.0,2.0,2.0,1.0,2.0,1.0,2.0,0.0,0.0,2.0,24.677777777777777,72.69090909090909,0.09999999999999999,0.36,46.65,15.329999999999998,3.099999999999999,29.37777777777778,34.37777777777778,83.08461538461538,0.5555555555555556,6.58,306.59090909090907,12.318181818181815,5.716666666666668,6.855555555555556,4.49090909090909,95.85833333333333,47.5,11.41,26.88181818181818,0.6000000000000001,17.423076923076923,9.110000000000001,28.815384615384612,103.47500000000001,0.9200000000000002,104.73333333333333,4.6499999999999995,137.7076923076923,7.053846153846155,6.01,1.8428571428571427,1.0,2.316666666666667,6.347593594776247,6.897456711782183,0.08528028654224418,0.20655911179772887,8.060848139449886,3.547784911431043,1.6522711641858303,3.9226195895656835,4.674606341120549,10.442449118369867,0.3876567783204336,3.179377996471078,89.21903893839537,2.366777632908585,1.1391517311871437,2.5125241845159976,1.2061961245622914,31.457719339783775,18.68605285844422,4.091576713199937,9.56909799111893,0.33574882386580707,7.70088240032204,1.665633012801239,4.985620348202444,6.245452891358787,0.24404006956964172,26.051055640798896,0.6908492797077577,9.631844885453454,1.2087289361249034,0.9048634028281715,0.7976154939508612,0.0,1.82897553705661,3.400000000000002,-15.199999999999996,0.1,0.19999999999999996,3.299999999999997,-0.20000000000000107,2.5999999999999996,3.8999999999999986,-2.6000000000000014,-19.0,0.6000000000000001,-9.4,-50.60000000000002,-4.1,1.9999999999999996,2.4999999999999996,2.7,22.599999999999994,38.8,8.1,-1.1999999999999993,-0.19999999999999996,19.200000000000003,-3.3999999999999995,4.199999999999999,7.300000000000011,-0.5000000000000001,-41.3,1.3000000000000003,4.3999999999999915,-4.5,-2.3,-0.7,0.0,0.8,364,35,53.0,7.769827142284847
7A7332AD-88B1-4848-9356-E5260E477C59,3,1985-05-16 23:24:40.390,1985-06-03 18:10:24.500,17,1985,5,3,목,장기(15-30일),Female,1944-12-01 06:30:01.543,Unknown,Married,English,19.46,81.2,70세~,Medium,E09.621,Drug or chemical induced diabetes mellitus with foot ulcer,1.0,1.0,0.0,3.0,1.0,1.0,4.0,0.0,3.0,1.0,1.0,1.0,1.0,1.0,3.0,1.0,2.0,1.0,2.0,1.0,5.0,1.0,3.0,1.0,1.0,2.0,3.0,1.0,2.0,4.0,1.0,3.0,1.0,0.0,4.0,28.258333333333336,68.37857142857142,0.16923076923076924,0.32857142857142857,40.57857142857143,14.526666666666667,3.815384615384615,30.383333333333336,36.55,85.38571428571429,0.7,5.778571428571428,238.70833333333334,13.64375,5.276470588235295,8.26153846153846,4.1866666666666665,78.39999999999999,48.50833333333333,10.807692307692305,26.592857142857145,0.6285714285714284,14.926666666666666,8.892307692307693,27.757142857142856,102.47857142857144,0.8692307692307691,98.6923076923077,4.671428571428572,142.8,7.823076923076925,6.21875,1.4461538461538461,1.0,2.64,5.544113722651887,5.152471934224096,0.048038446141526144,0.14373357526806554,5.5687560510444305,2.706200992077975,1.1603491958933123,3.960677934012017,3.058321979997091,6.873008202980831,0.28284271247461906,2.9644505448678062,93.94170782829622,2.2150902916134143,1.1892904458986804,2.6569212952646475,1.0453069724567357,28.08040403749723,19.09942685162584,3.644736281832002,9.68579167851345,0.3338091841585121,7.332361407454206,1.3984881947192944,5.108923458136646,7.803271362450747,0.25620504608813943,22.63781723644683,0.9465959835346632,10.817520510727025,1.1797978966429281,0.8408081429989444,0.8950003581148116,0.0,2.0801098872071986,-14.100000000000001,-2.8999999999999915,-0.1,-0.30000000000000004,-2.1000000000000014,-5.9,1.5999999999999996,10.100000000000001,-1.4000000000000057,-2.9000000000000057,-0.6,2.7,-9.199999999999989,-0.7000000000000011,3.3999999999999995,-5.800000000000001,2.4,-24.799999999999997,-9.099999999999994,2.0999999999999996,0.6999999999999993,0.39999999999999997,4.700000000000003,-3.999999999999999,-7.099999999999998,18.400000000000006,-0.30000000000000004,-10.299999999999997,-2.1000000000000005,-0.5,2.7,0.40000000000000036,-1.0999999999999999,0.0,-1.1000000000000005,488,35,61.0,7.4472099898089095
7A7332AD-88B1-4848-9356-E5260E477C59,4,2006-01-16 08:54:35.720,2006-02-02 07:25:33.990,16,2006,1,0,월,장기(15-30일),Female,1944-12-01 06:30:01.543,Unknown,Married,English,19.46,81.2,70세~,Medium,K57.5,Diverticular disease of both small and large intestine without perforation or abscess,0.0,1.0,0.0,9.0,2.0,2.0,3.0,3.0,0.0,1.0,1.0,0.0,2.0,2.0,1.0,3.0,0.0,1.0,0.0,1.0,2.0,1.0,2.0,3.0,0.0,2.0,0.0,4.0,0.0,5.0,3.0,1.0,0.0,0.0,0.0,24.393333333333327,71.47692307692309,0.1,0.2466666666666667,43.96923076923077,15.663636363636362,2.2857142857142856,29.835714285714285,34.207142857142856,84.42000000000002,0.6799999999999999,6.04375,246.66,12.735714285714284,5.275,8.66,4.466666666666667,102.575,39.779999999999994,10.208333333333332,25.325000000000003,0.7583333333333333,14.6875,9.926666666666668,25.175,104.89166666666665,0.8461538461538461,111.24000000000001,4.785714285714286,140.29166666666666,7.93,5.874999999999999,1.7384615384615385,1.0,2.806666666666666,3.9848761706279023,5.698414084367953,0.08451542547285167,0.1846489590960049,7.5154712222393405,2.368236781773616,1.4292855358035157,5.815709116476901,2.825832562330911,9.934657949392548,0.36488745818794205,2.2414188214908286,96.29784747631398,2.399232936027405,1.0762941470198055,2.8675026466546516,1.082365535073596,28.214313743204883,13.540584498884401,4.332846709273316,8.015692941557413,0.2968266507678524,7.255790790809779,1.5704715700645309,3.7136419272240504,7.054651377680265,0.18980421761815788,25.916012700369517,0.8760550938568459,12.114638653173671,1.7146752203000755,0.7103989489481711,0.8312024036884373,0.0,1.7081596892004927,-3.400000000000002,9.100000000000009,0.0,-0.2,-3.8000000000000043,5.0,0.5,-1.6999999999999993,-4.899999999999999,1.7000000000000028,-0.2,2.0,278.1,2.4000000000000004,-0.09999999999999964,3.9,1.0999999999999996,-27.900000000000006,10.399999999999999,0.9000000000000004,1.0,0.29999999999999993,-7.199999999999999,-1.0,-0.5,-10.400000000000006,-0.10000000000000009,3.9000000000000057,1.5,24.499999999999986,-2.0999999999999996,0.09999999999999964,1.3,0.0,1.0999999999999996,483,35,55.0,7.549341827570619
7A7332AD-88B1-4848-9356-E5260E477C59,5,2009-08-22 13:04:16.677,2009-09-10 01:16:39.053,18,2009,8,5,토,장기(15-30일),Female,1944-12-01 06:30:01.543,Unknown,Married,English,19.46,81.2,70세~,Medium,C91.0,Acute lymphoblastic leukemia [ALL],2.0,1.0,0.0,3.0,2.0,1.0,1.0,1.0,2.0,1.0,0.0,2.0,1.0,0.0,0.0,4.0,4.0,1.0,1.0,2.0,0.0,0.0,4.0,1.0,1.0,2.0,3.0,1.0,3.0,2.0,3.0,5.0,2.0,0.0,1.0,24.021428571428572,67.8142857142857,0.10833333333333334,0.3916666666666666,44.13333333333333,15.728571428571428,2.866666666666667,30.300000000000008,35.85714285714286,90.4,0.8,6.093750000000001,279.2666666666667,12.928571428571427,4.920000000000001,6.273333333333332,4.092307692307693,87.48,50.6076923076923,10.253333333333334,28.45,0.5071428571428572,15.51333333333333,9.099999999999998,27.466666666666665,101.85833333333335,0.8,98.5357142857143,4.838461538461538,135.33076923076922,7.483333333333333,5.878571428571428,2.3857142857142857,1.0,2.5090909090909093,5.010170973810494,5.723481611592872,0.06685579234215215,0.15642792899510297,8.270355970500173,2.317302334588672,1.0973797994506842,4.658755198548213,2.8070554749702463,7.102112361825883,0.2449489742783178,2.986295084771988,98.76670706388072,1.810834304711748,1.0455347230689458,2.925373399039775,1.1026192592047495,31.829685156200604,19.42345924985478,4.716818944201797,9.20785238014519,0.24950500446433385,6.918904399920415,1.5879756505270057,5.460991141031473,6.815284738043311,0.2203892660077359,17.172097544153832,1.0412640247462548,8.062297502923158,1.7465984256852114,1.0423188434584552,0.8094225319107661,0.0,1.4229930045186767,-10.5,-11.200000000000003,0.1,0.2,-20.5,0.3999999999999986,3.0,8.0,-2.8999999999999986,5.599999999999994,-0.5,-2.8,208.89999999999998,-2.9000000000000004,0.7999999999999998,0.29999999999999893,0.7000000000000002,13.200000000000003,52.1,-1.0999999999999996,-19.699999999999996,-0.7000000000000001,-0.09999999999999964,-3.5999999999999996,-4.900000000000002,2.700000000000003,-0.19999999999999996,0.5,-0.7999999999999998,4.0,-0.5,-1.4000000000000004,-1.0,0.0,-1.2000000000000002,470,35,57.0,7.537716230382106
6D5DCAC1-17FE-4D7C-923B-806EFBA3E6DF,1,1980-02-22 23:13:21.727,1980-03-02 22:43:57.087,8,1980,2,4,금,중기(8-14일),Male,1961-10-22 02:47:13.170,Asian,Married,English,13.9,64.3,60대,Medium,M90.51,"Osteonecrosis in diseases classified elsewhere, shoulder",1.0,1.0,0.0,1.0,1.0,1.0,0.0,1.0,0.0,2.0,1.0,0.0,0.0,2.0,1.0,1.0,3.0,1.0,0.0,3.0,2.0,1.0,1.0,1.0,1.0,0.0,0.0,1.0,1.0,1.0,1.0,0.0,2.0,0.0,2.0,29.266666666666666,72.2,0.07500000000000001,0.35000000000000003,43.400000000000006,14.285714285714286,2.4749999999999996,25.575000000000003,34.34285714285714,79.48333333333333,0.625,6.383333333333333,276.98333333333335,13.36,4.185714285714286,8.042857142857143,3.742857142857143,93.14285714285714,45.93333333333334,12.614285714285714,25.51111111111111,0.7714285714285715,13.4,9.828571428571427,24.928571428571427,106.78750000000001,0.8571428571428571,102.4,4.5875,136.47142857142856,7.3999999999999995,6.333333333333333,2.0,1.0,2.8875,6.277791543741053,5.556257733402939,0.05,0.16035674514745463,8.704022058795577,2.687891721175148,1.0242883708539634,2.049999999999999,3.774854144139056,9.851784948255146,0.37749172176353757,2.9143895873178427,88.80744150501502,2.820106380972178,0.8214389233302161,2.750064934298305,1.1501552690211627,34.06268031843928,15.69314075214604,5.725506839697999,9.126396392394488,0.41918287860346315,6.126989472816156,1.540253535097697,4.7573502028315025,3.890074365796696,0.21491969707422398,31.857076660191748,0.6599512969043355,7.205024701718996,1.7416467303484173,0.7991662321861873,1.0309496315810693,0.0,1.801933485374609,1.3999999999999986,9.699999999999989,0.0,0.0,-13.100000000000001,1.4000000000000004,-2.4000000000000004,-1.4000000000000021,5.399999999999999,0.10000000000000853,-0.30000000000000004,4.300000000000001,-188.1,-5.1,1.0,0.8999999999999995,-3.3,44.5,-43.7,9.9,-9.0,-0.9000000000000001,8.100000000000001,-0.5999999999999996,5.299999999999997,1.3999999999999915,0.0,53.2,-1.4000000000000004,-8.400000000000006,1.7000000000000002,-1.7999999999999998,-0.5,0.0,-2.3000000000000003,221,35,34.0,7.612302250869471
6D5DCAC1-17FE-4D7C-923B-806EFBA3E6DF,2,2001-02-02 22:56:06.847,2001-02-17 09:59:46.473,14,2001,2,4,금,중기(8-14일),Male,1961-10-22 02:47:13.170,Asian,Married,English,13.9,64.3,60대,Medium,E08.32,Diabetes mellitus due to underlying condition with mild nonproliferative diabetic retinopathy,2.0,1.0,0.0,1.0,4.0,1.0,2.0,4.0,1.0,1.0,1.0,1.0,0.0,1.0,2.0,3.0,2.0,0.0,2.0,0.0,0.0,2.0,1.0,3.0,2.0,1.0,1.0,0.0,2.0,2.0,2.0,0.0,2.0,0.0,2.0,28.325,70.9,0.11249999999999999,0.31428571428571433,41.13333333333333,15.677777777777777,2.454545454545455,28.061538461538458,34.199999999999996,87.24444444444444,0.6,5.981818181818181,312.7923076923077,13.05,5.246153846153846,7.907692307692307,4.239999999999999,93.11111111111111,45.34444444444444,9.464285714285714,27.6375,0.75,18.400000000000002,9.3875,29.22,101.1,0.8400000000000001,93.81,4.591666666666667,139.06428571428572,7.872727272727274,5.749999999999999,1.3900000000000001,1.0,3.6545454545454548,5.283271197416854,5.456494601237437,0.06408699444616557,0.13451854182690987,7.653084147564105,2.5723422098244337,1.3239060664289113,5.606326554518336,3.7908981905228054,8.861166840646769,0.40987803063838396,3.5267033279872524,82.16831771368717,2.249567859735633,1.209418169076481,2.6094257153830926,1.1520030864156185,29.2701829702363,19.697278435808784,4.337068691543268,6.695187504042416,0.41699986677322676,5.343579900576594,1.777186781726348,5.968025915940156,7.747515730864958,0.17126976771553504,18.762045020022025,0.9129954030884304,10.439909161324312,1.7047527146720778,0.8644201653259961,1.0650508595054666,0.0,1.6818820626688642,-2.1999999999999957,-7.099999999999994,0.1,-0.09999999999999998,15.699999999999996,0.1999999999999993,-1.0999999999999999,4.5,-2.3000000000000007,26.099999999999994,0.8,-4.800000000000001,45.19999999999999,-4.1,-1.1999999999999993,-5.6,2.0,-51.3,28.0,1.7000000000000002,8.5,-0.10000000000000009,16.900000000000002,-1.6999999999999993,-1.2000000000000028,4.400000000000006,0.0,-46.39999999999999,0.9000000000000004,-22.299999999999983,-2.9000000000000004,-0.7000000000000002,-0.10000000000000009,0.0,0.39999999999999947,371,35,49.0,7.169336005691175
6D5DCAC1-17FE-4D7C-923B-806EFBA3E6DF,3,2001-05-18 00:24:34.150,2001-05-26 01:03:12.713,8,2001,5,4,금,중기(8-14일),Male,1961-10-22 02:47:13.170,Asian,Married,English,13.9,64.3,60대,Medium,M49.84,"Spondylopathy in diseases classified elsewhere, thoracic region",0.0,1.0,0.0,1.0,0.0,0.0,1.0,1.0,3.0,0.0,0.0,0.0,0.0,1.0,3.0,3.0,0.0,0.0,1.0,0.0,0.0,1.0,0.0,1.0,0.0,0.0,1.0,1.0,0.0,1.0,1.0,0.0,0.0,0.0,1.0,25.833333333333332,69.94000000000001,0.075,0.3428571428571429,43.6,12.525,2.5,33.25714285714286,34.012499999999996,90.63749999999999,0.7833333333333333,7.2,261.12222222222226,13.685714285714285,6.0857142857142845,6.475,3.6999999999999997,102.16666666666667,35.516666666666666,11.979999999999999,29.583333333333332,0.45714285714285713,18.414285714285715,8.65,24.86666666666667,100.62857142857142,0.86,101.9125,5.042857142857144,139.5142857142857,7.899999999999999,5.816666666666666,1.7333333333333332,1.0,2.628571428571429,3.0236842868703526,8.126992063488188,0.07071067811865477,0.15118578920369088,6.779675508459088,1.339242856457121,1.4294521094927712,4.470218914422105,4.5158253477552215,7.128000621292261,0.21369760566432813,2.3164011495667767,46.16136852872156,2.0554225611201966,0.9081640296564852,3.1079391426290366,0.8366600265340756,9.533659668074307,19.00330672979486,3.5758914972353395,10.515591598510598,0.4117326918327102,7.139661189773777,1.229401712797152,3.0832882879592467,6.044477999440005,0.23021728866442676,24.097625105273046,0.8263517065131183,10.40311308718511,1.6046806535881213,0.9020347369512255,0.8869423130433379,0.0,1.7932412792801435,8.8,17.4,0.0,-0.09999999999999998,10.0,1.1999999999999993,1.1999999999999997,4.699999999999999,4.800000000000004,2.0999999999999943,-0.4,0.8999999999999995,24.399999999999977,2.9000000000000004,0.0,3.3000000000000007,-0.40000000000000036,14.100000000000009,-51.6,-6.5,18.599999999999998,0.0,13.299999999999999,-1.0,4.800000000000001,16.200000000000003,0.09999999999999998,-0.9000000000000057,0.2999999999999998,-5.099999999999994,0.8000000000000007,-0.10000000000000053,1.4,0.0,2.6,238,35,22.0,5.540453107581956
6D5DCAC1-17FE-4D7C-923B-806EFBA3E6DF,4,2011-11-10 14:09:32.013,2011-11-16 22:45:43.603,6,2011,11,3,목,단기(4-7일),Male,1961-10-22 02:47:13.170,Asian,Married,English,13.9,64.3,60대,Medium,D48.2,Neoplasm of uncertain behavior of peripheral nerves and autonomic nervous system,0.0,0.0,0.0,1.0,0.0,0.0,0.0,0.0,0.0,2.0,1.0,0.0,2.0,0.0,0.0,1.0,0.0,0.0,3.0,1.0,1.0,1.0,1.0,1.0,0.0,0.0,0.0,0.0,2.0,0.0,0.0,2.0,1.0,0.0,0.0,28.82,71.97500000000001,0.13333333333333333,0.475,39.14,14.0,3.4333333333333336,33.48333333333333,35.557142857142864,85.38333333333333,0.45,5.916666666666667,364.3,12.633333333333333,4.4399999999999995,7.316666666666666,4.0600000000000005,93.82857142857142,38.800000000000004,10.774999999999999,28.157142857142855,0.7200000000000001,19.42,9.65,24.95,106.93333333333334,0.8428571428571427,85.10000000000001,4.525,138.66,7.616666666666667,6.416666666666667,2.1,1.0,3.3,3.310891118717136,6.086802663686963,0.05163977794943223,0.12583057392117916,2.9449957555147677,2.7247018185482244,0.7094598884597589,3.0062712230713102,1.8410659438281431,10.654091545817822,0.3872983346207417,2.6917776034930276,94.29977023655286,2.0675267027699227,1.289573572930215,2.6895476695285896,0.9762171889492626,28.215758852440022,21.566919112381353,4.774498228435459,10.19915962924677,0.43243496620879307,8.239963592152577,1.5176736583776278,4.602933847015402,6.0086049406940845,0.24397501823713336,13.096437174539751,1.2284814474246923,9.548455372467322,0.820771994324043,0.7332575718440737,0.909945053286186,0.0,1.795828499606797,-8.400000000000002,-1.0,-0.1,-0.09999999999999998,1.1000000000000014,-3.4000000000000004,-1.4000000000000004,-2.8000000000000007,-1.3000000000000043,19.200000000000003,-0.9,-5.5,47.19999999999999,-5.4,0.20000000000000018,2.2,-2.2,-53.8,-34.5,-6.800000000000001,-18.6,0.29999999999999993,4.599999999999998,1.4000000000000004,-3.8000000000000007,4.5,0.09999999999999998,-31.200000000000003,-1.9000000000000004,11.799999999999997,0.10000000000000142,1.2000000000000002,0.7999999999999998,0.0,-0.8999999999999999,188,35,20.0,7.136930302201184
36E2F89E-777A-4D77-9D95-0D70A8AB416F,1,2000-03-30 05:44:33.073,2000-04-18 04:09:54.043,18,2000,3,3,목,장기(15-30일),Male,1980-05-30 13:23:50.703,African American,Separated,English,19.36,45.7,40대,Medium,F63.81,Intermittent explosive disorder,1.0,1.0,0.0,6.0,3.0,2.0,0.0,0.0,2.0,3.0,0.0,2.0,1.0,2.0,2.0,4.0,2.0,2.0,1.0,2.0,3.0,0.0,2.0,2.0,3.0,4.0,3.0,3.0,2.0,2.0,2.0,3.0,3.0,0.0,4.0,24.091666666666665,71.26428571428572,0.1,0.3235294117647059,39.95384615384615,14.441176470588236,3.3230769230769233,31.537499999999998,31.69333333333333,87.83333333333333,0.6642857142857144,6.453333333333333,284.18,11.66,5.199999999999999,8.247058823529413,4.133333333333334,88.58461538461539,44.43529411764706,11.664285714285713,26.813333333333333,0.49333333333333335,16.30666666666667,9.169230769230767,25.106250000000003,104.27692307692308,0.8642857142857142,97.06,4.333333333333334,140.14705882352942,8.068750000000001,5.863636363636363,1.78,1.0,2.557142857142857,6.180240997556552,4.788705806029774,0.08770580193070293,0.16781467369059938,7.442066848286099,2.7556893020461803,1.2504358214597597,4.922448577689766,1.8679502389619735,9.362590199196761,0.3225073472201665,3.239679584391612,89.87357946423568,1.9483326204732088,1.2103718436910202,2.9336661464494442,1.121648446749354,35.242702463390586,17.212239147495836,4.419120543006987,9.270064467850007,0.3305118685283408,7.223124241595448,1.6779871947190257,5.165458192003235,7.450408696413223,0.23405174594567713,25.097461453871613,0.9537803571561797,10.121827752872678,1.2180414607064902,0.9552724504273398,1.1270695250452452,0.0,1.8274464259070469,11.7,1.4000000000000057,-0.1,-0.19999999999999998,-4.800000000000004,-5.9,-0.5,7.699999999999996,-0.6000000000000014,10.299999999999997,0.4,4.200000000000001,-41.80000000000001,2.5999999999999996,-2.0999999999999996,-4.6000000000000005,-1.4,-49.3,42.9,-2.5,19.900000000000002,-0.9000000000000001,-10.799999999999999,-1.5999999999999996,-6.699999999999999,6.300000000000011,0.3999999999999999,-1.0,0.8000000000000007,22.89999999999999,-0.9000000000000004,1.3999999999999995,-2.6999999999999997,0.0,2.3,502,35,72.0,7.685771477342676
36E2F89E-777A-4D77-9D95-0D70A8AB416F,2,2004-11-11 16:12:00.153,2004-11-20 02:39:47.213,8,2004,11,3,목,중기(8-14일),Male,1980-05-30 13:23:50.703,African American,Separated,English,19.36,45.7,40대,Medium,O9A.5,"Psychological abuse complicating pregnancy, childbirth and the puerperium",1.0,0.0,0.0,0.0,0.0,0.0,0.0,1.0,1.0,0.0,0.0,0.0,1.0,0.0,1.0,1.0,0.0,1.0,1.0,0.0,0.0,0.0,2.0,1.0,1.0,0.0,4.0,0.0,0.0,0.0,0.0,0.0,1.0,0.0,0.0,27.67142857142857,70.87142857142858,0.1,0.4166666666666667,44.800000000000004,14.299999999999999,2.0,33.5,35.03333333333333,82.80000000000001,0.5714285714285714,6.8500000000000005,301.8,12.6,5.0625,9.328571428571427,4.525,93.85,45.971428571428575,12.5375,28.299999999999997,0.6142857142857142,20.642857142857142,9.633333333333333,30.714285714285715,98.30000000000001,0.7857142857142857,108.67142857142856,4.550000000000001,145.04999999999998,7.859999999999999,6.283333333333332,2.4142857142857146,1.0,3.975,6.671759959139787,4.6071373200409695,0.07071067811865477,0.1169045194450012,7.657937059025754,3.038420642373271,1.2355835328567093,7.143668525344664,3.707110285204187,6.389723892984065,0.39880774697543064,2.743824234270743,81.49605307416223,1.5666160072863144,1.210593124995229,1.9980943302008927,1.0468205831628137,32.03752264365735,15.08925824173323,2.480747295243339,8.634813257969162,0.2853569193634026,6.773196474057908,2.003330560175563,3.4435585138189877,6.146311321202571,0.30237157840738177,21.594730397770213,0.7387247699341657,7.7366013209935955,1.0064790112068909,0.6493586579592721,0.6175990377490653,0.0,1.4752723719464722,-9.5,-0.20000000000000284,-0.2,-0.09999999999999998,-4.600000000000001,-1.0,2.3,-0.3000000000000007,4.200000000000003,-12.299999999999997,-0.9000000000000001,-4.7,20.19999999999999,-2.299999999999999,0.5,1.7000000000000002,-0.6000000000000005,5.900000000000006,-44.0,0.40000000000000036,9.0,-0.10000000000000003,-10.2,3.8000000000000007,3.3999999999999986,-0.4000000000000057,0.0,25.900000000000006,0.09999999999999964,-7.899999999999977,-1.4000000000000004,-0.39999999999999947,0.7000000000000002,0.0,-2.5000000000000004,233,35,17.0,6.917571368250722
36E2F89E-777A-4D77-9D95-0D70A8AB416F,3,2008-07-17 01:23:05.590,2008-07-20 08:40:07.723,3,2008,7,3,목,초단기(~3일),Male,1980-05-30 13:23:50.703,African American,Separated,English,19.36,45.7,40대,Medium,S37.812,Contusion of adrenal gland,0.0,0.0,0.0,1.0,0.0,0.0,0.0,0.0,0.0,0.0,1.0,0.0,0.0,0.0,0.0,0.0,0.0,0.0,3.0,1.0,1.0,0.0,1.0,1.0,0.0,0.0,0.0,0.0,2.0,0.0,0.0,0.0,1.0,0.0,0.0,28.7,65.15,0.13333333333333333,0.35000000000000003,40.5,12.399999999999999,1.9333333333333333,26.3,35.225,84.4,0.5666666666666667,5.8,320.43333333333334,15.699999999999998,5.449999999999999,7.05,4.366666666666666,93.15,66.275,11.933333333333332,20.866666666666667,0.5333333333333333,6.5,10.2,23.400000000000002,103.35,0.7,87.06666666666668,4.8,143.75,8.35,6.1000000000000005,1.3,1.0,4.6000000000000005,2.8160255680657444,1.4849242404917509,0.05773502691896259,0.1914854215512676,3.3941125496954263,1.6093476939431073,1.0016652800877812,,3.778337376854182,5.656854249492381,0.4163331998932266,3.2078029864690882,82.67988469593637,0.5567764362830036,1.1958260743101399,2.5265259415516264,1.305118130030126,41.79001076812496,11.254739742289324,5.200320502943384,5.870547958524258,0.20816659994661327,1.6970562748477143,1.3228756555322954,3.966106403010388,5.868986283848337,0.11547005383792522,18.33503022450014,1.4422205101855958,8.838834764831844,1.2020815280171302,1.1000000000000005,1.697056274847714,0.0,1.1269427669584644,-1.7000000000000028,2.1000000000000085,-0.1,0.19999999999999998,-4.799999999999997,-2.299999999999999,-0.40000000000000036,0.0,-1.1000000000000014,-8.0,-0.20000000000000007,-2.0999999999999996,-153.2,1.1000000000000014,2.5,-1.8000000000000007,2.5999999999999996,-59.1,-22.1,5.3,-10.500000000000002,-0.09999999999999998,-2.4000000000000004,2.5,-7.699999999999999,-8.299999999999997,0.20000000000000007,-32.8,0.7999999999999998,-12.5,1.6999999999999993,-2.2,2.4,0.0,-2.0,99,35,12.0,6.556329446582949
672D554B-D6D1-40B2-A6A4-21A4CB6B1AA6,1,2006-10-31 09:01:42.630,2006-11-03 06:31:05.643,2,2006,10,1,화,초단기(~3일),Male,1983-06-17 04:46:13.753,African American,Single,Icelandic,11.04,42.6,40대,Medium,O10.13,Pre-existing hypertensive heart disease complicating the puerperium,1.0,0.0,0.0,0.0,1.0,0.0,0.0,1.0,0.0,0.0,0.0,1.0,0.0,0.0,0.0,0.0,0.0,1.0,0.0,0.0,1.0,0.0,0.0,0.0,2.0,0.0,0.0,0.0,0.0,0.0,0.0,0.0,1.0,0.0,0.0,29.133333333333336,65.15,0.15000000000000002,0.20000000000000004,54.0,16.3,1.4666666666666668,31.966666666666665,32.55,80.96666666666667,0.5333333333333333,5.566666666666666,345.85,13.966666666666667,4.7,7.866666666666667,5.166666666666666,90.35,31.2,8.866666666666665,29.833333333333332,0.8666666666666667,24.600000000000005,8.05,24.8,99.3,0.7,105.76666666666665,4.9,141.03333333333333,5.9,6.366666666666667,1.2,1.0,3.5333333333333337,5.120872321522312,3.6062445840513906,0.07071067811865475,0.0,,2.545584412271572,0.40414518843273795,8.036375634160795,3.3234018715767744,3.6501141534660646,0.05773502691896256,4.718403684863487,22.55670631985091,2.358671942711265,1.2288205727444503,1.2055427546683417,0.7505553499465133,65.40737725975563,,1.530795000427338,10.205064102362773,0.05773502691896258,1.1357816691600524,0.9192388155425116,9.487360012142473,2.4041630560342657,0.0,12.897028081435401,1.1313708498984762,5.122824741617985,0.0,0.7637626158259734,1.1135528725660042,0.0,1.9008769905844338,10.2,5.100000000000001,0.1,0.0,0.0,-3.6000000000000014,-0.5,14.999999999999996,4.699999999999999,7.299999999999997,0.09999999999999998,-7.8,-31.900000000000034,-4.699999999999999,1.8999999999999995,-2.4000000000000004,0.0,-92.5,0.0,0.10000000000000142,-15.399999999999999,0.0,1.7999999999999972,-1.299999999999999,-15.400000000000002,3.4000000000000057,0.0,18.0,1.6000000000000005,-9.600000000000023,0.0,-1.0,2.1999999999999997,0.0,1.8000000000000003,90,35,9.0,5.263964108775046
672D554B-D6D1-40B2-A6A4-21A4CB6B1AA6,2,2009-02-06 03:02:12.050,2009-02-17 21:50:21.223,11,2009,2,4,금,중기(8-14일),Male,1983-06-17 04:46:13.753,African American,Single,Icelandic,11.04,42.6,40대,Medium,O99.43,Diseases of the circulatory system complicating the puerperium,0.0,3.0,0.0,2.0,1.0,2.0,2.0,1.0,2.0,1.0,3.0,1.0,5.0,1.0,0.0,1.0,2.0,0.0,1.0,0.0,2.0,0.0,1.0,1.0,1.0,0.0,1.0,1.0,0.0,0.0,1.0,2.0,1.0,0.0,0.0,25.839999999999996,69.19,0.1125,0.34,46.775,14.12857142857143,2.772727272727273,27.885714285714283,34.75555555555556,79.2,0.8272727272727273,6.366666666666667,239.27777777777777,12.187500000000002,5.122222222222223,6.433333333333334,4.1000000000000005,98.86,45.833333333333336,11.05,34.18888888888889,0.4555555555555555,19.825,9.0875,27.17142857142857,100.85555555555555,0.8624999999999999,101.64,4.7875000000000005,137.64444444444445,7.022222222222222,5.771428571428572,2.022222222222222,1.0,3.0714285714285707,4.473676092183897,6.4727548660176835,0.08345229603962802,0.1577621275493231,7.625286879849178,3.32801957411826,1.25625706691816,4.733014744476144,3.305718950210045,7.673516608625877,0.31013193673309136,3.0112289849827096,131.51292500908204,2.367902929960239,0.780669228575358,2.2743130831088316,1.1207140580897519,31.49321620074181,15.754126443570268,3.2813445753566053,7.863117137059012,0.2920235911322539,7.59807306398894,1.1217811092824024,6.06402349536848,3.818085616873696,0.19226098333849673,23.596478079954593,0.9046506823867749,9.769737856144229,1.438556375136006,0.805634916725696,0.9997221836312549,0.0,1.7046155829729726,4.5,5.199999999999996,-0.1,0.0,5.699999999999996,6.599999999999998,-1.3,-1.1999999999999993,-9.900000000000002,12.799999999999997,-0.09999999999999998,6.4,-24.799999999999955,0.0,2.1,3.2,1.2999999999999998,15.700000000000003,-5.5,1.9000000000000004,-4.0000000000000036,0.8,-5.299999999999999,0.9000000000000004,12.699999999999996,-3.0,-0.09999999999999998,45.89999999999999,0.20000000000000018,-5.699999999999989,1.5,1.5,-0.5,0.0,-3.8,309,35,39.0,8.490994066576677
03A481F5-B32A-4A91-BD42-43EB78FEBA77,1,1988-11-25 10:01:04.613,1988-12-01 01:41:51.760,5,1988,11,4,금,단기(4-7일),Female,1968-02-07 23:02:38.017,Asian,Single,Unknown,93.23,58.0,50대,Very High,C94.22,"Acute megakaryoblastic leukemia, in relapse",0.0,1.0,0.0,2.0,0.0,1.0,0.0,2.0,1.0,0.0,0.0,1.0,0.0,1.0,0.0,1.0,1.0,0.0,0.0,0.0,0.0,1.0,0.0,0.0,0.0,0.0,1.0,0.0,0.0,0.0,0.0,1.0,1.0,0.0,1.0,25.0,74.92,0.1,0.13333333333333333,42.1,12.85,3.55,36.800000000000004,35.12,90.675,0.7200000000000001,7.840000000000001,307.32500000000005,10.799999999999999,4.5,9.35,4.38,92.35,35.5,11.450000000000001,28.9,0.7,17.349999999999998,9.0,33.06666666666666,104.8,0.9333333333333332,104.125,3.65,142.05,8.5,6.45,0.86,1.0,3.0666666666666664,8.9095454429505,4.951464429842952,0.08164965809277262,0.05773502691896259,2.7622454633866256,3.8890872965260113,0.07071067811865497,3.0110906108363253,4.857674340669617,5.0122350304031045,0.3420526275297414,2.4734591162984687,38.8578928061383,1.5620499351813304,0.9539392014169454,3.181980515339464,1.2716131487209466,29.404138030782903,14.133883637085267,4.637887450122092,1.6970562748477167,0.469041575982343,6.535288822997801,1.4525839046333946,1.8147543451754928,8.09135340965898,0.2516611478423583,22.88862526816905,0.4949747468305834,10.147413463538372,1.1604596790352806,0.5802298395176404,0.9838699100999075,0.0,2.3755701070129107,12.600000000000001,0.5,-0.2,-0.1,4.0,5.5,0.10000000000000009,-5.200000000000003,2.1000000000000014,8.299999999999997,-0.09999999999999998,4.4,-85.69999999999999,-2.5999999999999996,-0.8000000000000003,4.5,-2.3,39.5,-5.800000000000001,-2.3000000000000007,2.400000000000002,-0.09999999999999998,-7.499999999999998,1.3000000000000007,3.3999999999999986,-5.8999999999999915,0.29999999999999993,-4.0,0.7000000000000002,16.19999999999999,0.1999999999999993,0.09999999999999964,0.09999999999999998,0.0,-0.3999999999999999,125,35,16.0,5.410434769762938
03A481F5-B32A-4A91-BD42-43EB78FEBA77,2,2008-02-19 17:23:11.790,2008-03-05 07:50:00.083,14,2008,2,1,화,중기(8-14일),Female,1968-02-07 23:02:38.017,Asian,Single,Unknown,93.23,58.0,50대,Very High,A48.2,Nonpneumonic Legionnaires' disease [Pontiac fever],1.0,3.0,0.0,4.0,3.0,2.0,2.0,3.0,1.0,2.0,1.0,2.0,1.0,1.0,1.0,1.0,0.0,1.0,1.0,3.0,2.0,1.0,1.0,1.0,3.0,0.0,1.0,4.0,2.0,2.0,1.0,2.0,3.0,0.0,1.0,27.04545454545454,70.42500000000001,0.12500000000000003,0.39166666666666666,43.05384615384616,14.91818181818182,3.141666666666667,29.644444444444446,33.74285714285714,87.61111111111113,0.5833333333333334,6.545454545454546,306.3714285714285,12.611111111111109,5.5249999999999995,7.445454545454546,4.836363636363636,116.82727272727271,35.989999999999995,9.153846153846153,27.227272727272727,0.7153846153846154,15.833333333333334,9.2,24.783333333333335,104.5625,0.9249999999999999,96.83846153846153,4.015384615384615,141.22727272727272,8.025,6.408333333333332,2.2,1.0,2.6583333333333337,5.495700799054409,6.783016893817837,0.07537783614444091,0.1676486224400923,8.804413229039872,2.5348838954943016,1.2003471720020558,6.021027966865607,3.174105394429281,9.836722579757502,0.2949062511539845,2.835970252440472,79.1727170234742,1.9757558328677938,1.0445747286031593,2.764548294518884,0.6637359825604264,23.358000381414968,14.769597150904286,4.522281021898754,8.454240463707063,0.3625055260409921,8.21808795870242,1.2030264865216918,5.423322251390217,5.770352180388496,0.20056737702645644,29.58945584893202,0.7369375299690762,8.92883989206783,1.266885945931993,0.6625821847251491,1.224744871391589,0.0,1.3879077342488868,-4.300000000000001,-15.099999999999994,0.0,0.0,-3.4000000000000057,2.8000000000000007,2.2,4.099999999999998,2.1000000000000014,-0.5,0.40000000000000013,-9.3,138.4,-4.800000000000001,1.1000000000000005,4.3,-0.5999999999999996,-21.900000000000006,30.400000000000002,4.399999999999999,-10.399999999999999,0.19999999999999998,-11.9,-1.1999999999999993,-11.100000000000001,1.1000000000000085,0.09999999999999998,-15.699999999999996,-0.20000000000000018,-27.30000000000001,0.0,-1.2000000000000002,0.19999999999999973,0.0,0.0,403,35,57.0,7.112136787426463
2A5251B1-0945-47FA-A65C-7A6381562591,1,1962-06-27 17:38:36.307,1962-07-13 07:11:10.357,15,1962,6,2,수,장기(15-30일),Female,1942-01-07 16:45:33.060,Unknown,Married,Spanish,18.05,84.1,70세~,Medium,C11,Malignant neoplasm of nasopharynx,3.0,3.0,0.0,1.0,2.0,0.0,2.0,1.0,1.0,1.0,2.0,1.0,1.0,3.0,1.0,3.0,2.0,2.0,1.0,4.0,1.0,0.0,2.0,3.0,2.0,1.0,4.0,1.0,1.0,3.0,1.0,0.0,2.0,0.0,4.0,20.563636363636366,66.75714285714287,0.13076923076923078,0.35454545454545455,40.34166666666667,14.735714285714284,2.65,30.900000000000006,34.53333333333334,82.44615384615385,0.4923076923076923,8.125,281.24666666666667,13.12142857142857,5.016666666666667,6.692307692307692,4.453846153846153,92.12666666666668,47.67857142857143,12.092857142857143,25.815384615384616,0.6818181818181818,17.430769230769226,10.423076923076923,28.315384615384616,103.31666666666668,0.8499999999999998,106.07692307692307,4.7153846153846155,135.63125,7.383333333333333,5.954545454545454,1.6999999999999995,1.0,2.878571428571429,6.481554246825792,5.448883341596667,0.06304251719561152,0.12933395813657264,7.670659368758017,2.083860006687716,1.5837240347301098,5.058985405526817,3.316990238518082,8.11301581663845,0.2900044208327937,2.5796846177920134,105.79678544040841,2.5164622821696363,1.269812680053339,2.7786272205478064,1.065845036121875,29.458408129493517,18.239229849270103,4.643185956234774,6.8232257955024656,0.2960343960359398,8.683162309453145,1.353485528893116,5.425379580245385,7.748997980188773,0.2377781771703651,18.91992573303579,0.5535433645255414,9.284303510046765,1.2371766489091445,0.6962235795542068,1.0479417055265137,0.0,1.91238014060955,-0.6000000000000014,-4.899999999999999,0.0,-0.09999999999999998,5.5,4.799999999999999,-3.2,-3.0,-5.600000000000001,-2.3000000000000114,0.5,-5.6000000000000005,-206.99999999999997,1.0999999999999996,-1.1000000000000005,4.199999999999999,-0.3999999999999999,19.900000000000006,31.599999999999998,-9.000000000000002,-16.0,0.6000000000000001,1.4000000000000021,-3.999999999999999,-3.6000000000000014,-4.599999999999994,-0.5,50.099999999999994,-1.9000000000000004,1.0,0.0,0.7999999999999998,-0.29999999999999993,0.0,3.1,447,35,59.0,7.794504371920995
2A5251B1-0945-47FA-A65C-7A6381562591,2,1994-05-06 04:57:00.433,1994-05-20 08:06:03.480,14,1994,5,4,금,중기(8-14일),Female,1942-01-07 16:45:33.060,Unknown,Married,Spanish,18.05,84.1,70세~,Medium,F16.151,Hallucinogen abuse with hallucinogen-induced psychotic disorder with hallucinations,3.0,2.0,0.0,2.0,0.0,1.0,2.0,1.0,1.0,5.0,4.0,1.0,1.0,2.0,2.0,3.0,2.0,1.0,2.0,2.0,2.0,1.0,2.0,1.0,1.0,2.0,4.0,0.0,0.0,3.0,3.0,3.0,3.0,0.0,2.0,24.007692307692306,71.85714285714286,0.1230769230769231,0.3909090909090909,40.736363636363635,14.828571428571426,2.930769230769231,28.345454545454547,34.71818181818182,84.36153846153849,0.7000000000000001,6.538461538461539,301.07272727272726,11.012500000000001,4.355555555555555,7.710000000000001,4.357142857142857,86.10000000000001,53.621428571428574,8.953846153846154,29.833333333333332,0.6875,15.929999999999998,9.671428571428569,27.353846153846153,101.22999999999999,0.8857142857142858,100.78333333333332,4.55,140.16153846153844,8.227272727272727,6.411111111111111,1.881818181818182,1.0,2.711111111111111,7.036744220928401,6.026954108351567,0.08320502943378438,0.15135749373285393,6.616082334323346,2.6350970122058626,1.368931831383272,4.849817241167678,3.789674968072641,11.126660060528684,0.4242640687119285,2.8403457716559974,108.50108839001653,1.741458748127147,1.2991450179936719,3.2063998502993973,1.127089025024053,25.480830584435964,18.65542521921948,3.967706177086744,9.978188333772941,0.34820970692960296,7.3849772436270165,1.4322808982279178,4.549105293830752,7.862293982462537,0.24133329285815136,25.25703622335524,0.9510759457296007,9.617652040349073,1.2767857369902822,1.0117366807184125,1.0971036248396793,0.0,2.0763215336529917,-0.3000000000000007,-11.599999999999994,-0.2,-0.2,-18.700000000000003,-3.799999999999999,0.0,3.1000000000000014,7.300000000000004,16.5,-0.30000000000000004,-2.4000000000000004,-244.99999999999997,-0.40000000000000036,-2.6000000000000005,1.6999999999999993,2.9999999999999996,-47.89999999999999,-21.0,1.6999999999999993,-16.699999999999996,-0.09999999999999998,3.799999999999999,3.0,-4.0,-13.700000000000003,0.10000000000000009,67.7,2.1,6.799999999999983,1.2000000000000002,2.1000000000000005,0.10000000000000009,0.0,-0.7000000000000001,409,35,64.0,8.114639362572664
2A5251B1-0945-47FA-A65C-7A6381562591,3,1998-11-01 20:26:51.947,1998-11-07 18:26:11.330,5,1998,11,6,일,단기(4-7일),Female,1942-01-07 16:45:33.060,Unknown,Married,Spanish,18.05,84.1,70세~,Medium,M05.23,Rheumatoid vasculitis with rheumatoid arthritis of wrist,1.0,1.0,0.0,1.0,0.0,1.0,0.0,2.0,0.0,0.0,2.0,1.0,1.0,0.0,1.0,1.0,0.0,0.0,0.0,0.0,0.0,0.0,0.0,0.0,1.0,0.0,0.0,0.0,0.0,0.0,0.0,2.0,1.0,0.0,2.0,22.0,71.85000000000001,0.11666666666666665,0.32,44.7,14.579999999999998,2.7800000000000002,36.699999999999996,34.120000000000005,85.475,0.32500000000000007,6.125,264.25,13.7,5.859999999999999,8.133333333333333,4.26,89.33333333333333,54.866666666666674,8.34,27.924999999999997,0.43333333333333335,18.82,9.925,28.26,106.83333333333333,0.6499999999999999,116.46000000000001,4.333333333333333,144.44,7.4750000000000005,5.45,1.7999999999999998,1.0,2.4,6.202418882984283,5.5530772249867555,0.09831920802501751,0.14832396974191325,6.901811356448391,3.1641744578957716,1.3535139452550906,4.784349485562275,3.482384240717845,2.52636101933195,0.2872281323269015,3.6682193682130486,99.9694103213578,2.662079387746855,1.0406728592598158,2.524017960844705,0.8590692637965813,36.345196839931056,11.425556149848171,3.0549959083442317,8.425902523370024,0.49328828623162474,6.997285187842496,1.1586630226256471,5.3049976437318085,7.314004830916276,0.057735026918962554,7.565249500181735,0.38815804341359034,3.706480810688222,1.5348724159790395,0.9396807968666805,1.2027745701779142,0.0,2.0383817110639506,-12.400000000000002,13.0,0.0,0.19999999999999998,3.200000000000003,0.20000000000000107,1.6,-0.8999999999999986,5.700000000000003,1.7999999999999972,-0.6,4.199999999999999,-11.099999999999994,5.200000000000001,0.6000000000000005,-1.9000000000000004,-1.1999999999999997,67.80000000000001,-5.300000000000004,2.3,-7.899999999999999,-0.1,-5.199999999999999,0.7999999999999989,-13.300000000000004,-8.0,0.0,-3.8999999999999915,0.40000000000000036,5.800000000000011,-0.7999999999999998,-0.7000000000000002,-1.1,0.0,1.9000000000000001,161,35,18.0,6.947961552932184
2A5251B1-0945-47FA-A65C-7A6381562591,4,2001-02-06 20:48:36.210,2001-02-16 14:25:20.277,9,2001,2,1,화,중기(8-14일),Female,1942-01-07 16:45:33.060,Unknown,Married,Spanish,18.05,84.1,70세~,Medium,M84,Disorder of continuity of bone,2.0,1.0,0.0,0.0,2.0,0.0,1.0,1.0,0.0,3.0,2.0,2.0,2.0,1.0,2.0,1.0,0.0,1.0,1.0,1.0,0.0,1.0,0.0,0.0,2.0,0.0,1.0,2.0,1.0,0.0,2.0,0.0,2.0,0.0,1.0,21.82857142857143,69.41999999999999,0.12,0.35714285714285715,45.25000000000001,15.116666666666665,2.555555555555556,32.74444444444444,33.15,80.65,0.4428571428571429,5.055555555555555,275.87142857142857,12.557142857142855,5.074999999999999,6.957142857142857,4.3500000000000005,96.36999999999999,43.17142857142857,10.299999999999999,25.714285714285715,0.5,15.325000000000001,9.7375,31.04,105.8777777777778,0.8857142857142856,87.01111111111112,4.55,137.27142857142857,7.2125,5.959999999999999,1.8999999999999997,1.0,2.2888888888888888,5.4798766061881,5.729921465430393,0.07888106377466154,0.11338934190276817,8.241359111214605,2.1812076165891825,1.381223290340044,4.7492397052347,2.195222084437016,7.993032680314239,0.36449573777637356,3.595174234689854,115.38751686217643,2.1204222400716506,1.2395275597696773,2.705461847730219,0.7764387566686394,29.935302459359473,15.542598912420692,4.193248541803041,9.001190397465692,0.3927922024247863,7.523906343560282,1.3276590569225866,6.629705875828882,6.111828240751245,0.21930626551751342,17.03917870999395,0.957675757833964,4.229544611308369,1.6659939118393303,0.4929503017546493,1.2992305415129373,0.0,1.6042478334444188,8.100000000000001,-7.000000000000007,0.0,-0.3,-6.200000000000003,-0.3000000000000007,-2.3000000000000003,2.8000000000000043,2.8000000000000043,1.2000000000000028,0.0,5.000000000000001,-86.79999999999998,-4.299999999999999,0.0,4.199999999999999,0.40000000000000036,-32.6,8.0,-7.6,-16.2,0.0,-2.9000000000000004,-2.4000000000000004,-2.299999999999997,-12.200000000000003,0.40000000000000013,-20.900000000000006,-0.7999999999999998,-0.19999999999998863,0.20000000000000018,0.2999999999999998,1.2999999999999998,0.0,-2.7,260,35,35.0,7.785678576230011
2A5251B1-0945-47FA-A65C-7A6381562591,5,2001-07-04 01:46:42.637,2001-07-09 17:50:38.630,5,2001,7,2,수,단기(4-7일),Female,1942-01-07 16:45:33.060,Unknown,Married,Spanish,18.05,84.1,70세~,Medium,K50.01,Crohn's disease of small intestine with complications,1.0,0.0,0.0,1.0,1.0,0.0,0.0,0.0,0.0,0.0,0.0,2.0,0.0,1.0,0.0,1.0,1.0,0.0,0.0,0.0,0.0,1.0,1.0,1.0,1.0,2.0,0.0,0.0,0.0,0.0,1.0,0.0,3.0,0.0,0.0,26.559999999999995,69.36666666666666,0.11666666666666668,0.36,47.8,15.924999999999999,2.4499999999999997,31.825,34.9,88.45,0.8333333333333334,4.3,290.5833333333333,15.26,4.375,5.9,5.25,91.58333333333333,29.025,12.9,21.7,0.45999999999999996,14.820000000000002,10.025,25.549999999999997,100.93333333333334,0.8600000000000001,96.53333333333335,4.32,147.375,7.7,6.800000000000001,2.0,1.0,2.1,6.882804660892244,6.819335255971312,0.07527726527090811,0.16733200530681513,7.6472217177220605,1.5283433296656008,1.5096357176484663,2.5617376914898977,1.8973665961010278,4.878865988458111,0.3055050463303894,4.4907311951024935,80.10668927540739,1.9514097468240743,0.7804912982645402,3.5721142198983498,0.443471156521669,31.80977313132973,8.600145347608958,2.7495454169735036,9.99024524223505,0.39749213828703583,6.498230528382321,1.374469594667946,5.425403210822214,9.25670927849993,0.1816590212458495,29.676477778424672,0.7155417527999327,7.1448699544964995,2.03100960115899,0.5656854249492376,1.6926310879810758,0.0,1.743559577416269,-7.699999999999996,12.099999999999994,0.1,0.4,9.0,-3.0999999999999996,-1.7999999999999998,2.3999999999999986,-0.5999999999999943,-1.9000000000000057,0.4,0.2999999999999998,120.80000000000001,0.6999999999999993,1.7000000000000002,0.1999999999999993,-0.6000000000000005,22.299999999999997,6.600000000000001,4.799999999999999,-4.100000000000001,0.4,-4.7,2.200000000000001,-14.799999999999997,-5.0,-0.20000000000000007,-51.20000000000002,-0.9000000000000004,-1.1000000000000227,3.1000000000000005,0.7999999999999998,-3.0,0.0,3.1999999999999997,159,35,18.0,7.013479435832989
2A5251B1-0945-47FA-A65C-7A6381562591,6,2009-12-05 06:03:08.493,2009-12-16 17:19:47.710,11,2009,12,5,토,중기(8-14일),Female,1942-01-07 16:45:33.060,Unknown,Married,Spanish,18.05,84.1,70세~,Medium,F95.1,Chronic motor or vocal tic disorder,1.0,1.0,0.0,6.0,2.0,1.0,0.0,5.0,2.0,2.0,1.0,2.0,2.0,0.0,1.0,0.0,1.0,1.0,2.0,0.0,1.0,1.0,0.0,0.0,2.0,0.0,2.0,1.0,0.0,0.0,0.0,3.0,3.0,0.0,2.0,28.7,67.6125,0.12222222222222223,0.2700000000000001,39.25,15.418181818181818,2.8875,29.66363636363636,32.2125,82.3375,0.5142857142857143,6.869999999999999,302.9909090909091,13.342857142857143,5.363636363636363,7.762499999999999,3.9333333333333336,101.65555555555554,36.5,11.042857142857143,32.11818181818182,0.6444444444444444,14.257142857142858,8.9,27.822222222222223,103.14444444444446,0.8124999999999999,91.6375,4.711111111111111,141.07500000000002,7.55,6.090000000000001,1.51,1.0,3.3999999999999995,4.778074926160116,6.2749928855964185,0.09718253158075502,0.20027758514399735,8.227306450386505,2.0331346152275214,1.3303463566197444,6.822942580334783,3.837200430373314,9.214109909729284,0.39761191895520204,3.2653228528482954,108.3496142544629,1.9543602046510797,1.0509735746180562,2.490517731602923,1.0092901796146965,32.82453773898085,14.20211251891774,3.596691601484686,7.225900384286816,0.45856054973992016,5.6240131409451575,1.3700886311267813,5.160130273979956,7.825137556476419,0.24164614034338958,16.78800060417304,0.8823894327966031,5.012199403170513,1.053565375285274,1.1130039432894108,1.2801475609388857,0.0,1.761943371520335,5.299999999999997,4.5,-0.2,0.0,17.299999999999997,1.8000000000000007,-1.0,0.29999999999999716,9.5,-10.799999999999997,-0.5,-4.300000000000001,259.3,-1.0,0.10000000000000053,-6.8,1.5,-34.8,-1.1000000000000014,-0.7000000000000011,-14.600000000000001,-0.9,-5.0,-1.8000000000000007,10.5,-0.5999999999999943,0.30000000000000004,-33.099999999999994,-0.39999999999999947,-7.099999999999994,-0.29999999999999893,-0.20000000000000018,-2.5,0.0,5.6,307,35,45.0,7.650095063296039
8AF47463-8534-4203-B210-C2290F6CE689,1,1974-11-22 11:00:35.987,1974-11-29 20:15:28.313,7,1974,11,4,금,단기(4-7일),Female,1952-06-27 17:29:04.187,White,Divorced,English,11.88,73.6,70세~,Medium,I43,Cardiomyopathy in diseases classified elsewhere,1.0,0.0,0.0,2.0,1.0,1.0,2.0,0.0,1.0,0.0,0.0,0.0,1.0,0.0,0.0,1.0,1.0,0.0,1.0,1.0,2.0,0.0,1.0,1.0,0.0,0.0,0.0,2.0,0.0,0.0,2.0,0.0,0.0,0.0,2.0,21.842857142857138,67.64999999999999,0.13333333333333333,0.3166666666666667,41.800000000000004,13.350000000000001,3.742857142857143,30.212500000000002,34.824999999999996,81.28333333333335,0.6428571428571429,5.971428571428571,278.05,13.814285714285713,4.6000000000000005,7.866666666666667,3.857142857142857,95.01666666666667,47.949999999999996,11.583333333333334,23.82,0.3,10.25,8.819999999999999,23.657142857142855,99.4875,0.76,110.3,4.4,147.29999999999998,6.82,6.36,2.15,1.0,2.0714285714285716,5.746551761087438,4.691161902983098,0.051639777949432225,0.1834847859269718,7.318743061482623,2.768212419594999,1.1058287131636362,4.489173484220516,3.6295414901294936,5.1828241979317236,0.3690399384761441,2.8958097806510503,112.44817028302418,1.3208943579112997,0.8755950357709136,2.2286019533929036,0.9342682392424262,33.240061171223296,19.875789292503583,5.061784928922472,11.007815405429,0.270801280154532,2.6097892635230147,1.0377861051295685,4.914216500066291,4.9443871496591285,0.15165750888103102,30.20331107676773,0.6603029607687669,5.681901090304191,1.7852170736355844,0.4393176527297763,1.0251829105091443,0.0,1.9644458809159442,-11.599999999999998,2.1000000000000085,0.0,-0.4,18.800000000000004,2.8000000000000007,0.5,8.099999999999998,2.799999999999997,4.599999999999994,0.7,4.499999999999999,-22.69999999999999,-0.5,2.3,3.5999999999999996,-0.40000000000000036,-2.8000000000000043,12.299999999999997,7.700000000000001,-1.7999999999999972,0.0,-3.299999999999999,-2.3999999999999995,14.5,2.5,-0.09999999999999998,-21.299999999999997,-0.7000000000000002,6.699999999999989,-0.09999999999999964,-0.5,-2.5,0.0,-0.3999999999999999,219,35,23.0,8.031808812401769
8AF47463-8534-4203-B210-C2290F6CE689,2,1998-03-10 07:54:00.890,1998-03-26 02:14:34.737,15,1998,3,1,화,장기(15-30일),Female,1952-06-27 17:29:04.187,White,Divorced,English,11.88,73.6,70세~,Medium,M90.522,"Osteonecrosis in diseases classified elsewhere, left upper arm",1.0,2.0,0.0,0.0,2.0,2.0,2.0,1.0,3.0,0.0,2.0,1.0,1.0,3.0,3.0,1.0,2.0,2.0,1.0,1.0,3.0,2.0,1.0,1.0,2.0,3.0,1.0,0.0,2.0,5.0,0.0,0.0,0.0,0.0,1.0,25.300000000000004,68.16,0.125,0.37777777777777777,41.184615384615384,16.76153846153846,2.8153846153846156,30.584615384615386,32.82727272727272,82.83333333333333,0.7300000000000001,7.400000000000002,275.6111111111111,12.75,4.671428571428572,8.4,4.24,92.73076923076923,41.06,8.458333333333334,28.308333333333337,0.7545454545454544,18.214285714285715,9.10909090909091,25.369999999999997,101.73333333333333,0.9071428571428571,100.15454545454544,4.291666666666667,137.65555555555557,7.139999999999999,6.044444444444444,2.1538461538461537,1.0,3.2181818181818183,6.338594306135847,6.0131707295088646,0.07537783614444091,0.097182531580755,6.727660087757871,1.6358170545319042,1.5328873375899448,5.434894380121563,3.807647806478669,8.602325267042625,0.3713339317768966,2.5826343140289914,97.16458259628922,2.885174304826447,1.1677911901261562,2.47341419454522,1.2249263016379575,33.773939278073186,15.028136574069615,2.864979242613472,9.165593601104407,0.43900714427816856,6.650836516832028,1.4835461202500888,5.4658637621758075,9.283318372220139,0.19400351192017803,16.408922184979954,1.0326121628122917,11.6420693082363,1.2276445377677978,0.6482883446258909,0.8342815118565442,0.0,1.542607002329616,3.3999999999999986,7.600000000000001,-0.1,0.0,6.900000000000006,-2.099999999999998,0.5999999999999999,-8.8,-1.8000000000000007,11.099999999999994,-0.29999999999999993,-4.199999999999999,-70.4,0.20000000000000107,0.39999999999999947,8.200000000000001,1.4000000000000004,71.0,-16.799999999999997,3.0999999999999996,0.9000000000000021,-0.6000000000000001,11.600000000000001,1.8000000000000007,7.300000000000001,-5.300000000000011,0.10000000000000009,-0.4000000000000057,-0.7000000000000002,16.499999999999986,-2.0,-1.4000000000000004,2.1,0.0,-2.5,397,35,51.0,7.59488752417911
8AF47463-8534-4203-B210-C2290F6CE689,3,2005-03-23 02:32:09.067,2005-04-03 07:38:26.190,11,2005,3,2,수,중기(8-14일),Female,1952-06-27 17:29:04.187,White,Divorced,English,11.88,73.6,70세~,Medium,F14.15,Cocaine abuse with cocaine-induced psychotic disorder,2.0,1.0,0.0,5.0,1.0,1.0,2.0,2.0,0.0,0.0,2.0,1.0,0.0,3.0,1.0,1.0,0.0,1.0,0.0,1.0,2.0,0.0,0.0,0.0,2.0,1.0,2.0,1.0,1.0,1.0,0.0,3.0,3.0,0.0,0.0,23.57,71.88749999999999,0.10909090909090909,0.32727272727272727,44.13333333333333,14.644444444444446,2.988888888888889,28.037499999999998,33.61818181818182,85.4625,0.6799999999999999,4.744444444444444,253.64285714285717,14.0,5.725,6.83,4.430000000000001,85.01111111111112,45.58,8.742857142857144,31.579999999999995,0.611111111111111,15.971428571428572,9.399999999999999,28.371428571428567,96.58571428571429,0.78,91.92500000000001,4.529999999999999,142.18571428571428,7.290000000000001,5.822222222222223,2.1444444444444444,1.0,2.71,6.671506576478809,5.373862005777861,0.07006490497453707,0.19021518914592014,8.682741502544,3.046765133346806,1.5333333333333334,5.931017137533349,2.4015903821502054,7.224153435326721,0.410419839243237,3.1125195224733577,94.43807242743534,2.770379035439014,1.075373689202303,3.079339756073262,0.9345824973989425,28.137450330673374,14.634874634090844,3.6248481084762445,8.434426806580015,0.3407508050043479,6.150261318489995,1.2433824833895641,6.073086608338542,6.543808414939157,0.22010098692292238,21.499485043666912,0.9405081368896048,8.617507097265921,1.3617390841616221,1.0232030318780556,1.1046618386537022,0.0,1.4730542722143296,-1.2999999999999972,-6.299999999999997,0.1,0.0,18.300000000000004,7.4,2.1,2.0,-4.800000000000004,10.900000000000006,-0.39999999999999997,-1.0,-144.49999999999997,1.299999999999999,-2.8,-0.39999999999999947,-0.10000000000000009,-32.599999999999994,36.7,5.3999999999999995,5.899999999999999,0.0,4.700000000000001,-2.0,-1.5,3.799999999999997,-0.19999999999999996,25.599999999999994,0.09999999999999964,-12.800000000000011,2.3,-0.7999999999999998,-1.2000000000000002,0.0,0.7,316,35,40.0,7.3819738677003475
8AF47463-8534-4203-B210-C2290F6CE689,4,2005-12-30 05:22:23.737,2006-01-02 10:16:19.067,3,2005,12,4,금,초단기(~3일),Female,1952-06-27 17:29:04.187,White,Divorced,English,11.88,73.6,70세~,Medium,O24.013,"Pre-existing diabetes mellitus, type 1, in pregnancy, third trimester",0.0,0.0,0.0,1.0,1.0,0.0,0.0,0.0,1.0,1.0,0.0,1.0,1.0,1.0,1.0,0.0,0.0,1.0,2.0,0.0,0.0,0.0,0.0,1.0,0.0,0.0,0.0,1.0,0.0,0.0,0.0,0.0,0.0,0.0,0.0,18.35,74.94999999999999,0.15000000000000002,0.35000000000000003,42.125,13.95,2.1333333333333333,30.849999999999998,34.125,94.325,0.75,5.866666666666667,268.725,14.0,6.2,6.166666666666667,4.15,96.8,61.800000000000004,11.2,26.150000000000002,0.475,20.866666666666664,8.200000000000001,22.875,99.36666666666667,0.7,107.96666666666665,4.266666666666667,138.025,6.5,5.625,1.6749999999999998,1.0,3.8666666666666667,2.7577164466275357,4.737615433949876,0.07071067811865475,0.1914854215512676,9.803868284168923,3.3070631482732034,1.3051181300301262,6.056676756550026,4.3407948580876345,6.665020630125611,0.07071067811865482,4.266536456346452,95.3082848794724,3.4597687784012394,1.1313708498984758,2.4704925284917048,1.202081528017131,47.10329075553001,19.3778223750761,4.125530268947254,6.668583057891684,0.3862210075418822,3.061590000854675,1.081665382639197,2.830047113859886,7.57979771058129,0.08164965809277264,24.137591705332433,0.8082903768654762,3.831775045589197,1.0535653752852738,0.23629078131263057,1.3598406769422167,0.0,1.5947831618540915,3.900000000000002,6.700000000000003,0.1,0.19999999999999998,-17.0,0.0,0.5999999999999999,-5.700000000000003,-10.500000000000004,-1.2000000000000028,-0.10000000000000009,-3.6000000000000005,-151.7,5.1,1.5999999999999996,-4.9,-1.7000000000000002,72.39999999999999,7.900000000000006,-4.1,14.599999999999998,0.8,-0.1999999999999993,0.6000000000000005,-6.399999999999999,9.400000000000006,0.10000000000000009,38.3,1.4000000000000004,8.099999999999994,0.9000000000000004,0.5,-2.4,0.0,-3.1,116,35,13.0,7.784675712583572
8AF47463-8534-4203-B210-C2290F6CE689,5,2011-11-18 01:01:27.167,2011-11-20 19:23:46.317,2,2011,11,4,금,초단기(~3일),Female,1952-06-27 17:29:04.187,White,Divorced,English,11.88,73.6,70세~,Medium,D55.2,Anemia due to disorders of glycolytic enzymes,1.0,1.0,0.0,0.0,0.0,0.0,0.0,1.0,0.0,0.0,1.0,0.0,0.0,1.0,0.0,0.0,0.0,1.0,0.0,0.0,0.0,0.0,0.0,2.0,0.0,2.0,2.0,0.0,0.0,,0.0,0.0,1.0,0.0,2.0,23.866666666666664,66.6,0.10000000000000002,0.35,47.05,14.4,2.9,23.75,31.4,87.3,1.2,5.45,271.23333333333335,16.05,4.3,4.3,5.35,113.55,48.5,13.4,19.1,0.7000000000000001,24.6,8.9,27.7,98.90000000000002,0.5333333333333333,92.53333333333332,5.15,,7.733333333333333,5.4,3.4,1.0,5.75,8.364408725865404,8.9095454429505,0.1,0.21213203435596428,7.28319984622144,2.029778313018444,,2.333452377915605,,6.363961030678928,,4.17193000900063,114.80005807199461,0.9192388155425104,0.8660254037844386,,0.3535533905932738,50.84097756731277,5.642694391866355,2.9614185789921685,,0.36055512754639896,,2.5159491250818244,,12.735383779062166,0.05773502691896255,29.704264564761292,0.2121320343559638,,1.4189197769195172,,,0.0,0.21213203435596475,-7.5,-12.600000000000009,0.1,0.3,-10.300000000000004,4.0,0.0,-3.299999999999997,0.0,-9.0,0.0,5.9,-114.60000000000002,1.299999999999999,0.0,0.0,-0.5,-71.9,6.799999999999997,-3.3999999999999986,0.0,0.5000000000000001,0.0,-4.500000000000001,0.0,22.39999999999999,0.0,2.6000000000000085,0.2999999999999998,,-2.8,0.0,0.0,0.0,0.3000000000000007,72,34,15.0,10.534777818763807
135C831F-7DA5-46C0-959C-EBCBD8810B43,1,1993-04-24 06:21:44.210,1993-04-30 07:05:16.027,6,1993,4,5,토,단기(4-7일),Male,1971-05-13 04:40:05.623,White,Unknown,Spanish,12.38,54.7,50대,Medium,E09.359,Drug or chemical induced diabetes mellitus with proliferative diabetic retinopathy without macular edema,1.0,0.0,0.0,0.0,0.0,1.0,0.0,0.0,0.0,2.0,0.0,1.0,1.0,1.0,0.0,2.0,0.0,2.0,0.0,0.0,0.0,0.0,2.0,0.0,2.0,1.0,2.0,0.0,1.0,1.0,2.0,0.0,1.0,0.0,1.0,20.475,71.26666666666667,0.08571428571428572,0.2,44.199999999999996,14.971428571428573,3.5666666666666664,32.760000000000005,33.775,86.2,1.0,6.3999999999999995,284.7166666666667,12.0,4.966666666666666,7.45,3.6799999999999997,81.88333333333333,37.91428571428571,12.0,27.683333333333334,0.8833333333333334,21.983333333333334,10.05,30.860000000000003,101.46666666666665,0.6833333333333332,98.43999999999998,4.779999999999999,140.975,7.133333333333333,5.900000000000001,1.9000000000000001,1.0,2.18,5.795040983461636,1.5044378795195665,0.06900655593423542,0.0,2.851315485876651,3.1568519581561443,1.0214368964029708,3.367194678066597,2.5578311124857342,10.132127121192275,0.22360679774997905,3.1107341041411214,92.05870771777468,2.1435951110226017,1.2583057392117918,3.3440992808228645,0.85848704125339,43.877712641689364,13.550452461256114,1.4142135623730951,6.84993917247932,0.1602081978759722,8.414372624662319,1.3329166015421468,5.758298359758724,10.667864516075063,0.19407902170679517,22.32650890757442,0.791833315793166,10.058288456127443,2.0333879774078207,0.4857983120596445,1.098483803552272,0.0,1.8579558659989746,-0.9000000000000021,2.700000000000003,-0.2,0.0,-5.700000000000003,-3.1999999999999993,-0.2999999999999998,-0.3999999999999986,1.6000000000000014,-3.299999999999997,0.0,-5.6,80.39999999999998,-4.800000000000001,1.0,3.8,0.0,-12.700000000000017,-16.200000000000003,-2.0,-13.2,-0.09999999999999998,4.0,0.1999999999999993,12.599999999999998,-2.5,-0.30000000000000004,12.0,-1.2999999999999998,-15.099999999999994,3.9000000000000004,0.09999999999999964,0.20000000000000018,0.0,-1.8,175,35,24.0,7.552145493171569
135C831F-7DA5-46C0-959C-EBCBD8810B43,2,2001-02-17 08:12:52.013,2001-02-22 05:45:07.190,4,2001,2,5,토,단기(4-7일),Male,1971-05-13 04:40:05.623,White,Unknown,Spanish,12.38,54.7,50대,Medium,M49.87,"Spondylopathy in diseases classified elsewhere, lumbosacral region",0.0,0.0,0.0,0.0,0.0,0.0,0.0,0.0,0.0,1.0,0.0,0.0,0.0,0.0,1.0,0.0,0.0,1.0,0.0,0.0,0.0,0.0,2.0,0.0,1.0,1.0,1.0,2.0,0.0,0.0,0.0,1.0,0.0,0.0,0.0,23.200000000000003,76.26666666666667,0.08,0.22499999999999998,42.06666666666667,14.366666666666667,2.75,30.675,35.85,89.07499999999999,0.7666666666666666,4.8,318.0,11.475000000000001,4.65,7.0,3.766666666666667,73.64999999999999,52.12500000000001,12.725,29.600000000000005,0.5,24.1,10.2,24.2,107.1,1.0333333333333334,67.9,4.2,141.9,7.7,5.533333333333334,1.3333333333333333,1.0,2.4,7.636753236814712,2.003330560175564,0.08366600265340757,0.04999999999999999,7.046512139586034,2.4006943440041115,1.3771952173409063,4.6212372080789486,3.304037933599835,9.338941767316753,0.2516611478423583,3.7242448899072147,132.11998334847004,0.9810708435174293,2.3334523779156062,1.9467922333931784,1.1930353445448854,32.229437889399605,20.191479225983745,2.9680240340446478,12.17908042505673,0.264575131106459,6.7364679172397155,,6.290204024248073,6.589764790946641,0.15275252316519466,8.723531395025756,0.7257180352359083,8.317451532771322,,1.0066445913694333,1.2858201014657271,0.0,1.0099504938362076,10.8,-3.799999999999997,0.2,0.0,12.400000000000006,-4.699999999999999,1.2999999999999998,4.899999999999999,0.0,-6.599999999999994,-0.5,1.6,22.600000000000023,-2.3999999999999986,3.3,2.9000000000000004,-0.6000000000000001,51.5,36.3,1.6999999999999993,-5.5,0.49999999999999994,-1.1000000000000014,0.0,-8.899999999999999,-9.400000000000006,-0.19999999999999996,7.900000000000006,-0.7000000000000002,-7.400000000000006,0.0,2.0,2.4,0.0,-0.30000000000000004,118,35,11.0,8.760106385032003
135C831F-7DA5-46C0-959C-EBCBD8810B43,3,2002-03-22 09:13:51.577,2002-03-26 19:03:47.040,4,2002,3,4,금,단기(4-7일),Male,1971-05-13 04:40:05.623,White,Unknown,Spanish,12.38,54.7,50대,Medium,I25.10,Atherosclerotic heart disease of native coronary artery without angina pectoris,0.0,0.0,0.0,1.0,0.0,1.0,0.0,0.0,0.0,0.0,0.0,0.0,0.0,1.0,2.0,0.0,0.0,0.0,1.0,1.0,0.0,0.0,0.0,0.0,1.0,0.0,0.0,1.0,1.0,1.0,1.0,2.0,0.0,0.0,0.0,25.474999999999998,68.89999999999999,0.15000000000000002,0.275,46.199999999999996,13.65,2.2399999999999998,30.85,30.85,91.05000000000001,0.44999999999999996,4.633333333333334,299.7666666666667,12.066666666666665,4.82,8.899999999999999,3.325,88.76000000000002,50.925000000000004,8.82,30.6,0.7666666666666666,16.8,10.540000000000001,27.650000000000002,101.975,0.9500000000000001,91.53999999999999,4.0,144.175,8.4,5.08,1.92,1.0,4.2,6.182434795450736,8.007496487667037,0.1,0.12583057392117916,6.750555532695065,3.3808283008753923,1.303073290340954,5.444722215136418,1.8876793513023702,6.573938444088652,0.35355339059327373,1.2858201014657276,41.619386508372926,3.2516662395352536,1.602186006679624,1.1313708498984765,0.639661368746516,27.58184185292926,25.28258623374331,3.6676968249843114,6.815179136799462,0.3055050463303894,3.6041642581880207,1.1081516141756047,7.2647551002540105,5.084863157778527,0.21213203435596428,18.06648831400281,0.5597618541248887,10.763015376742715,1.5394804318340651,0.3768288736283353,0.5974947698515862,0.0,1.8384776310850235,0.5,-14.599999999999994,-0.2,0.30000000000000004,-13.5,5.899999999999999,0.0,-7.700000000000003,4.200000000000003,-14.599999999999994,-0.49999999999999994,-2.0,-20.799999999999955,2.200000000000001,-3.3000000000000003,1.5999999999999996,-0.8000000000000003,-54.10000000000001,51.2,2.3000000000000007,-8.400000000000002,-0.40000000000000013,3.3000000000000007,-2.799999999999999,-2.8000000000000043,11.300000000000011,0.30000000000000004,48.7,-1.0,22.399999999999977,2.1000000000000005,-0.7000000000000002,0.7,0.0,2.6,130,35,14.0,5.837389313359368
135C831F-7DA5-46C0-959C-EBCBD8810B43,4,2007-09-30 01:46:55.247,2007-10-05 17:55:31.143,5,2007,9,6,일,단기(4-7일),Male,1971-05-13 04:40:05.623,White,Unknown,Spanish,12.38,54.7,50대,Medium,M90.632,"Osteitis deformans in neoplastic diseases, left forearm",0.0,1.0,0.0,2.0,0.0,2.0,1.0,0.0,3.0,0.0,1.0,0.0,1.0,0.0,0.0,0.0,1.0,1.0,1.0,1.0,0.0,0.0,1.0,0.0,1.0,1.0,0.0,0.0,0.0,2.0,0.0,1.0,0.0,0.0,1.0,23.8,76.60000000000001,0.1,0.32,40.28,12.420000000000002,1.7333333333333332,31.759999999999998,33.879999999999995,87.2,0.8666666666666667,5.566666666666667,344.86,12.2,5.4,7.9,3.825,89.2,41.839999999999996,8.666666666666666,21.3,0.55,15.175,9.275,25.5,98.0,0.7666666666666666,110.65,4.640000000000001,138.925,7.459999999999999,6.459999999999999,1.44,1.0,2.1399999999999997,5.755866572463264,3.7269290307168443,0.1,0.21679483388678802,7.089217164116217,2.3402991261802413,1.106044001535804,4.853658414021324,5.603302597575826,11.0666164657496,0.4163331998932266,2.041241452319315,69.01574458049409,1.3089435944047902,1.0511898020814314,1.7473789896108207,1.0996211468804455,50.11556644397028,19.033864557677195,4.509841091065922,7.357988855658861,0.443471156521669,10.630263402192817,0.4573474244670746,4.613747572924495,8.133060104700238,0.2250925735484551,25.405314404667386,0.9528903399657277,14.836750542712066,1.438054240979804,0.9316651759081693,0.6066300355241241,0.0,1.7052858997833766,11.5,-6.6000000000000085,0.2,-0.3,-1.2999999999999972,-0.20000000000000107,0.9000000000000001,-1.5999999999999979,-4.099999999999994,12.100000000000009,-0.7999999999999999,-2.8999999999999995,33.30000000000001,0.7000000000000011,2.0,-2.0,1.7999999999999998,42.9,38.4,-3.0999999999999996,12.0,0.6,-18.9,0.7000000000000011,-9.100000000000001,-15.400000000000006,-0.4,-44.2,2.1999999999999997,-1.8999999999999915,-0.5,1.4000000000000004,0.6000000000000001,0.0,-3.5999999999999996,154,35,22.0,7.712457565548506
135C831F-7DA5-46C0-959C-EBCBD8810B43,5,2010-08-26 05:15:19.353,2010-09-02 19:07:43.873,7,2010,8,3,목,단기(4-7일),Male,1971-05-13 04:40:05.623,White,Unknown,Spanish,12.38,54.7,50대,Medium,M05.17,Rheumatoid lung disease with rheumatoid arthritis of ankle and foot,1.0,1.0,0.0,0.0,1.0,0.0,1.0,2.0,1.0,1.0,1.0,1.0,1.0,0.0,1.0,0.0,0.0,1.0,1.0,1.0,1.0,0.0,1.0,0.0,0.0,1.0,0.0,1.0,1.0,1.0,1.0,2.0,1.0,0.0,0.0,24.1,67.39999999999999,0.08333333333333333,0.4000000000000001,41.642857142857146,14.579999999999998,2.8166666666666664,31.314285714285713,33.75714285714285,81.4125,0.675,6.366666666666667,246.25,12.914285714285713,5.357142857142857,6.016666666666666,4.0857142857142845,92.7125,48.771428571428565,12.274999999999999,29.914285714285715,0.35000000000000003,12.975,9.328571428571427,26.257142857142856,107.22,0.875,105.0,4.483333333333333,143.16666666666666,8.433333333333332,5.928571428571429,1.9428571428571428,1.0,1.9749999999999999,6.51130884363066,6.432106964284712,0.09831920802501751,0.12649110640673517,7.643048506727569,0.917605579756357,1.6104864689486424,5.5613033758369275,3.5008842420437833,8.429614039630929,0.30589447293376937,4.130778780488412,99.27456371095266,1.5377782365353936,1.1326328367379883,1.8476110701840545,0.7625146368618584,35.99525514365946,14.546559076028284,4.494043677071749,7.164362863374192,0.24289915602982234,4.269562819149833,1.4996825060817436,4.293738519773936,4.115458662166343,0.09574271077563379,28.59055788193018,1.0264826674945204,7.564302126876389,1.6824585185574907,1.0873734190152673,1.2299825782738318,0.0,0.8548182764273854,1.0000000000000018,-4.8999999999999915,0.1,0.2,7.600000000000001,-2.0,0.8999999999999999,6.299999999999997,5.600000000000001,5.200000000000003,-0.4,0.3000000000000007,-62.69999999999999,1.799999999999999,2.1999999999999993,2.8000000000000007,1.0,80.39999999999999,9.5,6.899999999999999,3.1999999999999993,-0.39999999999999997,-0.5,0.6000000000000014,-5.100000000000001,0.10000000000000853,0.09999999999999998,-43.599999999999994,0.9000000000000004,-16.700000000000017,-3.9000000000000004,-0.9000000000000004,-0.3,0.0,-0.2999999999999998,226,35,25.0,7.673606362362046
8856096E-E59C-4156-A767-C091AF799C80,1,2008-02-03 21:36:34.200,2008-02-11 21:48:33.480,8,2008,2,6,일,중기(8-14일),Female,1988-11-25 02:59:36.373,White,Divorced,English,11.08,37.2,30대,Medium,M90.6,Osteitis deformans in neoplastic diseases,0.0,1.0,0.0,3.0,0.0,1.0,2.0,2.0,3.0,2.0,0.0,3.0,0.0,1.0,1.0,2.0,0.0,0.0,1.0,1.0,0.0,0.0,1.0,2.0,1.0,1.0,0.0,1.0,0.0,0.0,0.0,1.0,0.0,0.0,0.0,22.775000000000002,68.78571428571428,0.07142857142857142,0.2,43.114285714285714,14.712500000000002,2.6857142857142864,32.72857142857142,32.8,84.3125,0.6,8.214285714285715,347.0,11.233333333333334,4.82,5.800000000000001,4.633333333333333,82.66666666666667,47.528571428571425,7.516666666666667,21.566666666666666,0.74,23.72222222222222,10.433333333333335,28.083333333333332,102.0,0.8285714285714286,111.32857142857142,4.7625,141.86666666666667,7.957142857142856,6.539999999999999,1.5142857142857145,1.0,1.3,4.634266778189251,6.959748216573296,0.0951189731211342,0.17320508075688773,5.561603057700951,2.950756561581163,1.2535663410560176,5.551190348539158,3.953057888099625,10.109463388330756,0.27255405754769874,3.3899009677907364,64.51226240026,1.5383974345619107,1.2696456198483101,3.1597468253010397,0.7916228058025278,29.382148775517877,15.903952788087441,4.06960276521759,5.136406006797619,0.3507135583350037,5.407582125538591,1.6033298683261241,6.052244762620448,7.849331181699494,0.13801311186847084,16.84287329859074,0.7520210863305061,8.859947328662102,0.8403514004215592,0.6188699378706324,0.481070235442364,0.0,0.3366501646120692,2.6999999999999993,-17.39999999999999,-0.1,0.0,0.6000000000000014,3.5999999999999996,2.4000000000000004,6.699999999999999,-11.099999999999998,26.5,0.0,2.5,4.699999999999989,-2.9000000000000004,0.8999999999999999,-1.5999999999999996,0.09999999999999964,3.8999999999999986,3.5,9.2,13.000000000000002,0.40000000000000013,-10.0,3.0999999999999996,-5.399999999999999,9.800000000000011,-0.10000000000000009,26.0,0.09999999999999964,-12.900000000000006,0.0,0.8000000000000007,0.19999999999999996,0.0,-0.29999999999999993,230,35,30.0,6.308606146885689
6623F5D6-D581-4268-9F9B-21612FBBF7B5,1,1962-07-16 22:31:39.413,1962-08-03 20:12:50.693,17,1962,7,0,월,장기(15-30일),Female,1943-02-17 15:36:13.787,Asian,Single,Spanish,14.49,82.9,70세~,Medium,C72.1,Malignant neoplasm of cauda equina,2.0,0.0,0.0,1.0,2.0,2.0,0.0,2.0,1.0,0.0,2.0,3.0,3.0,1.0,1.0,3.0,2.0,3.0,1.0,0.0,1.0,1.0,0.0,0.0,5.0,1.0,3.0,0.0,1.0,1.0,2.0,0.0,4.0,0.0,2.0,24.041666666666668,67.96153846153847,0.11333333333333336,0.41538461538461535,42.08888888888889,13.874999999999998,2.7636363636363637,31.375,34.1,86.56153846153846,0.7692307692307693,7.34,337.62142857142857,12.846153846153847,5.363636363636363,6.6000000000000005,4.6,95.52307692307691,44.95000000000001,12.092307692307692,27.42941176470588,0.7076923076923077,18.476923076923075,9.446153846153846,28.199999999999996,104.46153846153847,0.9600000000000001,86.84166666666665,4.169230769230769,138.74,7.957142857142857,6.23,1.7750000000000001,1.0,2.386666666666667,5.795367794953817,5.064506962107051,0.06399404734221845,0.1214231845389905,8.807020558117888,2.941590478882902,1.12006493318265,5.257946367166558,3.9032038122547488,5.122912332768418,0.34006032647315043,2.9178759397890794,92.11041182750714,2.2013690379001973,1.12006493318265,2.830058439190041,1.0974718422102885,38.52300511482616,17.130966114028713,3.824147298954705,8.788754512577588,0.32522181779399545,5.790387702355495,1.2400372202850636,6.201612693485462,6.6344477868092,0.19198214202665534,18.488053063008177,0.8459556877526302,9.691714674572985,1.3431961227519325,0.634297511687799,1.116101168434931,0.0,1.5972595578797129,10.8,-2.4000000000000057,-0.1,0.39999999999999997,-6.5,1.7000000000000028,1.9,7.199999999999996,1.5,-7.799999999999997,0.5,3.1000000000000005,-29.30000000000001,-3.299999999999999,1.0,4.4,2.2,-65.9,11.100000000000001,2.6000000000000014,11.600000000000001,-0.20000000000000007,-9.3,0.8000000000000007,0.3999999999999986,6.099999999999994,0.0,-15.599999999999994,0.5,16.799999999999983,0.29999999999999893,1.4000000000000004,2.6,0.0,-0.6,452,35,50.0,7.51949951447997
6623F5D6-D581-4268-9F9B-21612FBBF7B5,2,1965-09-23 22:38:23.817,1965-10-02 03:55:42.533,8,1965,9,3,목,중기(8-14일),Female,1943-02-17 15:36:13.787,Asian,Single,Spanish,14.49,82.9,70세~,Medium,K71.50,Toxic liver disease with chronic active hepatitis without ascites,2.0,0.0,0.0,1.0,0.0,1.0,0.0,0.0,0.0,0.0,1.0,1.0,1.0,0.0,0.0,2.0,0.0,0.0,0.0,1.0,2.0,0.0,1.0,1.0,2.0,0.0,1.0,0.0,3.0,1.0,1.0,3.0,0.0,0.0,1.0,22.057142857142857,72.42857142857142,0.09999999999999999,0.37500000000000006,42.9,14.683333333333335,2.8,29.983333333333334,36.51666666666667,82.6125,0.5166666666666667,5.0125,344.15,12.9125,4.285714285714286,7.416666666666667,4.071428571428571,98.98333333333335,44.739999999999995,11.733333333333333,25.387500000000003,0.7375,21.4125,10.225,30.03333333333333,99.44285714285715,0.8142857142857144,97.5,4.840000000000001,142.3,7.2124999999999995,5.9625,2.0999999999999996,1.0,3.1857142857142855,5.465911678411065,4.739449435575927,0.05773502691896258,0.15811388300841897,6.063002556489645,2.7491210716639354,1.378404875209022,3.5130708314331875,1.9281251688276535,8.69637650321755,0.40207793606049397,3.103655678619742,90.71781995365,2.0656631588219523,0.8454359258760564,3.3259083972152133,0.6369570517030845,36.024625836594986,16.330890973856878,3.546829570193639,9.546792655127689,0.2875388172552907,6.581670977581822,1.3977021959528533,5.470161484514572,6.797268358896617,0.273426232761059,17.110425671696966,1.2915107432770354,9.359792427490806,1.517928569747978,1.068961445248879,0.5354126134736336,0.0,1.6128944700223173,5.799999999999999,11.0,-0.1,0.0,-7.299999999999997,3.1999999999999993,2.4000000000000004,4.899999999999999,-0.6999999999999957,5.6000000000000085,1.0,3.7,147.4,4.399999999999999,0.8999999999999999,8.600000000000001,-1.2000000000000002,7.0,17.5,-0.8000000000000007,6.800000000000001,0.40000000000000013,-0.8000000000000007,-1.3000000000000007,-6.799999999999997,0.0,0.40000000000000013,-4.400000000000006,0.0,-7.300000000000011,-1.1000000000000005,-2.1000000000000005,0.6999999999999997,0.0,-0.7000000000000002,248,35,26.0,7.274304633611284
6623F5D6-D581-4268-9F9B-21612FBBF7B5,3,1970-04-24 03:03:41.243,1970-05-08 10:28:24.230,14,1970,4,4,금,중기(8-14일),Female,1943-02-17 15:36:13.787,Asian,Single,Spanish,14.49,82.9,70세~,Medium,Z12.71,Encounter for screening for malignant neoplasm of testis,1.0,2.0,0.0,4.0,0.0,0.0,0.0,3.0,1.0,1.0,2.0,5.0,0.0,0.0,1.0,3.0,1.0,2.0,3.0,1.0,0.0,2.0,0.0,2.0,1.0,0.0,3.0,2.0,0.0,1.0,5.0,2.0,1.0,0.0,2.0,28.244444444444447,69.77272727272727,0.13,0.3692307692307692,43.10714285714287,15.433333333333334,2.9099999999999997,29.74615384615385,34.96666666666667,81.19166666666668,0.6384615384615384,5.970000000000001,296.2083333333333,12.575000000000001,4.9,9.620000000000001,3.691666666666667,106.4,49.383333333333326,12.181818181818182,23.05,0.61,20.444444444444443,9.545454545454545,27.14545454545454,100.2181818181818,0.8700000000000001,105.47692307692309,4.672727272727272,141.20909090909092,7.8999999999999995,5.723076923076923,1.9454545454545455,1.0,3.7363636363636363,4.42806704757028,5.8825319224107755,0.0674948557710553,0.17504578155735612,6.25145697303551,1.479864858694874,0.9538809615926344,5.487047685932056,3.0590031055884834,7.803432616871923,0.3524638552118064,3.7452340084135964,87.38802142100934,1.1373528162234572,1.2850792082313724,1.9870693104279094,0.953899492831526,34.59662796670604,20.13056623569484,4.345990837960472,4.905006718557163,0.3842742076521226,6.1931637938760975,1.4320360584591691,5.410612467431693,6.22797209078817,0.25407785333546007,23.494792112514137,0.7253839108925825,8.29065190988677,1.9230184606498195,0.8927054816248621,0.8779107430298781,0.0,1.8811021914147712,-1.6999999999999957,-10.400000000000006,0.0,0.0,2.0,0.0,1.9,-10.7,0.0,-18.599999999999994,0.5,-2.1000000000000005,-180.29999999999998,-1.3000000000000007,2.0,1.9000000000000004,0.7999999999999998,-31.599999999999994,-36.7,4.199999999999999,3.1000000000000014,0.7,-17.6,-1.5999999999999996,-10.3,-13.0,0.6000000000000001,-30.1,1.5999999999999996,6.800000000000011,3.0999999999999996,2.2,-1.3,0.0,1.9,380,35,51.0,7.268652541767086
6623F5D6-D581-4268-9F9B-21612FBBF7B5,4,1973-12-09 19:18:32.577,1973-12-25 08:53:33.347,15,1973,12,6,일,장기(15-30일),Female,1943-02-17 15:36:13.787,Asian,Single,Spanish,14.49,82.9,70세~,Medium,M02.352,"Reiter's disease, left hip",0.0,2.0,0.0,2.0,0.0,0.0,0.0,0.0,1.0,1.0,0.0,1.0,3.0,0.0,0.0,0.0,2.0,2.0,2.0,3.0,2.0,2.0,3.0,2.0,0.0,1.0,0.0,0.0,1.0,4.0,2.0,0.0,2.0,0.0,1.0,23.764285714285716,69.69090909090909,0.10909090909090911,0.43750000000000006,42.263636363636365,14.127272727272725,3.3,30.21111111111111,34.75000000000001,84.91818181818182,0.5769230769230771,6.844444444444445,288.87,13.1,5.130769230769231,7.5200000000000005,4.754545454545455,108.97,56.01666666666666,10.606666666666667,26.41111111111111,0.6923076923076923,14.180000000000001,9.715384615384618,26.345454545454547,102.57692307692307,0.9199999999999999,103.17142857142856,4.753846153846153,138.72307692307692,7.281818181818181,5.763636363636365,2.158333333333333,1.0,2.77,5.10197656160481,7.161906805516888,0.08312094145936336,0.14078859531733587,4.221201896918157,2.512007527493065,1.1563489339913178,3.953303822261971,3.128467307214142,8.31971371885093,0.2919870035744918,2.538262747978975,121.76717355492634,1.6035674514745464,0.9150451859376628,2.3097859448682923,1.2193142633165877,34.30882782414268,16.46521586051435,5.094740518650675,9.891213834060567,0.38829013735766044,7.562803712909649,1.6318936616939603,3.919531511893644,6.0307757718436505,0.17511900715418266,18.97303465331901,0.8912681831856081,10.360996883034785,1.4448655174916327,0.8028358826967407,0.951036117594751,0.0,1.396861561580897,1.4000000000000021,12.400000000000006,0.0,-0.3,-9.699999999999996,-1.9000000000000004,-0.8000000000000003,5.600000000000001,-3.3999999999999986,-13.299999999999997,0.9000000000000001,3.1999999999999993,-54.5,1.8000000000000007,-0.09999999999999964,-0.8000000000000007,-2.0,34.3,-19.5,-7.1000000000000005,1.5,-0.2,-6.3,1.8000000000000007,5.0,-4.800000000000011,0.30000000000000004,35.599999999999994,0.5,0.4000000000000057,2.299999999999999,0.20000000000000018,-2.2,0.0,-3.0,401,35,39.0,8.19180808290941
6623F5D6-D581-4268-9F9B-21612FBBF7B5,5,2009-07-01 18:32:35.607,2009-07-06 13:29:41.370,4,2009,7,2,수,단기(4-7일),Female,1943-02-17 15:36:13.787,Asian,Single,Spanish,14.49,82.9,70세~,Medium,C94.32,"Mast cell leukemia, in relapse",2.0,0.0,0.0,2.0,0.0,1.0,0.0,0.0,1.0,0.0,0.0,1.0,1.0,0.0,1.0,0.0,2.0,2.0,0.0,0.0,1.0,0.0,0.0,1.0,0.0,0.0,1.0,2.0,0.0,0.0,1.0,0.0,0.0,0.0,0.0,27.333333333333332,72.23333333333333,0.08,0.2,36.300000000000004,14.62,3.325,32.160000000000004,34.800000000000004,83.575,0.36666666666666664,4.666666666666667,350.06000000000006,14.05,4.866666666666666,7.5,2.85,89.0,47.03333333333333,10.799999999999999,32.019999999999996,0.575,19.06,9.3,22.825000000000003,101.225,0.675,95.42500000000001,4.725,143.02,6.18,6.85,1.2,1.0,1.9249999999999998,10.312290401910397,5.033222956847167,0.10954451150103323,0.14142135623730953,1.4933184523068066,2.6319194516550093,0.7804912982645394,4.631738334578065,4.479955356920423,8.373519769686661,0.2886751345948128,3.646002377033417,102.8567110109982,1.4849242404917502,1.5502687938977981,2.812472222085047,0.31091263510296024,40.80759733186947,20.44146113499065,4.350861983561418,8.092403845582597,0.30956959368344517,2.1984085152673525,2.157158624981792,2.4757153848265068,7.568960738877349,0.2217355782608345,33.835619791377646,0.4193248541803042,6.778421645191461,0.8526429498916885,0.07071067811865482,0.5196152422706632,0.0,0.9945685831890462,-18.9,-4.0,-0.2,-0.1,2.299999999999997,-5.299999999999999,-1.6999999999999997,-3.5,-1.5,-4.5,-0.49999999999999994,7.199999999999999,106.19999999999999,-2.0999999999999996,-2.4,3.3000000000000007,-0.6999999999999997,50.0,-33.0,-4.5,-11.899999999999999,-0.3,3.5,3.0,3.6999999999999993,-14.799999999999997,0.0,73.60000000000001,0.40000000000000036,-10.099999999999994,1.6000000000000005,-0.10000000000000053,0.9,0.0,-0.6999999999999997,134,35,19.0,8.086633279435208
65A7FBE0-EA9F-49E9-9824-D8F3AD98DAC0,1,1987-03-04 01:09:21.620,1987-03-22 16:03:05.973,18,1987,3,2,수,장기(15-30일),Female,1962-11-30 06:28:33.110,White,Separated,Spanish,17.98,63.2,60대,Medium,F12.180,Cannabis abuse with cannabis-induced anxiety disorder,2.0,0.0,0.0,6.0,5.0,1.0,0.0,1.0,1.0,3.0,2.0,2.0,1.0,2.0,1.0,4.0,2.0,0.0,3.0,3.0,5.0,1.0,1.0,1.0,4.0,2.0,4.0,2.0,2.0,2.0,3.0,2.0,2.0,0.0,5.0,22.726666666666663,70.72666666666667,0.08666666666666667,0.3529411764705882,41.95,14.65,2.711111111111111,31.569230769230767,33.52727272727273,85.425,0.7466666666666666,5.630769230769231,315.65000000000003,13.899999999999997,5.549999999999999,7.320000000000001,4.4,96.73076923076923,41.900000000000006,12.014285714285716,30.85714285714286,0.5461538461538461,17.425,9.223076923076924,28.93076923076923,103.62666666666668,0.7333333333333333,102.05000000000003,4.314285714285714,139.62142857142857,7.573333333333333,5.892307692307693,1.6400000000000001,1.0,1.5538461538461539,5.055049337991056,5.809532396558837,0.0833809387832792,0.1736290840370052,8.00749648766704,2.855404232912274,0.9093558734484335,4.821373354723841,3.2295792014102744,9.20966883226536,0.29244454093692623,3.1094974447608665,96.38235661502921,2.263017896526671,1.0775684879179823,2.831001841852355,1.0198039027185568,21.713451461225006,19.321706273860322,4.5291971003287514,9.718635096137119,0.2665063620734804,6.8378791236092304,1.2070306859906572,6.712722325974837,8.091924251699224,0.19148542155126766,25.7132336475867,0.7634508123364221,8.780676211162485,1.4379880124011897,0.8731757540357481,0.9890832696420024,0.0,1.6312650431568871,12.5,10.900000000000006,0.0,-0.09999999999999998,-2.0,-5.699999999999999,-2.0,2.6000000000000014,-5.099999999999998,-22.099999999999994,-0.7000000000000001,-4.8,-2.6999999999999886,-2.0,-0.39999999999999947,3.499999999999999,2.7,-35.599999999999994,33.0,13.8,20.6,0.0,-5.0,-2.8000000000000007,-14.099999999999998,-6.799999999999997,0.30000000000000004,-7.200000000000003,1.0000000000000004,-0.29999999999998295,-1.8000000000000007,-0.5999999999999996,0.30000000000000004,0.0,-1.5999999999999996,507,35,75.0,7.597416323494607
65A7FBE0-EA9F-49E9-9824-D8F3AD98DAC0,2,2003-07-09 22:00:00.733,2003-07-16 04:51:39.403,6,2003,7,2,수,단기(4-7일),Female,1962-11-30 06:28:33.110,White,Separated,Spanish,17.98,63.2,60대,Medium,S35.415,Laceration of left renal vein,0.0,0.0,0.0,1.0,1.0,2.0,0.0,0.0,0.0,1.0,1.0,0.0,2.0,3.0,0.0,3.0,0.0,1.0,0.0,1.0,1.0,0.0,1.0,1.0,3.0,1.0,1.0,0.0,1.0,1.0,2.0,0.0,1.0,0.0,0.0,23.5,75.55,0.14,0.28571428571428575,41.333333333333336,14.779999999999998,3.0999999999999996,30.859999999999996,34.9,90.18333333333334,0.5800000000000001,4.1,217.60000000000002,14.85,5.700000000000001,7.8999999999999995,4.271428571428571,98.47999999999999,40.3,10.200000000000001,28.74,0.6,17.333333333333332,9.416666666666666,32.74999999999999,101.92,0.8571428571428573,90.30000000000001,4.666666666666667,140.9142857142857,8.9,6.460000000000001,1.8166666666666664,1.0,3.0,5.315543245990949,3.487597071528377,0.08944271909999159,0.12149857925879118,6.892798173939713,3.41716256563834,0.7974960814950753,5.9622143537447565,0.9874208829065743,8.09281574402053,0.3492849839314596,2.6457513110645907,113.17162188464033,2.8661821295933025,1.13431330181157,3.385852920609517,1.196821186468953,32.54208044978071,15.02544508492178,4.2422478318300385,10.031849281164465,0.37416573867739417,7.580941014588272,1.339278412678509,3.3098338326870738,9.486938389174876,0.1902379462422684,20.930456277874118,1.2013880860626736,8.157497281934079,1.16619037896906,0.8234075540095567,1.0515068552637528,0.0,1.445683229480096,-1.8999999999999986,6.8999999999999915,-0.1,-0.2,-5.899999999999999,-8.399999999999999,-0.8000000000000003,10.100000000000001,-1.6000000000000014,-5.8999999999999915,0.4,-0.5999999999999996,-35.599999999999994,-6.200000000000001,0.6999999999999993,6.199999999999999,0.5,-78.7,37.9,-9.0,19.6,0.3,5.800000000000001,-1.200000000000001,-7.699999999999999,15.200000000000003,-0.20000000000000007,-21.60000000000001,-1.3000000000000007,7.5,-3.299999999999999,-1.9000000000000004,-0.19999999999999996,0.0,-2.1,191,35,29.0,7.966084708030902
65A7FBE0-EA9F-49E9-9824-D8F3AD98DAC0,3,2007-09-12 20:32:28.533,2007-09-25 16:06:08.820,12,2007,9,2,수,중기(8-14일),Female,1962-11-30 06:28:33.110,White,Separated,Spanish,17.98,63.2,60대,Medium,K08.422,"Partial loss of teeth due to periodontal diseases, class II",0.0,0.0,0.0,2.0,1.0,0.0,1.0,3.0,1.0,2.0,0.0,1.0,1.0,2.0,0.0,3.0,0.0,0.0,1.0,1.0,0.0,1.0,0.0,0.0,4.0,1.0,1.0,2.0,2.0,1.0,0.0,3.0,2.0,0.0,2.0,24.528571428571432,69.00000000000001,0.11818181818181818,0.2777777777777778,40.32727272727272,13.153846153846153,3.066666666666667,31.825,35.8,79.3125,0.675,5.625,349.23333333333335,13.07272727272727,5.050000000000001,6.7625,4.611111111111111,112.29,51.4875,11.93,31.375,0.5272727272727272,17.53,9.9375,26.52,97.5875,0.8875000000000001,102.85555555555555,5.414285714285714,141.81,6.655555555555555,5.611111111111111,1.718181818181818,1.0,2.71,4.530531346951953,3.874991039416163,0.07507571935295483,0.13944333775567927,6.753531062946393,2.275454307977268,1.2124355652982142,6.610111302283149,2.9303014634447884,10.03243845874827,0.29640705601780615,3.0253850243323654,89.10611651284103,2.510812979531096,1.0757057484009542,3.0547094788211857,0.8894442709417556,31.30287349252284,19.927614544359574,3.849401107820395,8.305570419904946,0.39772077916777016,5.996304417444687,1.0966670285134739,6.341888957996312,5.862821724343026,0.21001700611413082,26.494438619789214,0.5014265364224071,10.443865823215722,1.3029880190461378,0.8852181149926333,1.1711688023664069,0.0,1.6649657987811974,-3.1000000000000014,-0.7000000000000028,-0.1,-0.19999999999999998,7.199999999999996,-0.9000000000000021,-2.5,-16.900000000000002,-0.10000000000000142,3.799999999999997,-0.7000000000000001,8.7,126.40000000000003,-4.4,1.9000000000000004,4.6,-2.8000000000000003,-38.500000000000014,10.499999999999993,0.10000000000000142,0.8999999999999986,-0.1,-1.5,0.0,-1.0999999999999979,-10.899999999999991,0.0,11.599999999999994,0.10000000000000053,-5.800000000000011,0.39999999999999947,-0.7999999999999998,2.3,0.0,-0.2999999999999998,321,35,38.0,7.5470813105103405
65A7FBE0-EA9F-49E9-9824-D8F3AD98DAC0,4,2008-02-13 04:16:00.260,2008-02-28 23:59:29.533,15,2008,2,2,수,장기(15-30일),Female,1962-11-30 06:28:33.110,White,Separated,Spanish,17.98,63.2,60대,Medium,O10.11,Pre-existing hypertensive heart disease complicating pregnancy,0.0,1.0,0.0,3.0,0.0,4.0,0.0,2.0,2.0,0.0,0.0,1.0,2.0,1.0,3.0,1.0,2.0,1.0,1.0,2.0,1.0,2.0,2.0,2.0,1.0,3.0,0.0,3.0,4.0,1.0,0.0,4.0,0.0,0.0,3.0,28.50909090909091,70.22142857142856,0.11000000000000001,0.28666666666666674,40.28181818181818,15.012500000000001,2.727272727272727,29.55,33.0875,84.34,0.7272727272727273,5.1000000000000005,304.26,13.125,4.725,5.839999999999999,4.1,95.99000000000001,48.8875,9.814285714285715,27.053333333333335,0.5428571428571429,18.099999999999998,9.458333333333334,26.36,105.56666666666666,0.890909090909091,98.96923076923075,3.8153846153846156,139.53636363636363,7.790909090909093,5.953333333333334,1.8416666666666666,1.0,3.0545454545454547,3.901398350708254,5.143207405654806,0.07378647873726218,0.14573295865416047,6.111271255936553,2.7227131076679134,1.221548942196676,4.2888097286880065,3.8598436311776756,8.841719289821409,0.24531982835029498,2.5616046107504924,89.47176569813999,2.386719206657661,1.4181453958026882,1.9161303597499717,1.071956579853358,35.140272875687494,17.445051488275162,4.501940973343889,8.987758871031726,0.3457751286030265,7.590185049846221,1.284493768931653,5.191311422532296,7.453044933976902,0.19211738835693895,25.18482958103233,0.7581184536360988,9.470826017541741,0.9863615416818987,1.0112698288126005,0.8959082068780904,0.0,1.9562022576224762,-9.400000000000002,-11.700000000000003,0.2,-0.3,1.5,0.9000000000000004,0.6000000000000001,-0.5999999999999979,4.5,-13.5,0.39999999999999997,-3.3,-127.30000000000001,1.0999999999999996,-2.4000000000000004,-0.5999999999999996,-1.2999999999999998,-36.8,11.799999999999997,-2.8,-16.6,-0.7,-23.6,1.5,1.7999999999999972,14.699999999999989,-0.5000000000000001,-20.0,0.40000000000000036,20.10000000000001,-1.6999999999999993,0.5,2.0,0.0,2.0,418,35,52.0,7.5364897318953625
FB909FAE-72DD-4F6F-9828-D92183DF185F,1,1959-08-17 01:18:01.977,1959-09-01 05:04:25.253,15,1959,8,0,월,장기(15-30일),Male,1940-07-15 12:18:41.080,White,Single,Spanish,14.9,85.5,70세~,Medium,C18.3,Malignant neoplasm of hepatic flexure,3.0,2.0,0.0,0.0,3.0,1.0,1.0,2.0,0.0,0.0,1.0,1.0,3.0,0.0,4.0,2.0,4.0,4.0,0.0,1.0,3.0,0.0,1.0,1.0,0.0,1.0,2.0,0.0,2.0,1.0,1.0,1.0,2.0,0.0,4.0,27.692307692307693,69.79166666666667,0.10000000000000002,0.36666666666666664,40.3,13.011111111111111,1.991666666666667,31.400000000000006,34.230000000000004,86.20000000000002,0.5416666666666666,4.723076923076923,283.31538461538463,12.93846153846154,4.391666666666667,7.328571428571427,4.7153846153846155,91.03571428571426,41.19166666666667,10.809090909090909,24.592857142857145,0.4538461538461539,19.749999999999996,9.746153846153847,27.609090909090913,103.99285714285713,0.8,95.43636363636364,3.9909090909090907,135.63333333333333,7.078571428571429,6.125,1.933333333333333,1.0,3.2833333333333337,6.425659698747091,6.660802344972254,0.05547001962252292,0.1,8.43158743456217,2.324029068473781,1.0246581100173082,6.199379621567605,2.6196055682742285,7.95267250677406,0.34498572653828957,2.6246123034821243,100.57357875500773,1.989781588323394,1.3493825748590849,2.826095042070097,1.1081863214626517,37.58210718173983,14.118746939849695,4.779216367869223,9.987258366054704,0.3306946845036587,7.454342507707989,1.1941631551114116,3.8386077021374683,6.603666147936813,0.19148542155126763,26.733173127306564,0.6640098575390961,8.099644586291575,1.4910907579190638,0.8698223434074968,0.9168457125416798,0.0,2.191235987180557,-3.3000000000000007,-11.800000000000004,0.1,-0.10000000000000003,14.400000000000002,0.8999999999999986,2.3,-6.300000000000001,0.5,1.9000000000000057,1.0,-5.699999999999999,-100.99999999999997,-1.299999999999999,3.8,5.3999999999999995,2.1,-50.3,-37.3,3.3000000000000007,6.299999999999997,1.0,11.6,-0.8000000000000007,2.700000000000003,4.6000000000000085,0.40000000000000013,3.299999999999997,-0.10000000000000053,22.299999999999997,2.4000000000000004,-0.2999999999999998,1.2999999999999998,0.0,-2.2,431,35,51.0,7.990188500897214
FB909FAE-72DD-4F6F-9828-D92183DF185F,2,2005-07-31 17:51:35.850,2005-08-06 10:09:42.897,5,2005,7,6,일,단기(4-7일),Male,1940-07-15 12:18:41.080,White,Single,Spanish,14.9,85.5,70세~,Medium,O24.42,Gestational diabetes mellitus in childbirth,2.0,0.0,0.0,0.0,0.0,1.0,1.0,0.0,2.0,0.0,2.0,0.0,0.0,0.0,1.0,0.0,0.0,0.0,0.0,1.0,0.0,0.0,1.0,0.0,0.0,1.0,0.0,0.0,1.0,0.0,1.0,0.0,0.0,0.0,0.0,28.25,67.44,0.05,0.35,37.225,17.25,2.1666666666666665,34.15,36.833333333333336,81.45,0.5,7.1000000000000005,242.66,13.033333333333333,5.575,8.075,4.3,92.425,46.975,9.080000000000002,25.939999999999998,0.32,17.925,8.459999999999999,27.040000000000003,96.38,0.825,92.63333333333333,4.3500000000000005,143.74,7.850000000000001,6.1000000000000005,2.375,1.0,1.4749999999999999,8.287138629627641,3.031996042213785,0.05773502691896258,0.17320508075688773,4.499166589491878,1.014889156509223,2.01080415091409,4.7798535542420115,4.619884558442272,5.285514796750331,0.6082762530298219,3.0199337741083,65.29060422449773,0.5033222956847168,1.2579745625409127,1.15,0.9201449161228177,30.22332156905767,17.893644122984004,4.31300359378473,3.578128002182146,0.16431676725154984,7.650435717439018,0.8677557259966657,4.460156947911139,7.444931161535341,0.15000000000000002,24.042947683953667,0.915969431804359,7.274819585391783,1.5858751527153712,0.7937253933193773,0.51234753829798,0.0,0.613052471924984,16.0,-5.0,0.1,-0.3,-8.699999999999996,2.3000000000000007,-2.8000000000000003,-6.799999999999997,-8.100000000000001,4.099999999999994,-0.1,-2.4000000000000004,121.00000000000003,-0.5999999999999996,-2.4000000000000004,2.6999999999999993,0.7000000000000002,-49.499999999999986,8.400000000000002,10.399999999999999,-5.199999999999999,-0.3,2.1999999999999993,0.09999999999999964,-5.0,-0.6999999999999886,-0.30000000000000004,-44.69999999999999,-0.5,5.199999999999989,-2.1000000000000005,-0.2999999999999998,0.3999999999999999,0.0,-0.9,148,35,14.0,6.256996413640033
FB909FAE-72DD-4F6F-9828-D92183DF185F,3,2008-04-05 18:15:52.820,2008-04-15 01:47:51.040,9,2008,4,5,토,중기(8-14일),Male,1940-07-15 12:18:41.080,White,Single,Spanish,14.9,85.5,70세~,Medium,C62.0,Malignant neoplasm of undescended testis,2.0,2.0,0.0,2.0,2.0,1.0,0.0,2.0,0.0,3.0,0.0,1.0,1.0,0.0,2.0,0.0,1.0,1.0,0.0,0.0,0.0,0.0,0.0,0.0,1.0,1.0,2.0,2.0,1.0,0.0,2.0,0.0,1.0,0.0,1.0,21.699999999999996,67.6,0.1,0.39999999999999997,37.5875,13.816666666666665,3.383333333333333,35.77142857142857,35.6,86.74444444444444,0.525,6.133333333333334,295.16249999999997,12.337500000000002,5.3125,8.871428571428572,3.6166666666666667,92.25,40.75,6.1,26.116666666666664,0.39999999999999997,19.071428571428573,9.757142857142858,31.949999999999996,101.55,1.011111111111111,105.43749999999999,4.3999999999999995,140.675,6.525,5.942857142857142,2.1714285714285713,1.0,3.375,6.454972243679028,6.270743354836189,0.08164965809277261,0.18973665961010275,5.887137917285683,3.746687425802514,0.9196013629104008,2.504472190378833,2.4993332444207335,10.226938827321586,0.29640705601780615,3.092733418838423,113.23816794072319,1.7999503961419128,1.1993301701962045,2.525017680277563,1.1956866925188498,33.03505713632111,15.925002803318884,1.267543556122103,7.864455904044899,0.22038926600773587,6.743568364428011,1.175949464414667,2.0914793124211646,7.481376878623344,0.15365907428821476,23.529066370889307,0.7671840904055742,7.502713794735495,1.3177361539506194,0.9484322904265806,0.8976158898517147,0.0,1.981161275615895,16.2,-9.0,0.0,0.09999999999999998,4.800000000000004,6.300000000000001,1.0,-2.200000000000003,-7.5,8.599999999999994,0.0,-3.7,109.6,-2.8000000000000007,-0.2999999999999998,-7.199999999999999,-1.5000000000000004,92.00000000000001,2.3999999999999986,-1.5999999999999996,6.199999999999999,-0.1,2.5,2.5,-3.299999999999997,14.099999999999994,0.3999999999999999,-11.900000000000006,-2.0999999999999996,-9.0,3.5,-0.9000000000000004,1.1,0.0,3.4,253,35,31.0,7.8580273675690595
FB2ABB23-C9D0-4D09-8464-49BF0B982F0F,1,1968-10-07 11:15:49.617,1968-10-10 20:48:21.037,3,1968,10,0,월,초단기(~3일),Male,1947-12-28 02:45:40.547,Unknown,Married,Icelandic,18.08,78.1,70세~,Medium,M05.272,Rheumatoid vasculitis with rheumatoid arthritis of left ankle and foot,1.0,0.0,0.0,1.0,0.0,0.0,0.0,0.0,2.0,1.0,0.0,1.0,0.0,2.0,0.0,0.0,,0.0,0.0,1.0,1.0,0.0,0.0,0.0,0.0,0.0,0.0,2.0,0.0,0.0,0.0,0.0,0.0,0.0,2.0,25.5,74.25,0.15000000000000002,0.39999999999999997,42.166666666666664,15.55,1.0666666666666667,31.799999999999997,33.25,79.66666666666667,0.8,8.6,308.6333333333334,13.325,5.133333333333333,7.95,,93.1,40.1,9.1,19.866666666666667,0.55,20.666666666666668,9.633333333333335,29.266666666666666,107.2,0.8333333333333334,89.17500000000001,4.866666666666666,140.65,8.066666666666668,6.133333333333333,1.925,1.0,3.3666666666666667,7.745966692414832,0.6363961030678968,0.07071067811865475,0.17320508075688773,5.943343615620194,2.899137802864846,0.2516611478423584,6.062452748956757,5.104573113068972,8.183112692205412,0.282842712474619,2.2516660498395407,65.43029369744059,2.964652874565025,0.9018499505645791,1.3435028842544405,,,14.722431864335457,7.7781745930520225,7.148659548008518,0.07071067811865478,5.236729259120938,0.6658328118479403,4.8273526216067255,2.8,0.20816659994661324,32.73167426209664,0.7371114795831996,5.677147170894909,1.2701705922171773,0.5507570547286104,1.14418821295566,0.0,2.706165799305972,-13.200000000000003,0.9000000000000057,0.1,0.0,-1.0999999999999943,4.100000000000001,-0.30000000000000004,-7.200000000000003,1.5999999999999979,-3.200000000000003,0.4,-4.500000000000001,47.19999999999999,7.199999999999999,1.0,-1.9000000000000004,,0.0,-25.5,-11.0,-14.100000000000001,-0.09999999999999998,-0.6999999999999993,-1.0999999999999996,-8.599999999999998,-0.7999999999999972,-0.30000000000000004,-5.700000000000003,0.2999999999999998,4.300000000000011,2.200000000000001,-1.0,-0.3999999999999999,0.0,-3.6,100,34,14.0,6.01577698157196
FB2ABB23-C9D0-4D09-8464-49BF0B982F0F,2,1974-06-11 04:59:26.377,1974-06-13 15:31:26.577,2,1974,6,1,화,초단기(~3일),Male,1947-12-28 02:45:40.547,Unknown,Married,Icelandic,18.08,78.1,70세~,Medium,D44.6,Neoplasm of uncertain behavior of carotid body,0.0,1.0,0.0,1.0,1.0,0.0,0.0,0.0,0.0,0.0,1.0,0.0,0.0,2.0,0.0,1.0,0.0,2.0,0.0,0.0,1.0,0.0,0.0,0.0,2.0,0.0,1.0,0.0,1.0,0.0,0.0,0.0,1.0,0.0,0.0,24.96666666666667,63.53333333333333,0.2,0.2,36.4,13.3,2.55,33.93333333333333,36.15,75.2,0.8333333333333334,6.3,158.0,16.85,4.966666666666666,6.25,4.0,46.46666666666666,52.8,5.866666666666667,26.45,0.4,9.5,10.149999999999999,24.866666666666664,103.56666666666666,1.05,126.2,4.6,135.76666666666665,8.6,5.333333333333333,0.75,1.0,3.3499999999999996,3.787259343289462,3.931072796748152,,0.14142135623730948,7.6367532368147115,2.2627416997969534,1.0606601717798212,4.331666346030512,3.3234018715767757,0.9899494936611706,0.32145502536643183,3.9127995093027703,18.243354954612933,0.07071067811865199,0.20816659994661357,4.313351365237941,,8.37396759805848,,1.4571661996262932,17.748380207782343,0.0,2.969848480983499,1.3435028842544399,8.980163324424192,8.126704949321914,0.21213203435596426,11.311940593903413,1.1789826122551594,7.771958140220079,0.141421356237309,0.8386497083606081,0.9192388155425117,0.0,0.6363961030678925,5.399999999999999,1.3999999999999986,0.0,0.19999999999999998,10.799999999999997,-3.200000000000001,1.4999999999999998,6.299999999999997,4.700000000000003,-1.4000000000000057,0.5,-0.7000000000000011,-25.80000000000001,0.09999999999999787,0.40000000000000036,6.1000000000000005,0.0,-15.700000000000003,0.0,-1.2000000000000002,-25.1,0.0,4.199999999999999,-1.9000000000000004,-2.8999999999999986,-2.9000000000000057,-0.29999999999999993,20.60000000000001,-2.3000000000000003,-12.099999999999994,-0.1999999999999993,0.10000000000000053,1.2999999999999998,0.0,-0.8999999999999999,82,35,15.0,3.954538045528572
FB2ABB23-C9D0-4D09-8464-49BF0B982F0F,3,2009-11-09 12:52:06.760,2009-11-26 09:56:15.697,16,2009,11,0,월,장기(15-30일),Male,1947-12-28 02:45:40.547,Unknown,Married,Icelandic,18.08,78.1,70세~,Medium,C18.7,Malignant neoplasm of sigmoid colon,1.0,1.0,0.0,2.0,2.0,0.0,1.0,2.0,3.0,2.0,0.0,3.0,0.0,3.0,0.0,3.0,1.0,3.0,3.0,1.0,3.0,1.0,1.0,4.0,1.0,2.0,5.0,0.0,1.0,0.0,0.0,5.0,1.0,0.0,1.0,26.40909090909091,68.675,0.11666666666666668,0.35384615384615387,40.97142857142858,13.35384615384615,2.246153846153846,30.999999999999996,33.07692307692307,84.09333333333333,0.5692307692307692,5.590909090909092,305.24615384615385,13.807142857142855,5.318181818181818,7.578571428571428,3.923076923076923,84.49999999999999,52.92142857142858,8.630769230769232,26.89230769230769,0.5916666666666667,19.53846153846154,9.666666666666668,25.542857142857144,104.43333333333334,0.8214285714285713,95.24444444444444,4.975,142.6076923076923,8.046153846153848,5.699999999999999,1.8749999999999998,1.0,3.6153846153846154,4.972817017637898,6.481880338857913,0.057735026918962595,0.13301243435223525,6.411099578246918,2.0102302457742596,1.4074891264324714,5.3080490404087834,3.362081162552404,8.940315324150381,0.24284636907798102,3.474033547752395,78.90036560313072,2.6190028301198574,0.890862707512422,2.529268234529071,0.9056800816272875,34.41569409440989,19.213343863512733,3.5443345909081003,9.924755373850243,0.2874917653629668,6.624768984844989,1.6950909513454826,4.04735702664083,7.322360937359594,0.26070487714469964,25.224596682162783,0.6268608661055063,7.968004929974789,1.131824032712524,1.0829253310950264,0.8853607379840358,0.0,1.6905847873079076,10.399999999999999,13.099999999999994,-0.1,0.0,-20.0,-4.600000000000001,-3.6,1.9000000000000021,-1.3000000000000043,23.89999999999999,-0.3,-4.6000000000000005,157.2,-0.10000000000000142,-2.3,3.0999999999999996,-0.2999999999999998,-41.89999999999999,-32.5,5.3999999999999995,-3.8000000000000007,-0.09999999999999998,-12.399999999999999,0.09999999999999964,-2.1999999999999993,-13.799999999999997,0.10000000000000009,35.7,-0.39999999999999947,-19.700000000000017,-1.5,1.5,-2.3000000000000003,0.0,3.1999999999999997,445,35,56.0,7.274080814337259
64182B95-EB72-4E2B-BE77-8050B71498CE,1,1976-08-01 23:23:57.637,1976-08-11 13:43:09.947,9,1976,8,6,일,중기(8-14일),Male,1952-01-18 19:51:12.917,African American,Separated,English,13.03,74.0,70세~,Medium,E10.32,Type 1 diabetes mellitus with mild nonproliferative diabetic retinopathy,1.0,1.0,0.0,2.0,1.0,1.0,1.0,1.0,1.0,0.0,2.0,1.0,3.0,1.0,2.0,2.0,3.0,2.0,1.0,0.0,0.0,0.0,0.0,0.0,0.0,1.0,1.0,1.0,1.0,1.0,3.0,3.0,3.0,0.0,0.0,25.6,67.46666666666667,0.15,0.39999999999999997,37.925,14.455555555555557,2.2199999999999998,30.275,33.7375,84.3,0.6125,4.333333333333333,281.15555555555557,13.0,5.7875000000000005,7.966666666666666,4.0625,107.86666666666666,50.86,11.459999999999997,28.825000000000003,0.4666666666666667,15.620000000000001,10.0,28.400000000000002,106.28333333333335,0.8571428571428573,99.98571428571428,4.414285714285714,136.9,6.485714285714287,5.6000000000000005,1.8624999999999998,1.0,3.7125,5.142956348249516,5.226853738148793,0.05477225575051661,0.15275252316519464,7.447482796220478,1.993182825979036,1.5155856953666462,4.927981331133469,3.3738225459304423,8.336905900872333,0.41554611227705096,2.342363478768115,110.18955385052513,2.225180570521991,0.9553421227123671,3.0362257272256072,1.2760849725401742,32.03061035946708,22.359405179923726,3.0352924076602568,8.21599050632363,0.31622776601683794,4.906831971853122,0.9974968671630002,4.05265345175232,5.47299430537496,0.21491969707422398,28.042374398484192,0.859124692984224,9.832429336978048,1.8169833712581331,1.2192894105447922,1.2993817211054097,0.0,1.5994976890082888,5.299999999999997,6.799999999999997,-0.1,0.2,0.5,3.0999999999999996,-1.3000000000000003,-2.5,-7.800000000000001,-9.5,-0.6,0.19999999999999973,309.2,-3.6000000000000014,-1.5999999999999996,-1.4000000000000004,1.1,10.099999999999994,36.1,1.200000000000001,-3.6000000000000014,0.30000000000000004,0.8999999999999986,-0.8000000000000007,11.600000000000001,-13.200000000000003,0.0,-40.0,-2.3999999999999995,17.200000000000017,2.5999999999999996,2.5999999999999996,-3.3,0.0,-0.7999999999999998,250,35,40.0,8.139545597953116
64182B95-EB72-4E2B-BE77-8050B71498CE,2,1991-06-04 15:53:44.050,1991-06-08 13:56:33.150,3,1991,6,1,화,초단기(~3일),Male,1952-01-18 19:51:12.917,African American,Separated,English,13.03,74.0,70세~,Medium,F45.4,Pain disorders related to psychological factors,2.0,0.0,0.0,1.0,0.0,0.0,0.0,0.0,0.0,0.0,0.0,0.0,0.0,0.0,0.0,2.0,0.0,1.0,1.0,0.0,0.0,0.0,0.0,2.0,1.0,0.0,1.0,1.0,0.0,0.0,1.0,0.0,0.0,0.0,0.0,23.575,68.33333333333333,0.2,0.6,40.699999999999996,13.8,1.1,32.925,34.5,91.30000000000001,0.65,5.433333333333334,373.5,11.833333333333334,5.1000000000000005,7.075,3.6999999999999997,119.8,59.333333333333336,10.200000000000001,30.900000000000002,0.6,14.899999999999999,9.175,26.575000000000003,113.2,0.5,87.875,3.7,133.9,8.15,6.333333333333333,1.3250000000000002,1.0,3.0333333333333337,8.146727359293834,5.632347053700912,0.0,,9.559811713627003,0.1414213562373109,,4.974853431676822,5.939696961966999,6.222539674441621,0.2516611478423584,1.361371857110809,12.445079348883253,0.23094010767585077,1.1357816691600546,3.733965720249718,0.2645751311064591,23.49744666979798,12.698162596743412,4.731807265728391,4.293017586733135,0.4242640687119285,4.170531540863027,2.064582282206258,6.72328044930449,,,18.918135038458022,,4.800694394217006,1.7291616465790582,0.5859465277082314,1.189887949906769,0.0,0.7637626158259733,19.6,-10.700000000000003,0.0,0.0,5.899999999999999,-0.20000000000000107,0.0,-10.200000000000003,-8.400000000000002,-8.799999999999997,-0.20000000000000007,0.5999999999999996,-17.600000000000023,0.40000000000000036,-1.7999999999999998,-3.0999999999999996,0.3999999999999999,39.5,-23.300000000000004,-6.799999999999999,8.5,0.6000000000000001,8.8,1.799999999999999,2.599999999999998,0.0,0.0,18.299999999999997,0.0,10.900000000000006,1.8999999999999995,-0.1999999999999993,0.30000000000000004,0.0,-0.5,99,35,13.0,4.887715105525222
64182B95-EB72-4E2B-BE77-8050B71498CE,3,1994-11-11 06:22:43.417,1994-11-26 08:37:11.310,15,1994,11,4,금,장기(15-30일),Male,1952-01-18 19:51:12.917,African American,Separated,English,13.03,74.0,70세~,Medium,C74.11,Malignant neoplasm of medulla of right adrenal gland,1.0,1.0,0.0,2.0,3.0,1.0,1.0,1.0,1.0,1.0,0.0,2.0,2.0,0.0,1.0,3.0,0.0,1.0,1.0,1.0,0.0,2.0,2.0,2.0,0.0,1.0,2.0,1.0,2.0,2.0,0.0,1.0,2.0,0.0,2.0,23.233333333333334,70.59,0.09999999999999999,0.4000000000000001,43.35714285714287,14.618181818181819,1.8769230769230771,27.749999999999996,33.23571428571429,84.05384615384615,0.7214285714285715,5.408333333333334,284.82500000000005,12.246153846153847,4.86923076923077,6.930769230769231,4.058333333333333,96.02142857142857,44.2111111111111,11.484615384615383,28.96,0.7100000000000002,18.469230769230766,10.33,28.21538461538461,103.15833333333335,0.8733333333333331,114.17272727272729,4.685714285714286,140.66666666666666,7.57,5.9750000000000005,2.253846153846154,1.0,1.4,6.478121688117675,5.8251275617887615,0.07745966692414834,0.1414213562373095,6.342010635523948,2.9912599959943913,1.107665597968573,5.230418026054201,2.8626526544064355,7.642492545478361,0.27506243047595696,2.8276100841309058,103.57775406120581,2.231447730590832,1.1542563373478578,2.7578326681727856,0.7902339507827394,37.60839060576834,15.810790970445186,4.410375296549065,7.39507343513985,0.4121757985239901,7.319993694827046,1.354047430647998,4.324705414600737,8.13627772089394,0.20165977949672234,20.318813494350053,0.8207474481388131,9.665339511822015,1.0176770935157509,0.7759158811014597,0.790163890822008,0.0,1.2047524938461724,17.5,8.5,0.1,-0.10000000000000003,10.900000000000002,-5.299999999999999,-0.19999999999999996,-11.499999999999996,4.0,4.0,0.20000000000000007,2.4000000000000004,-98.30000000000001,1.299999999999999,-2.3,-0.40000000000000036,0.7999999999999998,72.80000000000001,-42.199999999999996,4.1,-5.099999999999998,-1.0,11.3,1.799999999999999,-3.6999999999999993,-15.100000000000009,0.0,-4.599999999999994,0.6000000000000005,4.099999999999994,-0.5999999999999996,0.2999999999999998,-0.7000000000000002,0.0,0.3,419,35,42.0,7.825135055762566
64182B95-EB72-4E2B-BE77-8050B71498CE,4,2007-08-16 17:46:09.950,2007-08-21 00:47:01.493,4,2007,8,3,목,단기(4-7일),Male,1952-01-18 19:51:12.917,African American,Separated,English,13.03,74.0,70세~,Medium,E08.51,Diabetes mellitus due to underlying condition with diabetic peripheral angiopathy without gangrene,0.0,1.0,0.0,0.0,0.0,0.0,0.0,0.0,1.0,1.0,1.0,0.0,1.0,0.0,0.0,0.0,0.0,1.0,1.0,0.0,0.0,0.0,1.0,1.0,1.0,0.0,0.0,1.0,0.0,2.0,1.0,1.0,0.0,0.0,0.0,26.575000000000003,75.26666666666667,0.125,0.32,41.625,14.825,2.5,35.04,33.35,94.86666666666667,0.6399999999999999,7.4,397.8,13.75,4.633333333333334,7.12,3.8000000000000003,76.58000000000001,52.5,11.266666666666666,24.674999999999997,0.65,16.400000000000002,8.34,21.633333333333336,102.56666666666666,0.825,98.55999999999999,4.9,147.55,7.833333333333333,6.65,1.2,1.0,3.0,3.3330416539051324,3.4428670223134317,0.09574271077563382,0.130384048104053,6.426702109169212,1.4244882121894396,1.0511898020814319,3.4311805548528027,4.416257842714046,4.4410959608337,0.35777087639996635,1.3490737563232043,36.924066226062735,0.9255628917943213,1.167618659209133,2.1924871721403525,0.6244997998398397,20.242578887088477,20.663857335938033,3.8083242158898876,5.335025773133621,0.479583152331272,10.137060717979349,0.776530746332687,2.936551265231605,7.2210340903040535,0.15000000000000002,26.953070326031508,0.7999999999999998,11.5196932829539,2.2007574453658756,0.6027713773341706,1.1832159566199232,0.0,1.4798648586948742,1.5,1.0,0.1,0.09999999999999998,-3.6000000000000014,-3.0999999999999996,-0.9000000000000001,-0.6999999999999957,-1.5999999999999979,-8.400000000000006,0.8,-2.3999999999999995,-79.39999999999998,-1.5,-0.8000000000000003,1.6000000000000005,0.8999999999999999,0.7000000000000028,-8.0,-7.0,2.3999999999999986,-0.30000000000000004,14.8,1.8000000000000007,-2.1000000000000014,-5.400000000000006,0.30000000000000004,64.30000000000001,-1.4,21.0,2.0999999999999996,1.0,0.2,0.0,3.9,143,35,15.0,5.377827106569647
64182B95-EB72-4E2B-BE77-8050B71498CE,5,2009-11-15 12:31:54.603,2009-11-24 21:47:12.637,9,2009,11,6,일,중기(8-14일),Male,1952-01-18 19:51:12.917,African American,Separated,English,13.03,74.0,70세~,Medium,G32.0,Subacute combined degeneration of spinal cord in diseases classified elsewhere,0.0,1.0,0.0,1.0,4.0,1.0,1.0,1.0,1.0,1.0,2.0,2.0,3.0,2.0,1.0,1.0,0.0,2.0,1.0,0.0,1.0,1.0,1.0,2.0,0.0,0.0,0.0,0.0,2.0,2.0,0.0,1.0,1.0,0.0,0.0,24.400000000000002,73.34,0.0875,0.37,40.8,12.742857142857144,2.575,29.37142857142857,33.0,84.41666666666667,0.4555555555555555,6.522222222222222,303.05555555555554,11.3125,5.237500000000001,7.0,4.58,78.16666666666666,45.855555555555554,11.819999999999999,26.940000000000005,0.6375,16.7375,9.4875,29.766666666666666,102.68333333333334,0.9571428571428573,93.41111111111111,4.033333333333333,140.75555555555556,7.8,6.283333333333332,1.5285714285714285,1.0,2.85,4.574275898981171,4.784662997537027,0.06408699444616558,0.11595018087284058,9.588534820294495,2.132961277080249,1.4350211546474547,6.672259558728783,2.6970883771737477,11.427058530814774,0.31269438398822863,3.4542646749264074,123.0150408599606,2.1060711560357395,1.3114196233743907,2.7092434368288134,1.1189280584559493,31.474434069574627,19.02269112869622,3.6425876028510893,6.836860878112605,0.40686080455816126,7.966167298555274,1.5560366319595436,2.8235615806991,6.873839295958751,0.17182493859684494,19.904738408507434,0.9367496997597599,10.528308400582578,1.1679041056525143,0.9325592027676671,1.06256652452805,0.0,2.148642982597776,0.8999999999999986,0.7999999999999972,0.1,0.19999999999999998,0.6000000000000014,1.3000000000000007,-2.0,-2.799999999999997,5.200000000000003,-19.400000000000006,0.0,-5.4,65.69999999999999,-6.300000000000001,2.4000000000000004,-7.6000000000000005,1.1999999999999997,-4.0,20.000000000000004,3.799999999999999,-5.899999999999999,-0.10000000000000009,20.7,2.6999999999999993,-7.400000000000002,7.0,0.10000000000000009,-41.39999999999999,2.0000000000000004,-4.900000000000006,-1.4000000000000004,-0.10000000000000053,-0.8,0.0,-1.6000000000000005,269,35,36.0,8.427882729660139
DB22A4D9-7E4D-485C-916A-9CD1386507FB,1,1998-05-24 12:03:34.250,1998-05-28 01:02:23.813,3,1998,5,6,일,초단기(~3일),Female,1970-07-25 13:04:20.717,Asian,Married,English,6.67,55.5,50대,Low,M06.361,"Rheumatoid nodule, right knee",0.0,0.0,0.0,0.0,2.0,0.0,1.0,1.0,1.0,0.0,2.0,0.0,0.0,0.0,0.0,0.0,0.0,0.0,2.0,0.0,0.0,1.0,1.0,1.0,0.0,2.0,1.0,0.0,0.0,1.0,0.0,2.0,0.0,0.0,0.0,25.96666666666667,69.83333333333333,0.06666666666666667,0.325,34.766666666666666,15.8,3.3000000000000003,27.75,30.399999999999995,88.06666666666666,0.2333333333333333,5.775,298.75,11.024999999999999,4.3,5.066666666666666,3.733333333333334,78.13333333333334,44.45,9.6,30.899999999999995,0.625,6.75,11.299999999999999,27.35,107.3,0.7,90.4,5.633333333333334,148.99999999999997,7.2,5.8999999999999995,1.5,1.0,3.75,6.917610377387072,2.7319101986217094,0.05773502691896258,0.09574271077563379,7.217571151941166,,2.3388031127053,7.424621202458749,2.651414716712568,0.41633319989323303,0.23094010767585033,3.5929328781187473,132.29967876000308,1.6255768207008858,,0.7371114795831996,0.7234178138070237,31.315544595828655,40.94148263070111,4.8083261120685235,12.893409169028956,0.45734742446707477,0.0707106781186545,0.6999999999999994,7.990306627407989,10.481412118603105,0.282842712474619,19.516147160748723,0.20816659994661302,4.320879540093646,1.8248287590894667,1.4730919862656238,1.2165525060596438,0.0,1.7677669529663689,-13.0,-1.5,0.1,-0.2,-12.600000000000001,0.0,-3.9999999999999996,-10.5,-1.6999999999999993,-0.20000000000000284,0.4,6.4,187.10000000000002,-0.5,0.0,-0.2999999999999998,-1.1999999999999997,47.7,-57.900000000000006,6.8,-20.799999999999997,-1.0999999999999999,0.09999999999999964,-1.3000000000000007,-11.3,-18.5,-0.4,-27.60000000000001,0.09999999999999964,-8.5,-3.3000000000000007,1.9000000000000004,2.2,0.0,-2.5,96,35,18.0,9.373642882762788
DB22A4D9-7E4D-485C-916A-9CD1386507FB,2,2000-05-06 21:39:48.557,2000-05-13 05:17:46.890,6,2000,5,5,토,단기(4-7일),Female,1970-07-25 13:04:20.717,Asian,Married,English,6.67,55.5,50대,Low,E09.351,Drug or chemical induced diabetes mellitus with proliferative diabetic retinopathy with macular edema,1.0,1.0,0.0,0.0,2.0,0.0,1.0,1.0,1.0,1.0,0.0,1.0,0.0,2.0,1.0,1.0,2.0,0.0,1.0,1.0,1.0,0.0,1.0,0.0,0.0,1.0,1.0,0.0,0.0,0.0,1.0,1.0,0.0,0.0,1.0,20.74,68.95,0.1,0.30000000000000004,40.739999999999995,16.240000000000002,2.8,27.433333333333334,34.480000000000004,89.69999999999999,0.925,7.659999999999999,280.17999999999995,13.066666666666668,4.175,8.633333333333333,4.0,103.64000000000001,44.0,12.78,30.566666666666666,0.7333333333333334,22.8,9.642857142857142,25.619999999999997,99.0,0.8428571428571431,107.66666666666667,3.8000000000000003,138.6,7.133333333333333,6.2,2.1999999999999997,1.0,2.1999999999999997,5.786017628732218,5.8939799796063115,0.14142135623730953,0.11547005383792516,9.503052141285979,1.3957077057894323,1.9510680835549197,2.5570816699250463,4.1360609279845,10.000199998000042,0.2872281323269015,3.5690334826112236,76.79086534217465,2.843706501498821,0.7932002689527194,2.7428695436227613,1.2617448236470004,30.876333979279337,38.46660889654819,5.134880719159891,7.64164031256815,0.33862466931200785,8.151318911685395,1.2461368876881638,3.157847368065784,6.096993794759296,0.198805959477601,15.192717553705348,0.4774934554525328,7.0710678118654755,1.4052283325732746,0.9316651759081691,0.7694153624668537,0.0,1.063954886261631,-9.5,-7.399999999999999,-0.2,0.0,20.4,-1.0,-0.9000000000000001,-3.1000000000000014,6.800000000000001,-1.1000000000000085,0.6000000000000001,4.800000000000001,-207.2,-5.499999999999998,0.40000000000000036,0.09999999999999964,1.7000000000000002,41.2,54.400000000000006,-2.0,5.0,-0.20000000000000007,12.299999999999999,-1.8000000000000007,-1.4000000000000021,3.6000000000000085,0.19999999999999996,-10.700000000000003,-0.30000000000000027,-10.0,-0.39999999999999947,0.20000000000000018,0.5,0.0,-1.5,178,35,24.0,7.371126906187567
DB22A4D9-7E4D-485C-916A-9CD1386507FB,3,2007-12-06 17:56:19.800,2007-12-17 06:12:16.897,10,2007,12,3,목,중기(8-14일),Female,1970-07-25 13:04:20.717,Asian,Married,English,6.67,55.5,50대,Low,F18.150,Inhalant abuse with inhalant-induced psychotic disorder with delusions,0.0,1.0,0.0,1.0,1.0,2.0,1.0,1.0,1.0,2.0,1.0,2.0,1.0,2.0,1.0,0.0,2.0,0.0,0.0,1.0,2.0,1.0,0.0,0.0,1.0,2.0,1.0,0.0,3.0,0.0,1.0,1.0,4.0,0.0,4.0,31.02857142857143,69.36666666666667,0.0875,0.42857142857142855,44.53636363636363,13.957142857142859,3.3285714285714283,32.55,33.34444444444445,86.62857142857142,0.5428571428571429,4.41,274.5875,13.333333333333334,5.428571428571429,7.257142857142858,3.7142857142857144,91.61428571428571,49.32857142857142,11.825,29.299999999999997,0.49000000000000005,19.11111111111111,9.328571428571427,25.71111111111111,101.92222222222223,0.7999999999999999,104.81428571428572,4.088888888888889,142.45714285714286,7.1,6.183333333333334,1.7222222222222223,1.0,3.488888888888889,3.395935946448483,6.336455370841542,0.08345229603962802,0.0951189731211342,7.032819168338218,3.0805070701953943,1.22026538877722,6.467942927568681,3.8282212289492588,10.923325849714805,0.38234863173611094,2.9647746775916866,104.02578577998273,2.4366985862022403,1.3350584078537362,3.0620565762556504,0.9788233947425032,32.775266516660025,9.04649366434574,5.0193198173230025,9.09112597143893,0.35103022978402043,6.984526548815682,1.0291003930849598,5.66512233858291,7.736726985259625,0.22360679774997902,21.853712771626746,1.0030509015554054,8.577073537995956,1.6865480854231356,0.9239408350466314,1.510610619731122,0.0,2.261329500782916,-4.5,-1.3999999999999915,-0.2,0.0,-13.899999999999999,1.8000000000000007,0.8999999999999999,0.4000000000000057,-6.9999999999999964,-5.900000000000006,-0.9,-6.1,-136.2,0.5,1.4000000000000004,-6.7,2.4,-34.9,8.299999999999997,0.40000000000000036,-9.299999999999997,-0.5000000000000001,13.099999999999998,1.1999999999999993,-3.0,-5.200000000000003,0.4,-12.399999999999991,1.1999999999999997,-3.700000000000017,-4.0,1.3000000000000007,-2.9,0.0,3.0999999999999996,278,35,40.0,7.811090736844736
DB22A4D9-7E4D-485C-916A-9CD1386507FB,4,2010-08-19 18:39:27.667,2010-09-06 02:33:35.107,17,2010,8,3,목,장기(15-30일),Female,1970-07-25 13:04:20.717,Asian,Married,English,6.67,55.5,50대,Low,E09.62,Drug or chemical induced diabetes mellitus with skin complications,3.0,4.0,0.0,2.0,3.0,2.0,1.0,1.0,1.0,0.0,0.0,1.0,0.0,3.0,1.0,1.0,4.0,1.0,0.0,5.0,3.0,0.0,1.0,2.0,2.0,1.0,1.0,2.0,2.0,2.0,0.0,4.0,3.0,0.0,2.0,25.32857142857143,69.96153846153847,0.09285714285714286,0.29999999999999993,41.51428571428571,15.313333333333334,3.014285714285715,31.773333333333333,35.05,83.08181818181818,0.6083333333333334,7.75,297.4857142857143,12.95625,4.978571428571428,8.885714285714286,4.21875,81.76923076923077,46.54615384615384,11.993333333333332,26.849999999999998,0.3692307692307692,20.585714285714285,9.075,26.06,99.76923076923075,0.8769230769230769,102.46428571428571,4.628571428571428,135.94615384615383,7.353333333333335,5.976923076923076,2.066666666666667,1.0,2.983333333333334,6.4788921858635655,7.231129287271165,0.08287419301647449,0.17728105208558365,7.184048263378348,2.7260297311728086,1.2139301353975744,3.8156569677105536,3.151251277728359,5.733727963867521,0.26784776318353726,2.4201803088350102,100.82920259150171,2.234567445092375,1.1696012281829362,2.6872511384905358,1.0697156943163293,27.888569480923675,11.179267670157365,4.710090485431504,8.889575099775325,0.2358835001457831,6.8596767296400225,1.5609825965290793,5.15000693480809,6.499664685631177,0.1877669040497027,26.5492751499737,0.9310280268677128,9.008663920972165,1.2397388357845294,1.0125494606469407,1.1695635031407179,0.0,1.669966430437414,-2.3000000000000043,-4.0,0.0,0.19999999999999998,4.5,-1.9000000000000021,1.8000000000000003,10.399999999999999,-1.7999999999999972,-12.400000000000006,0.6000000000000001,-8.6,-16.400000000000034,0.40000000000000036,1.6000000000000005,-2.3,-0.10000000000000009,3.5999999999999943,9.100000000000001,-5.8,18.5,-0.39999999999999997,10.8,-2.4000000000000004,-7.800000000000001,15.299999999999997,0.20000000000000007,-8.700000000000003,1.3000000000000003,-6.199999999999989,1.5999999999999996,0.0,2.0,0.0,-2.2,465,35,58.0,7.5204416183431215
6E70D84D-C75F-477C-BC37-9177C3698C66,1,2003-12-17 15:11:00.517,2004-01-05 00:28:50.210,18,2003,12,2,수,장기(15-30일),Male,1979-01-04 05:45:29.580,White,Married,English,16.09,47.1,40대,Medium,H26.21,Cataract with neovascularization,2.0,3.0,0.0,2.0,2.0,1.0,3.0,1.0,2.0,0.0,2.0,1.0,1.0,1.0,1.0,1.0,1.0,2.0,0.0,0.0,5.0,1.0,1.0,2.0,1.0,2.0,2.0,2.0,1.0,2.0,0.0,1.0,3.0,0.0,1.0,27.669999999999998,70.43076923076923,0.11666666666666668,0.31666666666666665,42.94615384615384,14.366666666666667,2.6933333333333342,30.84,32.99285714285715,85.15000000000002,0.7076923076923077,6.053846153846153,301.32727272727277,13.33333333333333,4.799999999999999,7.5,4.384615384615385,95.81428571428572,49.15,8.907142857142857,27.599999999999998,0.4785714285714286,20.500000000000004,9.889999999999999,26.19090909090909,105.69285714285715,0.7769230769230767,103.95000000000002,4.763636363636363,144.0933333333333,7.973333333333332,6.25,1.5625000000000002,1.0,3.6875000000000004,5.155590277660853,5.741716441301131,0.08348471099367219,0.1337115846843043,6.784494010194053,2.210203610530035,1.566372819453852,5.499714278292749,3.823905431264318,8.610405966566903,0.3200560848287334,3.002947270215098,84.08594520975656,2.1980707794598313,0.8465616732800197,2.406241883103193,1.0510678330838545,35.543188401692966,10.60578458515289,3.3062794068988657,10.890279235087677,0.349017459181037,6.097130472607585,1.4145670715805594,5.7805630427242205,6.324733413137093,0.22043081361221623,24.486592970319855,0.8512023581648813,7.053010164529207,1.3894843168120568,0.8178301497536967,0.8853436244381803,0.0,1.726629664983201,10.8,-0.9000000000000057,-0.1,-0.10000000000000003,10.800000000000004,4.300000000000001,-0.09999999999999964,14.100000000000001,-9.8,1.3999999999999915,0.2,5.5,208.70000000000002,1.6999999999999993,-0.2999999999999998,-1.2999999999999998,2.7,29.0,-13.399999999999999,2.799999999999999,19.9,-0.3,-6.399999999999999,-1.5999999999999996,4.600000000000001,-4.1000000000000085,-0.40000000000000013,32.39999999999999,-0.8999999999999995,14.800000000000011,0.40000000000000036,0.09999999999999964,1.2999999999999998,0.0,-1.0,451,35,50.0,7.178930200438438
6E70D84D-C75F-477C-BC37-9177C3698C66,2,2005-03-22 13:09:36.480,2005-04-07 15:07:19.083,16,2005,3,1,화,장기(15-30일),Male,1979-01-04 05:45:29.580,White,Married,English,16.09,47.1,40대,Medium,D13.4,Benign neoplasm of liver,1.0,1.0,0.0,2.0,1.0,0.0,2.0,2.0,2.0,2.0,1.0,2.0,0.0,1.0,1.0,5.0,3.0,2.0,2.0,3.0,2.0,1.0,2.0,1.0,2.0,1.0,3.0,1.0,1.0,2.0,1.0,0.0,2.0,0.0,2.0,24.176923076923078,70.0923076923077,0.08750000000000001,0.2833333333333333,42.21666666666666,15.379999999999999,2.6399999999999997,33.21666666666666,33.74285714285714,83.10769230769232,0.5900000000000001,6.83076923076923,222.16153846153844,12.792857142857141,5.2375,7.421428571428572,4.223529411764706,88.12,39.800000000000004,10.100000000000001,28.54545454545455,0.5,17.43846153846154,9.590909090909092,28.383333333333336,100.05555555555554,0.8615384615384615,104.83999999999999,4.4111111111111105,139.67692307692306,7.691666666666666,6.035714285714285,1.6083333333333332,1.0,3.55,4.927161766871783,4.62969789123465,0.08062257748298551,0.12673044646258477,8.749528125804408,1.2407882799073964,1.328491207682192,4.127916783281486,3.627186722031762,8.892924297670735,0.3142893217686178,3.0665900213387443,56.31616905859184,2.479908275510418,1.227002736054698,3.1459812145335206,1.1437489954993982,37.21217841274846,17.543146810079428,5.111017511220246,8.568939681940074,0.3582364210034113,7.756882799761176,1.4645508154069247,5.075222043209418,7.701803540585653,0.2180919589625041,22.02063318150243,1.0055402085998906,8.311152532005197,1.706915523996605,0.5943414492038718,1.0483392349402705,0.0,1.9783550967631893,7.699999999999999,-0.4000000000000057,0.0,0.09999999999999998,-5.899999999999999,1.5,3.0,6.0000000000000036,0.29999999999999716,-7.799999999999997,-0.30000000000000004,-3.4000000000000004,123.80000000000001,0.6999999999999993,-0.5,1.2999999999999998,1.3999999999999995,-4.899999999999999,19.299999999999997,4.799999999999999,5.0000000000000036,0.8,-17.700000000000003,1.4000000000000004,6.200000000000003,-6.799999999999997,0.4,23.19999999999999,-0.1999999999999993,-7.400000000000006,-4.1,-2.2,-0.09999999999999987,0.0,-3.9000000000000004,421,35,54.0,6.660002426961599
6E70D84D-C75F-477C-BC37-9177C3698C66,3,2006-10-31 17:04:40.573,2006-11-09 16:50:21.063,8,2006,10,1,화,중기(8-14일),Male,1979-01-04 05:45:29.580,White,Married,English,16.09,47.1,40대,Medium,E08.0,Diabetes mellitus due to underlying condition with hyperosmolarity,1.0,2.0,0.0,1.0,0.0,2.0,0.0,1.0,1.0,1.0,1.0,0.0,1.0,1.0,0.0,1.0,0.0,1.0,0.0,1.0,1.0,0.0,0.0,0.0,1.0,0.0,0.0,1.0,0.0,2.0,0.0,2.0,0.0,0.0,1.0,23.383333333333336,64.95,0.13999999999999999,0.375,44.825,14.057142857142855,2.942857142857143,31.2,33.22,80.88,0.6375,5.783333333333332,222.2,14.55,5.88,5.85,3.6666666666666665,83.16,44.15714285714286,10.4,34.724999999999994,0.5599999999999999,16.740000000000002,9.475,28.45,106.80000000000001,0.9,92.11250000000001,4.2,138.0,7.4799999999999995,5.757142857142857,1.75,1.0,3.4714285714285715,5.837265341464843,6.8597861968626015,0.05477225575051661,0.12817398889233117,8.870315665183512,3.346070901249774,1.1341033798514473,7.054076835419361,4.535636669752109,9.345961694764219,0.30207614933986426,3.5318078467927254,69.88858991280337,3.113947120081949,0.7854934754662195,1.9566735620873068,1.2423096769056148,34.929185504388734,15.005649729669285,6.142475071174486,10.214165000951697,0.3847076812334269,4.275277768753745,0.9069178573608526,6.602650982749276,3.476780119593414,0.24494897427831785,23.178157051105565,0.3464101615137756,10.500476179678717,1.1691877522451217,0.8978811035936083,0.9751922887307918,0.0,1.6398315825253575,5.699999999999999,-4.599999999999994,0.1,0.09999999999999998,0.7000000000000028,-7.899999999999999,-0.5,15.0,-2.3999999999999986,11.200000000000003,-0.8999999999999999,-6.6000000000000005,96.19999999999999,6.1,-1.6000000000000005,-3.2,-2.0999999999999996,-28.5,-41.7,-2.599999999999998,-21.9,0.19999999999999998,9.399999999999999,0.7999999999999989,-9.799999999999997,0.29999999999999716,0.0,6.6000000000000085,-0.19999999999999973,-16.900000000000006,0.09999999999999964,-0.5999999999999996,1.2000000000000002,0.0,-3.5,199,35,23.0,7.1107701566346835
6E70D84D-C75F-477C-BC37-9177C3698C66,4,2009-10-08 18:59:40.783,2009-10-27 15:31:42.900,18,2009,10,3,목,장기(15-30일),Male,1979-01-04 05:45:29.580,White,Married,English,16.09,47.1,40대,Medium,H81.02,"Ménière's disease, left ear",2.0,2.0,0.0,0.0,3.0,2.0,3.0,0.0,0.0,1.0,0.0,0.0,1.0,5.0,0.0,1.0,3.0,3.0,3.0,1.0,0.0,2.0,2.0,1.0,2.0,2.0,1.0,1.0,1.0,1.0,0.0,2.0,3.0,0.0,4.0,24.145454545454548,69.89999999999999,0.13636363636363638,0.38,40.65333333333333,13.707692307692307,2.7923076923076926,31.577777777777776,35.2,83.06923076923076,0.6000000000000001,7.286666666666667,249.34615384615384,14.025000000000002,5.133333333333334,7.70625,4.446153846153846,93.4909090909091,45.125,8.253846153846153,25.33846153846154,0.5818181818181819,18.146153846153847,9.772727272727272,27.828571428571426,104.61999999999998,0.7666666666666666,106.14615384615385,4.607692307692308,139.89333333333335,7.230769230769231,6.207142857142856,1.9000000000000001,1.0,3.030769230769231,6.286551302003928,6.133333333333331,0.050452497910951306,0.11464230084422218,7.682249174620177,2.5437706718116773,1.444796143902626,4.698344862230149,3.0674241488732714,7.791168570394798,0.23804761428476168,2.5113646451585603,84.18507008752222,2.55068618218706,1.0560073461636121,2.2400799836910594,1.106507557298627,38.57881425200765,19.620142710999833,4.430503241659911,8.155421352443874,0.32501748204729486,8.247081845984006,1.301607397866891,4.951212527705257,6.512976058827265,0.17752507291971892,20.816964851798776,0.8854956601263295,7.967475551683025,1.1686064460035404,0.9227586447622782,1.02469507659596,0.0,1.856692675783392,-15.100000000000001,10.399999999999999,0.1,0.2,-5.399999999999999,3.0999999999999996,-1.1,3.1000000000000014,2.1000000000000014,15.599999999999994,-0.10000000000000009,7.300000000000001,185.20000000000002,7.399999999999999,1.5,-4.4,0.6999999999999993,33.2,12.799999999999997,1.1000000000000005,-19.7,0.49999999999999994,4.200000000000001,1.4000000000000004,0.5,1.7999999999999972,0.0,-13.599999999999994,0.2999999999999998,4.0,2.3,-0.7000000000000002,-1.0999999999999999,0.0,-1.8,458,35,52.0,7.446956779184171
C8556CC0-32FC-4CA5-A8CD-9CCF38816167,1,1944-07-10 16:52:53.910,1944-07-24 12:09:05.280,13,1944,7,0,월,중기(8-14일),Female,1921-04-11 11:39:49.197,White,Married,English,18.2,104.8,70세~,Medium,Z12.13,Encounter for screening for malignant neoplasm of small intestine,3.0,2.0,0.0,4.0,1.0,2.0,1.0,2.0,2.0,1.0,2.0,1.0,3.0,1.0,1.0,1.0,0.0,0.0,1.0,1.0,0.0,2.0,1.0,0.0,0.0,1.0,1.0,1.0,0.0,1.0,0.0,1.0,2.0,0.0,2.0,27.963636363636365,69.19999999999999,0.11428571428571428,0.43636363636363634,43.05454545454546,14.044444444444444,2.275,31.63333333333334,32.5125,87.26363636363637,0.7000000000000001,4.677777777777778,285.41111111111115,12.23,4.97,7.9375,4.3428571428571425,103.44545454545455,39.75833333333333,10.444444444444445,22.888888888888893,0.7000000000000001,16.055555555555557,10.022222222222224,25.916666666666668,100.01818181818182,0.8384615384615385,93.41538461538462,4.454545454545455,136.36666666666667,7.399999999999999,6.12,1.9099999999999997,1.0,2.7857142857142856,5.142426028106331,5.931778822579275,0.06900655593423544,0.15666989036012804,8.27941587750774,3.095202380746335,1.3410477586234917,6.014149981501958,4.292996788791184,9.329766634516938,0.4055175020198813,2.7517166359282794,115.24358381754323,1.9252993995162877,1.1795008360413408,2.5371173180825295,1.0921799956312799,29.895530222304593,16.008148966489955,3.950035161587524,6.801552110445902,0.44158804331639234,7.580750475894704,1.249777758021179,4.968049431267281,7.3046311586305555,0.21031112483834336,19.46984189945423,0.8140806303599618,7.442949684097021,1.0540925533894594,0.7899367063252599,0.9825703254446698,0.0,1.6626471677405295,-8.599999999999998,0.20000000000000284,-0.1,-0.3,-5.600000000000001,2.3000000000000007,0.0,-2.200000000000003,0.10000000000000142,6.400000000000006,0.0,8.4,26.900000000000006,3.0999999999999996,0.3000000000000007,5.000000000000001,1.2000000000000002,20.099999999999994,30.299999999999997,6.3999999999999995,9.100000000000001,0.40000000000000013,0.2999999999999998,-2.700000000000001,6.599999999999998,9.699999999999989,-0.30000000000000004,43.7,0.8000000000000003,-6.5,-0.6000000000000005,-0.7999999999999998,-1.5999999999999999,0.0,2.2,352,35,41.0,7.983253418372515
C8556CC0-32FC-4CA5-A8CD-9CCF38816167,2,1949-03-20 13:15:57.363,1949-03-22 21:17:17.907,2,1949,3,6,일,초단기(~3일),Female,1921-04-11 11:39:49.197,White,Married,English,18.2,104.8,70세~,Medium,Z95.810,Presence of automatic (implantable) cardiac defibrillator,0.0,1.0,0.0,1.0,0.0,1.0,0.0,0.0,0.0,1.0,0.0,0.0,0.0,0.0,0.0,0.0,0.0,0.0,0.0,0.0,1.0,0.0,0.0,0.0,0.0,0.0,0.0,0.0,0.0,2.0,0.0,1.0,0.0,0.0,0.0,23.15,68.56666666666666,0.2,0.39999999999999997,47.5,15.65,4.5,31.450000000000003,36.25,99.8,0.8333333333333334,7.0,244.0333333333333,10.1,4.966666666666667,5.433333333333333,4.6,58.95,40.05,11.899999999999999,33.65,0.7999999999999999,20.666666666666668,9.133333333333333,31.633333333333336,99.3,0.75,110.35,4.6,125.6,8.65,6.266666666666667,1.75,1.0,3.6,3.181980515339464,7.086842268128544,,0.1732050807568877,1.2727922061357835,4.030508652763321,0.0,7.990306627407989,0.3535533905932738,,0.37859388972001823,1.9313207915827966,105.32218822894507,,0.6110100926607789,0.20816659994661346,,8.131727983645296,2.333452377915607,3.11126983722081,9.687362902255702,0.2,11.92741939118992,1.3576941236277527,2.2300971578236957,,0.07071067811865482,25.526554800834376,0.8485281374238575,0.0,0.3535533905932738,1.305118130030126,0.7778174593052021,,,-4.5,0.8999999999999915,0.0,-0.3,1.7999999999999972,5.699999999999999,0.0,-11.3,-0.5,0.0,-0.10000000000000009,-2.5,-41.19999999999999,0.0,-0.40000000000000036,0.39999999999999947,0.0,-11.5,-3.3000000000000043,4.4,13.7,-0.20000000000000007,-0.6999999999999993,0.09999999999999964,3.3999999999999986,0.0,0.10000000000000009,36.10000000000001,1.2000000000000002,0.0,0.5,1.5,1.0999999999999999,0.0,0.0,75,35,8.0,7.157206239784458
C8556CC0-32FC-4CA5-A8CD-9CCF38816167,3,1984-09-08 20:50:03.823,1984-09-11 22:32:19.557,3,1984,9,5,토,초단기(~3일),Female,1921-04-11 11:39:49.197,White,Married,English,18.2,104.8,70세~,Medium,M06.37,"Rheumatoid nodule, ankle and foot",0.0,2.0,0.0,1.0,0.0,0.0,0.0,1.0,0.0,0.0,0.0,0.0,0.0,0.0,1.0,0.0,,1.0,0.0,0.0,1.0,0.0,1.0,0.0,0.0,1.0,1.0,0.0,0.0,0.0,0.0,1.0,0.0,0.0,0.0,25.766666666666666,72.525,0.10000000000000002,0.325,41.300000000000004,16.549999999999997,4.3,29.75,36.5,86.86666666666667,0.5333333333333333,7.6000000000000005,322.6333333333333,13.875,6.5,7.3999999999999995,,70.8,54.9,9.85,23.275000000000002,0.4666666666666666,15.733333333333333,9.725000000000001,26.666666666666668,99.89999999999999,0.75,91.85,4.125,151.9,8.566666666666668,5.0,1.8,1.0,0.9500000000000001,8.36679946773755,8.30276058509056,0.1,0.20615528128088306,7.7090855488832135,1.9091883092036765,,10.253048327204938,0.848528137423859,5.345403009440286,0.40414518843273806,1.2288205727444501,126.40590703496942,1.2284814474246915,0.5656854249492386,2.0952326839756963,,44.34613850156517,,4.4547727214752495,8.642289434326223,0.20816659994661324,9.242474416157899,0.6994045086119092,6.15006775030433,8.753856293085915,0.3535533905932738,18.418197523101984,0.7088723439378913,,1.5307950004273378,0.5656854249492386,0.9000000000000001,,0.21213203435596428,16.1,16.5,-0.1,-0.3,-15.299999999999997,-2.6999999999999993,0.0,-14.5,-1.2000000000000028,8.599999999999994,0.7,2.3,44.0,2.5999999999999996,-0.8000000000000007,-1.299999999999999,,-8.5,0.0,6.3,-14.900000000000002,0.10000000000000003,-18.1,-1.299999999999999,1.6999999999999993,-17.5,-0.5,8.0,-0.10000000000000009,0.0,2.6000000000000005,-0.8000000000000007,-0.9,0.0,0.30000000000000004,94,34,11.0,9.338521565386673
C8556CC0-32FC-4CA5-A8CD-9CCF38816167,4,2008-05-04 16:00:55.063,2008-05-08 04:09:22.260,3,2008,5,6,일,초단기(~3일),Female,1921-04-11 11:39:49.197,White,Married,English,18.2,104.8,70세~,Medium,K50.813,Crohn's disease of both small and large intestine with fistula,0.0,1.0,0.0,0.0,0.0,1.0,1.0,0.0,0.0,0.0,1.0,0.0,0.0,0.0,0.0,0.0,2.0,0.0,1.0,2.0,2.0,0.0,0.0,0.0,0.0,1.0,2.0,0.0,0.0,0.0,0.0,1.0,0.0,0.0,0.0,25.866666666666664,73.4,0.1,0.45,43.0,13.799999999999999,2.35,32.550000000000004,34.375,82.1,0.3,5.199999999999999,227.14999999999998,14.266666666666666,4.633333333333334,7.924999999999999,3.7750000000000004,124.60000000000001,26.349999999999998,13.733333333333334,35.76666666666666,0.5,18.425,10.066666666666666,25.7,99.175,0.775,94.8,4.533333333333332,141.4,7.7,5.633333333333333,1.525,1.0,2.5,4.0698075302566,7.3136858012906245,0.08164965809277261,0.07071067811865474,7.415749006899663,3.4770677301427426,1.2151817422372122,5.129327441292864,2.9915157807818216,11.879393923933991,0.264575131106459,2.303620339089466,24.178985366084603,1.8583146486355129,1.167618659209133,2.3084987907007157,1.4545904349105743,19.645101170520864,10.535891039679557,6.615386106141753,9.670746265585365,0.14142135623730948,8.772827366362568,0.9291573243177557,2.1213203435596424,9.12738553292599,0.3095695936834451,2.1213203435596424,0.20816659994661366,12.869343417595157,2.545584412271571,1.3051181300301258,0.7182153808805081,0.0,1.5874507866387542,-8.0,2.700000000000003,0.1,0.09999999999999998,1.2999999999999972,-6.9,2.0,-7.700000000000003,-0.10000000000000142,-16.799999999999997,0.5,2.8,28.400000000000006,-2.9999999999999982,0.8000000000000003,4.9,0.5,-36.7,-14.899999999999999,-11.200000000000001,-16.799999999999997,0.19999999999999996,20.299999999999997,-1.799999999999999,-3.0,-15.600000000000009,0.6,-3.0,0.40000000000000036,18.19999999999999,-3.5999999999999996,1.8999999999999995,-0.7,0.0,-2.5999999999999996,110,35,15.0,4.754408509506287
7FD13988-E58A-4A5C-8680-89AC200950FA,1,1988-07-16 23:54:40.207,1988-07-22 15:51:38.123,5,1988,7,5,토,단기(4-7일),Male,1965-07-12 15:41:20.523,White,Married,Spanish,12.41,60.6,60대,Medium,D35.5,Benign neoplasm of carotid body,1.0,0.0,0.0,0.0,1.0,1.0,0.0,1.0,0.0,0.0,0.0,0.0,2.0,1.0,0.0,0.0,1.0,0.0,1.0,0.0,0.0,0.0,0.0,2.0,0.0,3.0,1.0,1.0,1.0,1.0,0.0,0.0,1.0,0.0,1.0,23.58,70.23333333333333,0.07500000000000001,0.2333333333333333,45.300000000000004,15.4,2.65,30.21666666666667,35.349999999999994,81.26666666666667,0.7,6.6,287.88,16.12,4.35,7.866666666666667,4.383333333333334,88.56666666666666,43.199999999999996,8.7,18.175,0.56,17.174999999999997,9.92,23.174999999999997,105.8,0.86,102.66666666666667,4.4,140.15,8.166666666666666,6.050000000000001,0.9199999999999999,1.0,4.34,4.797603568449564,6.058327602014713,0.05,0.05773502691896256,9.300537618869141,2.7221315177632395,0.3535533905932738,5.8187341120441864,0.7778174593052007,1.0969655114602843,0.32403703492039304,3.083828789021855,134.6051150588268,0.511859355682789,0.2121320343559638,0.5507570547286106,0.996828303504002,35.34972890042204,24.24685546622489,3.7316216314090584,3.509392160094584,0.3209361307176243,3.6962819156552444,1.9917329138215298,3.8482680086847725,9.596040850267366,0.2509980079602227,34.2114503249034,1.1180339887498951,10.194851641882778,1.0969655114602888,0.653452370108182,0.6870225614927068,0.0,1.1781341180018512,-11.9,9.900000000000006,0.1,0.09999999999999998,15.399999999999999,4.199999999999999,0.5,-6.700000000000003,-1.1000000000000014,-0.5,-0.6000000000000001,-4.5,69.80000000000001,-0.10000000000000142,-0.2999999999999998,-1.1000000000000005,-0.5,47.5,-27.900000000000002,1.0999999999999996,-5.9,0.5000000000000001,4.600000000000001,2.1999999999999993,-4.300000000000001,12.400000000000006,-0.30000000000000004,-49.400000000000006,-2.6,13.0,-1.6000000000000005,-1.6000000000000005,1.3,0.0,-1.7999999999999998,149,35,20.0,8.771420855437583
7FD13988-E58A-4A5C-8680-89AC200950FA,2,2001-03-11 01:42:18.373,2001-03-22 12:41:43.027,11,2001,3,6,일,중기(8-14일),Male,1965-07-12 15:41:20.523,White,Married,Spanish,12.41,60.6,60대,Medium,C63.2,Malignant neoplasm of scrotum,2.0,1.0,0.0,2.0,1.0,0.0,0.0,1.0,3.0,1.0,0.0,1.0,0.0,1.0,2.0,2.0,6.0,2.0,0.0,2.0,2.0,0.0,0.0,1.0,0.0,0.0,2.0,2.0,1.0,0.0,2.0,4.0,1.0,0.0,1.0,23.722222222222225,70.45714285714287,0.12000000000000002,0.3222222222222222,41.72222222222222,13.418181818181818,2.07,32.42,34.25454545454546,82.9125,0.575,5.659999999999999,268.79999999999995,12.818181818181818,4.7444444444444445,8.72,4.218181818181818,84.22857142857143,42.833333333333336,10.988888888888889,23.975000000000005,0.5181818181818182,17.555555555555557,9.512500000000001,27.142857142857142,103.63333333333334,0.8111111111111112,91.88888888888887,4.609999999999999,139.55,7.9799999999999995,5.65,2.1500000000000004,1.0,3.7300000000000004,5.996410963605184,6.949066398410923,0.06324555320336758,0.15634719199411432,8.162073538289425,2.872566163491516,1.3367040726270636,5.461135413080323,4.1774067640974675,8.40024446923166,0.27645717829090893,2.9616812042411915,99.64464862700858,2.436726567269369,1.3694078201097648,2.438487691628199,1.3037010254028196,32.31293416398013,17.667059744054754,4.705168552890652,9.00697961684059,0.28919952219248846,6.79634297087616,1.5697474774170346,4.0958748120750075,6.224195213889591,0.24720661623652215,21.49537417936964,0.9677580046455598,8.536360140273164,1.5375304875026055,1.0783585409580356,0.9288583195395183,0.0,1.7851548329984652,4.199999999999999,17.299999999999997,0.0,0.19999999999999998,2.3999999999999986,-0.9000000000000004,1.4,1.8999999999999986,3.6999999999999993,-1.0999999999999943,-0.6000000000000001,6.699999999999999,-6.400000000000006,-6.5,2.5999999999999996,-3.999999999999999,2.1,-13.5,21.300000000000004,2.799999999999999,0.9000000000000021,-0.3,-16.6,-4.2,2.1999999999999993,0.4000000000000057,-0.30000000000000004,-48.10000000000001,-1.5,13.700000000000017,0.7000000000000002,-0.3000000000000007,2.8,0.0,-0.8000000000000007,325,35,43.0,7.8071546810777654
7FD13988-E58A-4A5C-8680-89AC200950FA,3,2002-03-05 05:16:46.127,2002-03-20 00:36:02.077,14,2002,3,1,화,중기(8-14일),Male,1965-07-12 15:41:20.523,White,Married,Spanish,12.41,60.6,60대,Medium,M06.25,"Rheumatoid bursitis, hip",2.0,1.0,0.0,3.0,1.0,0.0,0.0,1.0,3.0,4.0,1.0,1.0,1.0,2.0,0.0,0.0,0.0,3.0,0.0,0.0,1.0,0.0,2.0,2.0,2.0,2.0,1.0,2.0,3.0,2.0,1.0,0.0,0.0,0.0,1.0,24.816666666666663,69.68333333333335,0.12727272727272726,0.3071428571428571,41.309090909090905,14.46923076923077,2.775,29.370000000000005,34.50000000000001,80.81818181818181,0.5230769230769231,6.141666666666667,275.26666666666665,13.091666666666667,4.441666666666667,7.645454545454546,4.05,105.1181818181818,49.3,12.127272727272727,27.149999999999995,0.45,15.499999999999998,9.145454545454545,24.8125,97.55999999999999,0.8363636363636364,111.10999999999999,4.4750000000000005,137.27692307692308,7.036363636363637,6.12,1.9461538461538461,1.0,3.336363636363636,6.383477726035227,4.826410925754503,0.07862453931068965,0.14917354742965405,7.099641476223226,2.12107858387528,0.9687151753271395,4.692085534883893,4.077878236177595,9.831563271608253,0.3192539379914943,2.907813403208464,98.66937214759199,2.198536014274182,0.6316764611058034,2.406393000473379,0.9634219315449581,37.77834877762177,15.546575185551317,3.6381563762683173,9.475611970855615,0.3331666249791536,8.035172680160645,1.320881248533445,5.225059808270141,6.049279112239553,0.2062654952856986,18.967015228197262,0.9136589775582177,8.231965525332113,1.3822248205503525,0.8456424250894174,0.884698992704472,0.0,1.7396969433051994,-1.7000000000000028,2.700000000000003,-0.1,-0.09999999999999998,-13.700000000000003,4.6,-2.5,5.5,7.0,1.8000000000000114,0.19999999999999998,4.5,172.8,-1.6999999999999993,1.2999999999999998,0.5,-0.2999999999999998,95.1,38.0,2.0999999999999996,-17.1,0.09999999999999998,-11.0,-0.1999999999999993,6.0,-6.200000000000003,-0.09999999999999998,31.80000000000001,1.1,18.799999999999997,1.8999999999999995,-1.2999999999999998,-1.1,0.0,2.6999999999999997,392,35,42.0,7.682815317294812
7FD13988-E58A-4A5C-8680-89AC200950FA,4,2011-11-27 09:47:20.783,2011-12-16 09:16:28.150,18,2011,11,6,일,장기(15-30일),Male,1965-07-12 15:41:20.523,White,Married,Spanish,12.41,60.6,60대,Medium,D44.5,Neoplasm of uncertain behavior of pineal gland,2.0,1.0,0.0,5.0,1.0,2.0,2.0,2.0,4.0,4.0,3.0,2.0,3.0,2.0,3.0,2.0,4.0,2.0,2.0,3.0,2.0,1.0,0.0,1.0,0.0,2.0,2.0,1.0,0.0,1.0,3.0,1.0,5.0,0.0,4.0,24.1,71.92307692307692,0.08888888888888888,0.2785714285714286,40.982352941176465,15.300000000000002,2.278571428571428,31.392857142857142,33.285714285714285,80.5923076923077,0.5181818181818182,5.7285714285714295,262.89285714285717,13.14375,4.328571428571428,7.433333333333331,4.378571428571429,97.95,44.73636363636364,9.658823529411768,25.8625,0.5083333333333334,17.507692307692306,9.1,27.141666666666666,102.37499999999999,0.8916666666666667,105.60000000000001,4.3,146.4846153846154,7.323529411764705,5.841666666666666,1.8357142857142856,1.0,2.7249999999999996,6.8977221913158715,6.644064248905914,0.060092521257733164,0.15776599725577717,6.361724932567194,2.294921930407801,1.4153980529701347,5.013131109045874,4.0015107037327695,8.411545789217493,0.2993933259716449,2.791864161184332,111.43891368600325,2.5832715046364494,1.0246414543098037,3.425926107926103,1.1994733276468734,37.02975462074691,17.781016434797685,4.4498678103300735,8.189251085009747,0.32601821849074447,5.525616336431249,1.3102162671355702,4.977121901685996,7.917617486761194,0.23532698077098574,25.235160655984206,0.7924645102463579,7.870286542204813,1.4901884997227306,0.6881573991904804,1.3065557439649913,0.0,1.9844394674567427,-15.3,2.0,-0.2,0.30000000000000004,12.099999999999994,1.700000000000001,-3.1,0.0,-6.100000000000001,-10.299999999999997,0.4,-0.5999999999999996,55.0,5.5,-2.1999999999999997,-3.1999999999999997,-1.4999999999999996,-8.099999999999994,33.599999999999994,-9.5,5.199999999999996,0.09999999999999998,13.2,3.6000000000000005,9.799999999999997,8.599999999999994,-0.4,-26.400000000000006,-1.0999999999999996,6.599999999999994,0.5,-0.6000000000000005,1.8,0.0,3.4000000000000004,474,35,72.0,8.318012028722443
C60FE675-CA52-4C55-A233-F4B27E94987F,1,1979-05-09 20:25:53.737,1979-05-24 10:11:21.830,14,1979,5,2,수,중기(8-14일),Male,1957-10-30 23:26:15.303,Asian,Married,Spanish,12.8,68.2,60대,Medium,D16.2,Benign neoplasm of long bones of lower limb,1.0,1.0,0.0,2.0,2.0,1.0,1.0,0.0,1.0,2.0,1.0,1.0,2.0,2.0,2.0,0.0,1.0,0.0,2.0,0.0,2.0,2.0,2.0,2.0,0.0,0.0,1.0,2.0,1.0,2.0,2.0,0.0,0.0,0.0,3.0,22.949999999999996,69.83999999999999,0.10999999999999999,0.29999999999999993,41.25454545454546,13.30909090909091,1.5909090909090908,28.900000000000006,33.823076923076925,83.35384615384615,0.5615384615384615,5.753846153846155,250.42727272727268,12.607692307692306,4.938461538461539,8.3,4.266666666666667,88.72,39.36363636363637,11.681818181818182,25.899999999999995,0.6333333333333333,17.992857142857144,9.455555555555556,25.51538461538462,103.74545454545456,0.8583333333333333,98.2923076923077,4.483333333333333,141.76923076923077,6.741666666666666,6.025000000000001,1.8249999999999995,1.0,1.72,5.3455589043616385,6.880923710601003,0.07378647873726218,0.14907119849998599,7.692771104922289,2.5216877465120637,0.73546522073385,5.626129516224573,3.3603456781889363,9.581198201392086,0.2873396989002782,2.9125061901551916,87.96832487786828,2.415733683742733,1.1347088184041325,2.2356207191739834,0.8855746294030923,27.835301327630702,18.912972940670787,4.597786028474614,8.731135508782764,0.3938927711338647,6.276998827920417,1.8500750735518214,4.659908109581516,5.3863463751161875,0.2234373344457959,24.689014478051487,0.8526251796479489,9.426238611396089,1.4804534522376664,0.6877169079312687,0.9771247245222727,0.0,1.7756376006631784,-11.8,9.700000000000003,0.2,-0.30000000000000004,-12.200000000000003,2.5,-0.20000000000000007,-1.5,-7.9999999999999964,24.299999999999997,0.09999999999999998,0.0,40.400000000000006,4.299999999999999,0.09999999999999964,-4.4,-0.09999999999999964,-18.69999999999999,-26.5,-11.399999999999999,0.1999999999999993,-0.4,-1.8000000000000007,-2.8999999999999995,-9.499999999999996,4.900000000000006,0.6000000000000001,67.80000000000001,0.40000000000000036,-11.200000000000017,-0.10000000000000053,-1.3999999999999995,0.7,0.0,3.7,409,35,41.0,7.387526046559422
C60FE675-CA52-4C55-A233-F4B27E94987F,2,2004-07-14 03:19:40.170,2004-07-30 02:13:48.567,15,2004,7,2,수,장기(15-30일),Male,1957-10-30 23:26:15.303,Asian,Married,Spanish,12.8,68.2,60대,Medium,E11.3,Type 2 diabetes mellitus with ophthalmic complications,3.0,3.0,0.0,4.0,2.0,2.0,2.0,2.0,4.0,1.0,1.0,4.0,2.0,3.0,1.0,3.0,2.0,0.0,1.0,2.0,2.0,1.0,3.0,2.0,1.0,1.0,1.0,1.0,3.0,0.0,1.0,2.0,1.0,0.0,1.0,27.200000000000003,69.19166666666668,0.08571428571428573,0.3857142857142857,43.857142857142854,14.785714285714283,2.216666666666667,28.75384615384615,34.550000000000004,83.48666666666666,0.4800000000000001,6.235714285714285,323.61428571428576,12.764285714285714,5.145454545454546,8.36,4.4799999999999995,97.95384615384616,44.81666666666667,9.653846153846153,28.841666666666672,0.5214285714285715,20.493333333333332,9.878571428571428,29.038461538461533,101.14999999999999,0.725,108.17777777777779,4.461538461538462,142.55833333333334,7.866666666666666,5.918181818181819,1.45,1.0,2.8928571428571432,5.277625728803942,6.54306827293147,0.07703288865196434,0.15118578920369088,7.296438992962387,2.800510157606493,1.455293368320899,4.893978508435201,3.9128486573575283,8.097342303555681,0.30047581314594074,3.774735271992776,80.72309517875351,2.4269661792379464,1.0642966093750712,2.731788181149239,1.1773793875477108,29.976118699853263,16.96246301440777,4.4796977920047585,8.642648829373943,0.36831961753257275,7.583013598701722,1.4613895239323904,5.096164973379241,6.4595946959823705,0.1764549903980152,23.22750405111243,0.8939970745090664,7.895621149303788,1.350645188138774,0.8692734688441627,0.8522696969643098,0.0,1.6074175589408028,8.200000000000003,12.100000000000001,-0.1,0.0,-7.600000000000001,-4.399999999999999,0.6,-1.8999999999999986,-5.100000000000001,15.300000000000011,0.6000000000000001,-0.5999999999999996,-160.5,2.200000000000001,0.0,4.6,-1.2000000000000002,38.1,18.700000000000003,-1.799999999999999,9.800000000000004,0.39999999999999997,8.3,0.0,-5.600000000000001,-5.700000000000003,-0.20000000000000007,-25.799999999999997,2.4000000000000004,-11.699999999999989,-1.4999999999999991,-2.5,0.0,0.0,2.5,442,35,62.0,7.1601901489260245
C60FE675-CA52-4C55-A233-F4B27E94987F,3,2005-03-13 12:37:51.210,2005-03-17 15:57:22.823,4,2005,3,6,일,단기(4-7일),Male,1957-10-30 23:26:15.303,Asian,Married,Spanish,12.8,68.2,60대,Medium,M90.86,"Osteopathy in diseases classified elsewhere, lower leg",0.0,0.0,0.0,1.0,2.0,1.0,0.0,1.0,1.0,0.0,1.0,0.0,1.0,0.0,1.0,1.0,2.0,0.0,2.0,0.0,0.0,1.0,0.0,2.0,0.0,1.0,1.0,0.0,1.0,0.0,0.0,0.0,0.0,0.0,2.0,22.666666666666668,67.96666666666665,0.10000000000000002,0.325,44.675,16.2,2.466666666666667,25.875,32.725,81.05,0.625,8.3,258.79999999999995,12.85,4.26,7.140000000000001,3.7,97.45,33.0,8.95,32.025,0.95,19.125,9.725000000000001,29.53333333333333,103.625,0.75,100.75,4.1,139.225,8.149999999999999,5.375,1.9000000000000001,1.0,3.05,8.008953323208553,8.789956389728749,0.1,0.17078251276599332,10.855835604257582,3.0594117081556713,1.4011899704655801,3.1595094555959156,4.2952493136797845,4.655104724922956,0.41129875597510224,0.7071067811865478,109.75375468140788,0.49497474683058273,1.0358571330062847,2.5559733957926873,1.4719601443879744,28.33825447459082,28.423229936092763,3.63547337587097,4.994914080008451,0.3535533905932738,6.1233841405985086,2.0155644370746377,6.577486855428395,10.78467276585927,0.2645751311064591,7.707463914933372,0.9999999999999997,6.7859536298641645,0.07071067811865388,0.33040379335998343,0.7937253933193772,0.0,2.455605831561735,-0.8999999999999986,14.699999999999996,0.2,0.4,-3.3999999999999986,7.0,0.7000000000000002,4.399999999999999,9.2,3.299999999999997,0.6,1.0000000000000009,168.29999999999998,0.6999999999999993,0.2999999999999998,6.4,3.3,-37.5,-2.0000000000000018,4.1000000000000005,6.800000000000001,0.5,14.700000000000001,2.1000000000000005,2.700000000000003,-20.700000000000003,-0.30000000000000004,-10.900000000000006,-1.9999999999999996,-7.800000000000011,-0.09999999999999964,0.10000000000000053,-0.2999999999999998,0.0,1.7000000000000002,123,35,22.0,7.759482584849963
C60FE675-CA52-4C55-A233-F4B27E94987F,4,2011-07-05 14:25:03.367,2011-07-22 02:08:27.870,16,2011,7,1,화,장기(15-30일),Male,1957-10-30 23:26:15.303,Asian,Married,Spanish,12.8,68.2,60대,Medium,A83.6,Rocio virus disease,1.0,2.0,0.0,6.0,3.0,2.0,0.0,1.0,2.0,1.0,0.0,4.0,1.0,3.0,0.0,2.0,2.0,1.0,1.0,4.0,2.0,0.0,0.0,2.0,1.0,3.0,1.0,2.0,2.0,2.0,0.0,2.0,1.0,0.0,0.0,23.990000000000002,73.23333333333333,0.12142857142857143,0.2846153846153846,44.339999999999996,14.361538461538462,2.6846153846153844,32.96,35.57272727272727,83.34615384615384,0.725,6.1,275.03076923076924,13.661538461538461,5.266666666666667,8.878571428571428,4.235714285714286,95.19166666666665,45.80909090909091,9.053846153846154,27.76428571428571,0.5857142857142856,17.7,9.392307692307691,26.707692307692312,100.03,0.8538461538461538,99.2,4.684615384615386,140.5909090909091,7.253333333333333,5.484615384615383,2.525,1.0,3.314285714285714,6.29399184407903,4.860664625960181,0.08017837257372731,0.16756169931378437,8.340503581918778,2.9957020494753426,1.2934747477538644,4.376365093153385,3.195337512404882,6.700200915472034,0.2712405363721075,3.619622448083041,87.23510746459235,2.385560193308364,0.85952770681804,2.394281190165937,0.993522980150893,33.78610414554086,16.026943223550433,5.1613330617543935,9.280799629247564,0.29314512776791285,5.646101445994532,1.6444155691620546,5.119319866685017,8.169054072806986,0.2025478734167334,24.640982123283965,0.8193962755652823,9.313157847417227,1.0920927921503127,0.797753255342939,0.6837397165588672,0.0,1.6128604035435556,18.0,3.799999999999997,0.0,0.19999999999999998,-13.899999999999999,6.799999999999999,-1.4,8.000000000000004,0.29999999999999716,-0.5999999999999943,-0.10000000000000009,5.5,-27.5,7.6,-1.7999999999999998,4.1,0.2999999999999998,-66.70000000000002,22.4,11.200000000000001,-0.3999999999999986,0.09999999999999998,-5.900000000000002,-0.5999999999999996,-1.4000000000000057,16.299999999999997,0.20000000000000007,29.30000000000001,0.20000000000000018,-13.300000000000011,-0.7000000000000011,-2.3000000000000007,-1.7,0.0,0.0,445,35,54.0,7.438645411182412
B39DC5AC-E003-4E6A-91B6-FC07625A1285,1,1959-04-30 18:14:21.373,1959-05-07 17:33:47.207,6,1959,4,3,목,단기(4-7일),Female,1935-11-03 21:07:09.040,White,Married,English,15.31,90.2,70세~,Medium,M06.041,"Rheumatoid arthritis without rheumatoid factor, right hand",0.0,0.0,0.0,1.0,0.0,1.0,2.0,0.0,1.0,2.0,0.0,2.0,1.0,1.0,3.0,1.0,1.0,2.0,1.0,0.0,0.0,0.0,3.0,1.0,1.0,1.0,0.0,0.0,0.0,0.0,0.0,1.0,0.0,0.0,0.0,22.9,72.04285714285714,0.08,0.275,48.68333333333334,17.0,3.0857142857142854,33.08,33.800000000000004,81.09999999999998,0.925,5.379999999999999,200.07500000000002,14.416666666666666,4.957142857142857,7.3166666666666655,3.9250000000000003,76.95714285714287,46.9,11.575,22.74,0.58,16.98,8.32,25.349999999999998,106.58333333333333,0.76,107.91666666666669,4.671428571428572,135.56666666666663,7.95,5.675,1.5,1.0,3.775,6.937819061732104,5.664467360325279,0.08366600265340757,0.1707825127659933,7.9587478077061,1.401427843308388,1.4392458342578487,5.670273362017038,3.019271435296932,8.06176159409344,0.2872281323269014,4.553240604229036,52.18469603245763,1.9208505060692955,1.4604304649168147,3.4049473808954325,0.9639329160614168,36.73145142530477,19.31134381652401,4.7281955684312935,7.760025773153077,0.3492849839314596,10.092918309389013,1.0568822072492283,6.62444966267639,7.970048096885404,0.1816590212458495,20.55844514224426,0.9322272357358046,7.929606967981866,0.8871302046486751,1.1814539065631522,0.7999999999999999,0.0,1.9872510326243806,0.8000000000000007,1.8999999999999915,-0.2,0.4,20.6,1.9000000000000004,-3.3999999999999995,-8.600000000000001,6.899999999999999,-11.899999999999991,-0.6000000000000001,-2.0,-77.8,1.0000000000000018,1.4000000000000004,-2.3999999999999995,2.3000000000000003,-20.799999999999997,32.4,-8.2,3.900000000000002,0.6,-18.0,-2.3000000000000007,0.8999999999999986,-6.799999999999997,0.20000000000000007,-22.200000000000003,-1.2999999999999998,-14.300000000000011,0.29999999999999893,1.4000000000000004,1.7,0.0,-4.1,187,35,26.0,6.693290348734334
B39DC5AC-E003-4E6A-91B6-FC07625A1285,2,1977-01-09 17:35:33.063,1977-01-11 21:02:57.457,2,1977,1,6,일,초단기(~3일),Female,1935-11-03 21:07:09.040,White,Married,English,15.31,90.2,70세~,Medium,C93.01,"Acute monoblastic/monocytic leukemia, in remission",1.0,1.0,0.0,1.0,0.0,1.0,1.0,1.0,0.0,0.0,1.0,0.0,0.0,0.0,0.0,2.0,0.0,1.0,0.0,0.0,0.0,1.0,0.0,0.0,,0.0,0.0,1.0,0.0,0.0,1.0,0.0,1.0,0.0,0.0,28.666666666666668,75.1,0.1,0.3666666666666667,50.65,14.233333333333334,4.333333333333333,35.46666666666667,33.46666666666667,87.46666666666665,0.2,8.1,264.9666666666667,14.966666666666669,4.35,7.366666666666667,3.55,69.10000000000001,38.5,16.1,22.2,0.25,23.8,10.55,,101.06666666666666,0.7333333333333334,86.5,5.35,140.1,6.233333333333333,5.3,2.8666666666666667,1.0,3.8499999999999996,8.129780644847271,7.217340230306453,0.0,0.23094010767585027,3.0405591591021524,3.855299383100272,0.5686240703077325,5.92143000746723,2.995552258488128,3.911947511576984,0.1414213562373095,,105.60654967062096,1.1503622617824938,0.3535533905932738,4.250098038084926,0.21213203435596428,32.164110433836036,21.354624791833736,0.8485281374238552,,0.3535533905932738,,1.4849242404917502,,5.148138822267067,0.23094010767585033,23.085926448812927,0.6363961030678927,,1.1676186592091327,0.4242640687119283,0.47258156262526074,,0.3535533905932736,-15.200000000000003,-1.3000000000000114,0.0,0.4,4.299999999999997,-1.5,0.7999999999999998,-11.000000000000004,-1.6000000000000014,-5.900000000000006,-0.19999999999999998,0.0,-69.1,1.1000000000000014,-0.5,4.199999999999999,-0.30000000000000027,59.0,-30.200000000000003,1.1999999999999993,0.0,-0.5,0.0,-2.0999999999999996,,-7.400000000000006,0.4,42.800000000000004,0.8999999999999995,0.0,-1.5,-0.5999999999999996,0.6999999999999997,0.0,0.49999999999999956,80,34,14.0,8.114163802816861
B39DC5AC-E003-4E6A-91B6-FC07625A1285,3,2001-12-19 15:17:51.363,2002-01-06 07:42:52.880,17,2001,12,2,수,장기(15-30일),Female,1935-11-03 21:07:09.040,White,Married,English,15.31,90.2,70세~,Medium,M1A.352,"Chronic gout due to renal impairment, left hip",2.0,1.0,0.0,3.0,3.0,3.0,3.0,0.0,4.0,2.0,0.0,1.0,1.0,1.0,1.0,2.0,1.0,3.0,2.0,1.0,1.0,2.0,1.0,3.0,4.0,2.0,2.0,3.0,1.0,1.0,0.0,0.0,1.0,0.0,2.0,23.407142857142855,72.47272727272727,0.10000000000000002,0.3357142857142857,47.67692307692308,14.4,2.914285714285714,32.00666666666666,34.559999999999995,82.79230769230769,0.5769230769230769,5.863636363636363,287.13571428571424,13.292307692307693,5.264285714285714,7.633333333333333,3.9545454545454546,99.47692307692309,50.36999999999999,10.491666666666665,29.407692307692304,0.6750000000000002,14.0,9.029999999999998,27.9,104.92999999999999,0.7899999999999999,98.83076923076922,4.241666666666666,138.64374999999998,7.55,6.2,1.7571428571428573,1.0,3.1538461538461537,6.142721056504355,3.939058493876656,0.07071067811865475,0.15984195491000025,6.388421015941504,2.6115129714401193,1.4233531065529965,4.438865148832955,3.934063693289312,6.550631208575954,0.3113247129976625,3.0457421845168464,83.54932773419044,2.7001424463848624,1.2112340451324477,2.6578642599354887,1.012288137205644,35.02620813634066,19.171857268170736,4.485219835158246,6.676508760630007,0.4002839900961226,6.067948582511225,1.8696702026471588,6.5126031661694235,7.805133638260852,0.23781411975649291,23.20938691619494,0.8805559538602802,8.743986028503627,0.9830379628293285,0.4932882862316249,0.8464534933967232,0.0,1.7737039327423394,0.3999999999999986,-3.1000000000000085,0.0,-0.09999999999999998,-11.5,1.6999999999999993,0.19999999999999973,11.399999999999999,0.6999999999999957,1.1000000000000085,0.3,-2.3999999999999995,-140.7,4.799999999999999,1.2000000000000002,-0.3000000000000007,-1.6999999999999997,94.3,-10.200000000000003,-1.1000000000000014,-2.1000000000000014,-0.3,12.6,-4.000000000000001,-3.299999999999997,-13.299999999999997,0.0,45.000000000000014,2.3,22.0,-2.299999999999999,0.39999999999999947,0.0,0.0,-3.1999999999999997,435,35,57.0,7.295164660625876
B39DC5AC-E003-4E6A-91B6-FC07625A1285,4,2004-06-14 21:38:27.687,2004-06-17 05:37:22.647,2,2004,6,0,월,초단기(~3일),Female,1935-11-03 21:07:09.040,White,Married,English,15.31,90.2,70세~,Medium,F11,Opioid related disorders,0.0,0.0,0.0,0.0,0.0,1.0,0.0,0.0,0.0,,0.0,0.0,1.0,1.0,0.0,0.0,0.0,0.0,1.0,1.0,1.0,0.0,0.0,1.0,0.0,0.0,0.0,1.0,0.0,0.0,1.0,2.0,0.0,0.0,1.0,21.6,68.43333333333334,0.05,0.45,38.55,18.4,4.166666666666667,29.633333333333336,35.199999999999996,,0.7333333333333334,5.8999999999999995,347.4666666666667,12.766666666666666,4.9,7.25,4.4,111.65,18.5,11.633333333333335,12.5,0.9500000000000001,18.633333333333333,9.833333333333334,29.766666666666666,112.19999999999999,0.9,125.7,4.533333333333334,138.8,8.9,5.8,3.0,1.0,1.633333333333333,7.353910524340095,3.7166292972710266,0.07071067811865477,0.07071067811865474,2.4748737341529163,0.4242640687119283,0.7571877794400366,1.8230011885167101,1.0816653826391966,,0.11547005383792519,1.9000000000000006,91.54738299554683,3.470350606687073,1.4106735979665885,0.21213203435596475,0.8485281374238575,13.364318164425738,,7.0216332383095414,,0.21213203435596428,5.950070027599115,2.1007935008784973,2.1825062046494472,0.565685424949231,0.2828427124746191,14.283556979968273,0.1527525231651949,1.979898987322331,0.7810249675906658,1.539480431834065,,0.0,1.171893055416463,10.400000000000002,-6.799999999999997,0.1,0.09999999999999998,3.5,0.5999999999999979,-0.20000000000000018,-1.3000000000000007,-2.1000000000000014,,0.0,3.7,-178.3,2.8000000000000007,2.8000000000000003,-0.3000000000000007,-1.2000000000000002,18.89999999999999,0.0,-1.9000000000000021,0.0,-0.30000000000000004,-0.40000000000000036,2.0,-4.300000000000001,-0.7999999999999972,-0.40000000000000013,-20.200000000000017,-0.20000000000000018,-2.799999999999983,-0.09999999999999964,-0.9000000000000004,0.0,0.0,-2.2,83,34,12.0,5.447292871292471
B39DC5AC-E003-4E6A-91B6-FC07625A1285,5,2009-11-16 20:32:48.250,2009-11-22 20:25:29.297,5,2009,11,0,월,단기(4-7일),Female,1935-11-03 21:07:09.040,White,Married,English,15.31,90.2,70세~,Medium,M05.441,Rheumatoid myopathy with rheumatoid arthritis of right hand,0.0,0.0,0.0,1.0,0.0,0.0,0.0,2.0,0.0,0.0,2.0,0.0,1.0,0.0,0.0,1.0,2.0,1.0,0.0,0.0,1.0,0.0,1.0,1.0,0.0,0.0,2.0,0.0,0.0,2.0,0.0,1.0,0.0,0.0,2.0,26.849999999999998,72.26666666666667,0.16666666666666666,0.39999999999999997,41.96,14.48,2.525,26.449999999999996,35.800000000000004,89.35,0.82,5.0,254.75,12.62,4.416666666666667,7.95,4.216666666666666,106.32000000000001,37.55,7.880000000000001,29.599999999999998,0.6000000000000001,16.75,9.3,24.700000000000003,107.2666666666667,0.82,112.04,4.266666666666667,137.8,8.266666666666666,6.9,1.7249999999999999,1.0,3.08,3.851839387444221,2.6727015047201466,0.05773502691896257,0.1414213562373095,4.068537820888484,1.7527121840165323,1.17011395456454,4.546427168667723,2.366431913239845,2.8195744359743373,0.42661458015403086,2.5948667274704746,80.30224778921196,2.151046257057249,0.7626707459098364,3.2054640849649214,1.2122980931547598,37.057077596594155,14.600799064891394,2.1707141681944218,9.353787111824456,0.37416573867739417,8.892131353055914,1.7190113437671093,4.68045581825816,1.4555640372950482,0.31144823004794875,11.427948197292457,0.43204937989385755,11.723480711802278,0.37859388972001795,0.6164414002968978,0.45734742446707466,0.0,2.3188359148503803,3.8000000000000007,4.8999999999999915,0.1,0.19999999999999996,-3.200000000000003,3.6000000000000014,-0.40000000000000036,-1.5,5.600000000000001,6.299999999999997,-0.9,5.6,-114.1,1.3000000000000007,1.5999999999999996,0.8999999999999995,0.7999999999999998,18.700000000000003,11.399999999999999,2.1999999999999993,-8.0,-0.3,8.3,-0.6000000000000014,8.0,0.4000000000000057,0.09999999999999998,15.5,0.5,-17.799999999999983,-0.09999999999999964,0.0,0.19999999999999996,0.0,-5.8,162,35,20.0,6.344930126043552
FA157FA5-F488-4884-BF87-E144630D595C,1,1952-11-10 06:35:45.963,1952-11-13 02:51:58.853,2,1952,11,0,월,초단기(~3일),Female,1932-11-01 06:19:56.577,White,Single,English,16.32,93.2,70세~,Medium,M05.732,Rheumatoid arthritis with rheumatoid factor of left wrist without organ or systems involvement,0.0,0.0,0.0,0.0,1.0,0.0,0.0,0.0,,2.0,0.0,0.0,0.0,1.0,0.0,0.0,1.0,0.0,1.0,0.0,0.0,1.0,0.0,1.0,0.0,0.0,0.0,0.0,0.0,0.0,0.0,1.0,0.0,0.0,0.0,20.9,72.89999999999999,0.1,0.4,30.0,12.800000000000002,2.3,30.900000000000002,,99.75,0.9,7.6000000000000005,145.4,15.800000000000002,4.550000000000001,5.0,2.966666666666667,95.16666666666667,22.799999999999997,7.266666666666667,23.450000000000003,0.05,14.5,11.7,28.85,100.89999999999999,0.7,112.26666666666667,5.6,144.60000000000002,6.766666666666667,4.85,2.433333333333333,1.0,3.6333333333333333,5.515432893255072,2.066397831977184,0.14142135623730953,,,2.2715633383201106,,10.323759005323595,,0.3535533905932738,0.14142135623730948,1.9157244060668024,,1.2288205727444497,1.202081528017131,,0.3214550253664319,26.44358775456412,8.118497397917915,2.173323108360405,7.283199846221441,0.07071067811865477,0.282842712474618,,7.424621202458749,8.432674546073741,0.1414213562373096,32.38091001397789,0.14142135623730995,9.616652224137052,0.7371114795831989,0.21213203435596445,1.0692676621563628,0.0,1.450287327853806,7.800000000000001,-2.9000000000000057,-0.2,0.0,0.0,-4.200000000000001,0.0,-14.600000000000001,,-0.5,-0.19999999999999996,-3.1000000000000005,0.0,2.299999999999999,-1.7000000000000002,0.0,0.10000000000000009,43.5,-15.599999999999998,-1.6000000000000005,-10.3,-0.1,0.3999999999999986,0.0,10.5,-12.400000000000006,0.20000000000000007,54.900000000000006,0.20000000000000018,-13.599999999999994,0.2999999999999998,0.2999999999999998,1.8,0.0,-1.4999999999999996,76,34,9.0,4.695010407316686
FA157FA5-F488-4884-BF87-E144630D595C,2,1956-06-17 05:42:40.843,1956-06-26 09:13:45.457,9,1956,6,6,일,중기(8-14일),Female,1932-11-01 06:19:56.577,White,Single,English,16.32,93.2,70세~,Medium,M06.34,"Rheumatoid nodule, hand",1.0,1.0,0.0,1.0,1.0,1.0,1.0,0.0,1.0,3.0,3.0,1.0,0.0,0.0,2.0,0.0,0.0,1.0,1.0,0.0,0.0,0.0,2.0,1.0,1.0,1.0,0.0,1.0,1.0,2.0,0.0,1.0,2.0,0.0,0.0,23.22,70.49,0.1375,0.3,42.025000000000006,14.233333333333333,3.116666666666667,29.814285714285713,35.914285714285704,84.32222222222221,0.6857142857142858,6.1428571428571415,320.7833333333333,13.749999999999998,4.9833333333333325,7.7375,3.514285714285714,97.73333333333333,45.875,9.35,25.27777777777778,0.78,18.5625,9.4125,26.06666666666667,100.52222222222221,0.8999999999999999,102.91666666666667,4.357142857142857,135.36666666666667,7.459999999999999,5.3999999999999995,1.3222222222222222,1.0,3.642857142857143,8.660946830456817,4.332935879208618,0.0744023809142845,0.1414213562373095,6.813379694185761,2.514458192136032,1.7267503197239222,2.634659099661391,3.351829635402419,10.764615387669197,0.4634241089562613,3.411674634182429,81.64756987606347,1.2533953885346796,1.4372427306014341,2.1790807367196967,0.530498417932204,32.45178988386722,17.62335098668809,4.612715345340839,5.1908038341324785,0.34576806613039845,8.06136066146936,1.5319805108793934,5.838664230797999,7.874290091458684,0.11180339887498948,22.617817460282645,1.0721584815333083,7.881306998207853,0.7402702209328701,0.5606119105813883,1.1935009193312103,0.0,1.4931590034299125,-17.4,4.1000000000000085,0.0,0.2,7.699999999999996,2.6000000000000014,-4.1000000000000005,7.199999999999999,1.7000000000000028,12.599999999999994,-0.5,1.2999999999999998,-63.29999999999998,-1.0999999999999996,-1.2000000000000002,-2.4000000000000004,1.3000000000000003,-29.700000000000003,6.300000000000004,9.5,-4.300000000000001,-0.30000000000000004,-4.199999999999999,-0.7000000000000011,8.899999999999999,9.899999999999991,-0.30000000000000004,19.299999999999983,-0.6000000000000001,-11.400000000000006,-1.4000000000000004,0.09999999999999964,1.2,0.0,0.19999999999999973,264,35,30.0,7.175418190643558
FA157FA5-F488-4884-BF87-E144630D595C,3,2004-10-08 15:25:48.703,2004-10-27 06:23:12.370,18,2004,10,4,금,장기(15-30일),Female,1932-11-01 06:19:56.577,White,Single,English,16.32,93.2,70세~,Medium,J44.1,Chronic obstructive pulmonary disease with (acute) exacerbation,1.0,2.0,0.0,3.0,1.0,1.0,1.0,2.0,1.0,4.0,2.0,0.0,1.0,2.0,1.0,0.0,2.0,0.0,1.0,2.0,3.0,0.0,2.0,2.0,3.0,3.0,2.0,1.0,0.0,2.0,2.0,1.0,3.0,0.0,1.0,26.708333333333332,68.02499999999999,0.09285714285714286,0.31538461538461543,42.93846153846154,15.845454545454544,3.3785714285714286,33.666666666666664,33.39411764705883,86.57692307692308,0.5461538461538461,6.3307692307692305,277.9307692307692,13.16153846153846,5.4,6.821428571428571,3.972727272727272,100.89285714285714,44.33846153846154,10.778571428571427,26.823076923076922,0.4214285714285714,17.792857142857144,9.366666666666669,27.233333333333338,104.59230769230768,0.9235294117647058,113.76,4.5636363636363635,137.75,7.041666666666667,6.1,1.8090909090909089,1.0,2.9384615384615382,5.352902073273955,5.942470407621271,0.07300459115473718,0.16251232694862386,7.2817738751784065,2.2182712351575207,0.9720545817443123,5.0579071010077135,2.4818014093182614,10.741365047186653,0.3619746414124076,2.3834095379604876,97.6073459036715,2.3796142760044328,1.1333333333333335,2.100614771342527,0.9970866653314636,26.271934843851156,13.227278534751488,4.53892202916212,11.06903743527818,0.3238674264110392,7.139431596176514,1.6360521589077368,5.324024614447054,8.505533643699414,0.19212434698882483,16.149427234425374,0.6989602667859272,8.69091037100965,1.5559027390339455,0.8876936408468858,1.3568010505999364,0.0,1.642933586372489,8.600000000000001,1.2999999999999972,-0.1,-0.4,-5.799999999999997,-2.3000000000000007,0.6000000000000001,3.3000000000000043,0.0,-1.4000000000000057,0.6000000000000001,1.7000000000000002,188.89999999999998,3.299999999999999,1.5,-5.4,2.2,77.69999999999999,9.299999999999997,-3.5,-24.5,0.0,3.6000000000000014,0.09999999999999964,0.5,5.799999999999997,0.0,31.000000000000014,1.5999999999999996,-7.199999999999989,2.2,0.3000000000000007,-3.2,0.0,-2.4,461,35,52.0,7.32737935132558
FA157FA5-F488-4884-BF87-E144630D595C,4,2006-11-17 23:46:43.817,2006-11-20 20:47:59.633,2,2006,11,4,금,초단기(~3일),Female,1932-11-01 06:19:56.577,White,Single,English,16.32,93.2,70세~,Medium,D14.0,"Benign neoplasm of middle ear, nasal cavity and accessory sinuses",0.0,1.0,0.0,0.0,1.0,0.0,0.0,0.0,0.0,1.0,0.0,0.0,1.0,1.0,0.0,0.0,1.0,0.0,1.0,0.0,1.0,0.0,0.0,0.0,0.0,0.0,0.0,0.0,0.0,0.0,1.0,1.0,0.0,0.0,,30.1,68.55,0.1,0.4,41.833333333333336,11.5,3.0,31.950000000000003,34.3,87.5,0.6,2.8,329.2333333333333,13.399999999999999,6.7,10.0,2.6,110.5,72.35,6.6,26.53333333333333,0.39999999999999997,11.55,11.35,22.4,103.6,0.7333333333333334,73.3,5.449999999999999,145.1,5.3,6.733333333333333,2.05,1.0,,,10.11162697096763,0.0,0.14142135623730953,9.127065976168536,,1.8384776310850235,9.404520189781085,,16.829141392239837,,,100.31023543653625,4.949747468305832,,,,32.64368239031866,2.616295090390233,,13.543017881304495,0.42426406871192845,0.9192388155425116,0.3535533905932738,3.5355339059327378,2.545584412271572,0.15275252316519472,,0.21213203435596445,9.33380951166242,,0.6506407098647715,0.3535533905932737,,,0.0,-14.300000000000004,0.0,-0.2,-0.6000000000000014,0.0,-2.5999999999999996,-13.3,0.0,23.80000000000001,0.0,0.0,120.89999999999998,6.999999999999998,0.0,0.0,0.0,38.599999999999994,3.700000000000003,0.0,21.2,0.6,-1.299999999999999,-0.5,5.0,-3.6000000000000085,-0.09999999999999998,0.0,0.2999999999999998,13.199999999999989,0.0,0.6000000000000005,0.4999999999999998,0.0,,62,34,10.0,9.999831570274024
FA157FA5-F488-4884-BF87-E144630D595C,5,2011-05-29 11:43:29.327,2011-06-07 14:13:53.000,9,2011,5,6,일,중기(8-14일),Female,1932-11-01 06:19:56.577,White,Single,English,16.32,93.2,70세~,Medium,Z13.85,Encounter for screening for nervous system disorders,1.0,2.0,0.0,3.0,1.0,1.0,0.0,1.0,0.0,1.0,0.0,1.0,4.0,2.0,0.0,0.0,2.0,1.0,1.0,1.0,1.0,1.0,0.0,0.0,2.0,1.0,2.0,2.0,2.0,1.0,1.0,2.0,1.0,0.0,1.0,26.85,72.3111111111111,0.05555555555555555,0.3777777777777777,49.71249999999999,13.899999999999999,2.4400000000000004,33.0375,34.94444444444444,86.1888888888889,0.7714285714285716,6.144444444444444,209.14444444444445,12.55,4.66,9.24,4.528571428571429,92.17142857142858,51.0,11.477777777777776,32.60000000000001,0.4714285714285715,17.72222222222222,9.266666666666667,26.733333333333334,104.8125,0.76,91.1,4.666666666666667,136.61249999999998,7.066666666666666,6.355555555555555,1.0625,1.0,3.344444444444445,6.5388946204341645,6.171192033238888,0.0726483157256779,0.17159383568311665,4.602619595714724,2.498499549729797,0.8382521498133284,4.763833240454282,0.8501633829904567,8.690288321517942,0.3093772546815388,2.2622506001276204,97.88135817293187,2.3782579992740724,0.9946523680831073,1.8548435094218712,1.3400426432447163,32.65010026966299,17.28403245130539,4.039733214513607,8.87033579651059,0.49904671028634096,5.272754919816058,0.842614977317636,5.405321452050749,7.685131749033323,0.21705094128132943,26.81284340439431,1.103932365077982,10.092916540114368,1.7281975195754296,0.8048464311766425,0.7945124291035353,0.0,1.2146101340668032,3.400000000000002,-13.700000000000003,-0.2,0.19999999999999998,0.0,6.1,2.4000000000000004,-9.899999999999999,-1.3999999999999986,-6.700000000000003,-0.30000000000000004,-0.1999999999999993,-22.100000000000023,0.5999999999999996,-1.5000000000000004,-1.299999999999999,-0.7999999999999998,58.400000000000006,19.299999999999997,-3.3000000000000007,-0.7999999999999972,0.8,2.8000000000000007,0.5999999999999996,4.200000000000003,-13.200000000000003,0.09999999999999998,43.80000000000001,2.2,-18.799999999999983,-0.5,1.0,-0.19999999999999998,0.0,0.3999999999999999,297,35,39.0,7.64390711138155
B7E9FC4C-5182-4A34-954E-CEF5FC07E96D,1,2013-07-04 09:52:17.070,2013-07-06 11:22:53.843,2,2013,7,3,목,초단기(~3일),Female,1985-12-11 02:48:16.907,Unknown,Single,English,11.43,40.1,40대,Medium,E10.630,Type 1 diabetes mellitus with periodontal disease,1.0,0.0,0.0,1.0,0.0,0.0,0.0,0.0,0.0,0.0,0.0,0.0,0.0,0.0,0.0,1.0,0.0,0.0,0.0,0.0,0.0,0.0,0.0,0.0,0.0,0.0,0.0,0.0,1.0,0.0,1.0,1.0,1.0,0.0,0.0,20.933333333333334,69.7,0.06666666666666667,0.2,43.4,13.933333333333332,2.0666666666666664,23.5,38.26666666666667,79.39999999999999,0.3333333333333333,7.133333333333333,288.95000000000005,15.3,3.3,3.85,4.05,111.36666666666667,44.833333333333336,11.566666666666668,29.333333333333332,0.9,14.7,10.5,26.4,105.53333333333335,0.7,105.0,3.966666666666667,142.2,8.65,6.833333333333333,0.6666666666666666,1.0,3.3,7.105866121264412,6.99356847396235,0.05773502691896258,0.14142135623730948,,1.4189197769195163,1.1590225767142472,0.0,0.8144527815247083,7.7155686763841285,0.23094010767585033,2.218858565419015,33.72899346259833,0.9899494936611675,0.0,0.7778174593052026,0.3535533905932738,25.07515370507893,20.097097634567373,4.500370355130046,10.250040650325897,0.26457513110645914,7.212489168102786,1.5556349186104041,5.374011537017759,3.9703064533274133,0.1414213562373096,21.354624791833725,0.8504900548115382,4.242640687119285,1.7677669529663689,0.6658328118479397,0.7371114795831993,,0.14142135623730948,-2.5999999999999996,-13.299999999999997,0.0,0.19999999999999998,0.0,1.799999999999999,2.3,0.0,0.19999999999999574,-13.0,-0.39999999999999997,4.3,-47.69999999999999,-1.4000000000000004,0.0,1.1000000000000005,0.5,40.30000000000001,32.400000000000006,-1.3999999999999986,10.3,-0.10000000000000009,10.200000000000001,2.1999999999999993,-7.599999999999998,-6.5,0.20000000000000007,-30.19999999999999,-0.8999999999999999,6.0,2.5,0.9000000000000004,1.1,0.0,0.19999999999999973,86,35,7.0,5.209322918578249
1A40AF35-C6D4-4D46-B475-A15D84E8A9D5,1,1974-09-30 08:07:27.190,1974-10-20 01:04:22.863,19,1974,9,0,월,장기(15-30일),Male,1949-01-10 15:37:35.543,White,Married,English,11.25,77.1,70세~,Medium,F11,Opioid related disorders,1.0,2.0,0.0,2.0,3.0,4.0,0.0,3.0,1.0,2.0,2.0,0.0,1.0,1.0,3.0,0.0,2.0,2.0,1.0,5.0,2.0,1.0,3.0,4.0,3.0,1.0,3.0,4.0,2.0,2.0,3.0,6.0,1.0,0.0,2.0,25.935294117647054,67.51333333333334,0.0875,0.41875,39.21176470588236,16.027777777777775,2.95,31.16111111111111,33.26875,84.875,0.63125,5.95,275.42941176470583,12.207142857142857,4.794444444444444,8.435714285714285,4.278571428571428,96.86470588235295,43.05714285714286,10.523076923076925,28.39375,0.6124999999999999,20.23125,9.229411764705882,28.182352941176468,102.06666666666665,0.8777777777777778,103.34117647058825,4.423529411764705,142.38571428571427,7.725,5.399999999999999,1.7647058823529411,1.0,3.3499999999999996,5.2347327028787465,5.788519014476188,0.07187952884282608,0.11672617529928751,7.652195955487318,2.3031450506173092,1.3957077057894323,5.385398438358047,3.7366150011295862,8.382679654013874,0.3380705054669317,2.7000712241318037,84.21974059496002,1.9301113103470666,1.2321536488519138,1.6117869409004228,0.9822882010337446,30.850140623189844,16.03360481976787,5.470093516286818,8.824848912776542,0.2895398648430529,6.962060877833995,1.3796578859822244,5.209754708011411,6.009714358159352,0.21019754169815527,24.802496316488217,0.9718085020753227,8.106014589640981,1.4120906486483082,0.981364826696435,0.9252980441934562,0.0,1.8147273332701106,10.3,13.599999999999994,0.0,-0.09999999999999998,-16.200000000000003,8.0,0.6000000000000005,8.899999999999999,-3.900000000000002,-7.3999999999999915,0.9,3.2,200.1,-0.9000000000000004,-0.7999999999999998,-0.6999999999999993,1.2999999999999998,-30.999999999999993,52.00000000000001,13.799999999999999,4.0,0.5,15.7,1.2999999999999998,10.399999999999999,-12.799999999999997,0.4,4.400000000000006,2.0,1.4000000000000057,2.6000000000000005,0.0,0.4,0.0,-1.5,554,35,72.0,7.23814957206133
1A40AF35-C6D4-4D46-B475-A15D84E8A9D5,2,1975-04-13 09:23:14.533,1975-04-18 19:32:44.147,5,1975,4,6,일,단기(4-7일),Male,1949-01-10 15:37:35.543,White,Married,English,11.25,77.1,70세~,Medium,H47.631,"Disorders of visual cortex in (due to) neoplasm, right side of brain",0.0,1.0,0.0,1.0,1.0,0.0,0.0,0.0,1.0,1.0,0.0,0.0,0.0,1.0,0.0,0.0,2.0,1.0,0.0,0.0,0.0,1.0,2.0,1.0,1.0,0.0,0.0,1.0,0.0,0.0,0.0,1.0,1.0,0.0,1.0,26.28,72.06666666666666,0.1,0.4333333333333333,45.03333333333333,13.8,2.766666666666667,28.8,33.5,86.75,0.525,9.325,363.58,13.52,4.8999999999999995,7.1800000000000015,5.15,119.95,47.98333333333333,7.85,25.900000000000002,0.8800000000000001,26.05,9.950000000000001,24.639999999999997,107.85999999999999,0.9,122.275,5.14,138.18,8.0,5.6000000000000005,1.5250000000000001,1.0,3.0833333333333335,6.210636038281426,5.239338380622762,0.08164965809277261,0.1527525231651947,7.389903021465618,2.9540932054806035,1.3650396819628847,4.135214625627068,3.8334057964165464,9.31488056820913,0.40311288741492757,1.828250529878222,42.90282042010758,2.1580083410404134,1.1269427669584644,2.242097232503533,0.8962886439832499,31.750007874014777,18.0515280978278,4.744470465710584,9.165151389911681,0.21679483388678802,4.285246006162695,1.9399312702601954,3.6335932628735423,0.9528903399657254,0.21602468994692872,13.176842059714716,0.3781534080237808,8.660946830456812,1.307669683062202,0.8461678320522471,1.1757976016304847,0.0,1.9772877045758075,3.3999999999999986,-9.600000000000009,0.1,0.3,3.1999999999999957,0.5,0.30000000000000027,4.800000000000001,-8.899999999999999,12.600000000000009,-0.6000000000000001,-3.5999999999999996,-6.599999999999966,0.6000000000000014,-1.9999999999999996,-3.7,-0.7000000000000002,4.799999999999983,-43.599999999999994,-1.2000000000000002,-16.9,-0.3999999999999999,-6.699999999999999,2.700000000000001,9.0,-0.5999999999999943,-0.09999999999999998,-31.099999999999994,-0.5,11.800000000000011,-0.3000000000000007,-0.7999999999999998,-1.8,0.0,1.2000000000000002,164,35,18.0,5.563226790608205
1A40AF35-C6D4-4D46-B475-A15D84E8A9D5,3,1991-07-09 06:10:35.900,1991-07-20 07:16:46.200,11,1991,7,1,화,중기(8-14일),Male,1949-01-10 15:37:35.543,White,Married,English,11.25,77.1,70세~,Medium,C92.0,Acute myeloblastic leukemia,1.0,2.0,0.0,2.0,1.0,0.0,1.0,1.0,1.0,2.0,1.0,1.0,1.0,0.0,0.0,0.0,1.0,1.0,0.0,0.0,0.0,2.0,1.0,1.0,3.0,1.0,2.0,1.0,0.0,0.0,2.0,4.0,0.0,0.0,2.0,24.48,71.08181818181818,0.10999999999999999,0.43333333333333335,38.03333333333333,13.837499999999999,2.3111111111111113,31.669999999999998,34.357142857142854,82.33999999999999,0.45,7.0666666666666655,253.22999999999996,13.727272727272727,5.224999999999999,7.481818181818181,4.119999999999999,95.25999999999999,40.714285714285715,11.666666666666664,24.577777777777776,0.67,12.822222222222223,8.944444444444445,27.2,99.32,0.7285714285714285,104.35,4.4624999999999995,138.81111111111113,7.775,6.369999999999999,1.6142857142857143,1.0,2.8555555555555556,5.722431495633845,5.439084147504646,0.07378647873726218,0.15,5.560125897855192,2.210971021325892,1.453826368969524,5.138968768147944,3.4505348101693567,11.621230571673552,0.2838231060987733,3.3368647959824007,106.38015740206858,1.9411805217912677,1.2099023251335772,2.039028289072117,0.9342852288722587,34.88941896271068,12.728240068371402,3.170173496829472,8.091628046595101,0.3831158803518562,5.248756466482746,1.5709162223930906,6.39774265746217,6.986145018693946,0.20586634591635514,21.739173550681883,0.9826167687790158,6.677657606609602,1.5011900041538475,1.0698390325444085,0.8706866474772874,0.0,1.862197029795123,-0.8000000000000007,-0.09999999999999432,0.1,0.19999999999999998,-13.899999999999999,4.800000000000001,-2.1,7.699999999999999,-3.6000000000000014,11.100000000000009,-0.6000000000000001,-1.9000000000000004,85.30000000000001,-2.9000000000000004,-0.7999999999999998,-0.1999999999999993,-0.20000000000000018,-51.0,-18.5,4.799999999999999,-17.300000000000004,0.3999999999999999,-14.3,-0.09999999999999964,6.800000000000001,-18.0,0.30000000000000004,-2.200000000000003,-2.5,-9.100000000000023,1.0999999999999996,0.09999999999999964,0.8,0.0,1.2000000000000002,316,35,35.0,7.7520447152824055
1A40AF35-C6D4-4D46-B475-A15D84E8A9D5,4,2005-04-17 00:19:38.000,2005-05-01 13:44:30.923,14,2005,4,6,일,중기(8-14일),Male,1949-01-10 15:37:35.543,White,Married,English,11.25,77.1,70세~,Medium,C41.0,Malignant neoplasm of bones of skull and face,2.0,2.0,0.0,1.0,2.0,0.0,2.0,2.0,3.0,0.0,0.0,0.0,1.0,2.0,1.0,2.0,3.0,0.0,2.0,1.0,1.0,0.0,0.0,2.0,2.0,1.0,1.0,1.0,3.0,2.0,1.0,1.0,3.0,0.0,1.0,24.333333333333332,71.51111111111112,0.14,0.2916666666666667,40.87142857142857,14.755555555555553,3.2545454545454544,34.44444444444444,33.32000000000001,85.51,0.7000000000000001,6.8999999999999995,244.1272727272727,13.599999999999998,4.5,7.092857142857142,4.141666666666667,105.225,48.93333333333334,11.883333333333333,26.658333333333335,0.625,17.288888888888888,9.376923076923076,28.172727272727272,102.14,0.9333333333333331,96.83076923076925,4.777777777777778,138.33636363636361,7.527272727272726,5.92,1.5857142857142856,1.0,3.4,6.441273166075166,7.393822496592078,0.06992058987801011,0.13113721705515066,8.152435084206301,2.3297591673342075,1.320123961121558,3.328705120279923,3.399934639894649,9.474345477246557,0.30000000000000004,2.611034277829382,112.00548282034315,2.7139849457420144,1.1086437250491743,2.6455955518891816,1.067246527993955,33.08127437517658,20.745280587802778,4.059967159144682,7.447325124845263,0.3327375628243462,6.5098856450102955,1.4260398814863995,5.1986711588810675,7.562069087815112,0.25495097567963926,24.98050521958355,1.1432167093095011,10.212176332914817,1.1696930444273912,0.9413937657655385,1.1494862684341562,0.0,1.665618718160226,5.5,7.0,-0.2,0.1,-11.300000000000004,2.1000000000000014,-0.2999999999999998,6.0,-0.3999999999999986,-0.7999999999999972,0.30000000000000004,6.6000000000000005,272.40000000000003,-5.300000000000001,1.0000000000000004,2.799999999999999,-0.5,75.8,30.700000000000003,10.5,13.399999999999999,0.7,-5.3,-2.0999999999999996,-4.5,-13.299999999999997,0.5000000000000001,-5.699999999999989,-0.8999999999999999,-12.700000000000017,-1.5,-1.2999999999999998,1.8,0.0,0.5,365,35,45.0,8.353535325308336
1A40AF35-C6D4-4D46-B475-A15D84E8A9D5,5,2011-12-18 15:07:45.877,2011-12-27 22:31:55.597,9,2011,12,6,일,중기(8-14일),Male,1949-01-10 15:37:35.543,White,Married,English,11.25,77.1,70세~,Medium,M90.53,"Osteonecrosis in diseases classified elsewhere, forearm",1.0,1.0,0.0,2.0,0.0,1.0,1.0,0.0,1.0,0.0,0.0,3.0,0.0,1.0,1.0,0.0,1.0,3.0,1.0,0.0,0.0,0.0,0.0,1.0,2.0,2.0,1.0,1.0,0.0,1.0,0.0,0.0,1.0,0.0,3.0,25.56666666666667,72.0,0.0875,0.28750000000000003,42.24444444444444,14.1,3.9125000000000005,33.18571428571428,35.1875,85.88749999999999,0.5285714285714286,6.300000000000001,264.1875,14.285714285714286,4.9750000000000005,7.411111111111111,4.17,91.62857142857142,43.18749999999999,9.700000000000001,28.214285714285715,0.5666666666666667,20.514285714285712,9.333333333333334,25.33333333333333,99.88571428571427,0.8555555555555557,96.9125,4.375,141.1625,7.3,6.125,2.2222222222222223,1.0,3.2444444444444445,6.118619125260208,4.6805448400800485,0.06408699444616558,0.1457737973711325,7.371416266754835,2.6507860469428053,0.8305548919676704,3.4173228173667245,3.406060774560547,9.443885020780078,0.30937725468153876,3.8766701469910263,87.10391884738269,1.4241120876164342,1.0124228365658292,2.5433464394594596,0.8705681414391921,44.41650272461481,17.061689541191395,4.930179171862486,6.919640783409829,0.2872281323269014,6.672687757175657,1.8522058920829143,6.736665841992362,8.97114421751365,0.14240006242195888,23.087067344542238,0.8276472678623426,7.524804221468385,1.096965511460289,0.4803272693844121,0.8757536436946434,0.0,2.0341528403189812,4.300000000000001,9.099999999999994,0.0,-0.30000000000000004,-19.0,4.9,0.09999999999999964,5.700000000000003,-1.5,-10.400000000000006,0.9000000000000001,5.299999999999999,-52.400000000000006,1.3000000000000007,-1.4000000000000004,0.6000000000000005,1.1,-51.1,-26.199999999999996,1.0,-6.699999999999999,0.6000000000000001,9.1,-4.000000000000001,1.0,-0.29999999999999716,-0.09999999999999998,14.899999999999991,-1.0,22.19999999999999,-0.20000000000000018,0.10000000000000053,-1.2,0.0,-1.0999999999999996,276,35,29.0,7.691043672942562
DA6CECFF-DE13-4C4C-919F-64E1A2B76C9D,1,1950-12-19 08:27:52.013,1950-12-26 02:02:24.627,6,1950,12,1,화,단기(4-7일),Male,1924-06-27 19:37:58.823,Asian,Divorced,English,83.75,101.6,70세~,Very High,D13.1,Benign neoplasm of stomach,0.0,1.0,0.0,2.0,1.0,1.0,2.0,0.0,3.0,0.0,0.0,0.0,0.0,0.0,1.0,2.0,1.0,0.0,2.0,1.0,0.0,1.0,1.0,2.0,0.0,0.0,0.0,2.0,0.0,1.0,1.0,0.0,0.0,0.0,1.0,27.999999999999996,71.43333333333334,0.125,0.43333333333333335,42.120000000000005,14.0,3.383333333333333,31.22857142857143,33.839999999999996,91.88333333333333,0.55,5.65,264.9,12.819999999999999,3.9499999999999997,9.171428571428573,5.0,73.36000000000001,48.76666666666666,7.166666666666668,23.899999999999995,1.04,16.95,8.783333333333333,25.920000000000005,104.55,0.7999999999999999,92.65714285714286,4.975,141.22,7.633333333333334,5.983333333333334,1.8714285714285714,1.0,2.65,4.67618077780005,5.637611787509553,0.09574271077563382,0.17511900715418263,7.593879114128692,3.453500639447844,1.5367715076310684,4.93278632746047,5.588201857485105,7.175351327054769,0.34156502553198664,3.1817186131607134,0.4242640687118843,2.055966925804012,0.6379655163094633,2.7347847482110215,0.6033241251599343,36.537419175415216,29.22487524923474,3.3545988334424344,5.3317914437832234,0.11401754250991379,8.725995645197171,1.791554260039775,3.623120202256612,5.369450623667196,0.12649110640673514,22.63366645382177,0.25,9.538710604688665,1.6669333120034127,0.43550736694878844,0.9446591726019242,0.0,1.8490538120887665,-2.3999999999999986,9.300000000000011,-0.2,0.0,4.399999999999999,5.699999999999999,3.3999999999999995,6.199999999999999,-4.899999999999999,-7.800000000000011,-0.39999999999999997,-4.5,-0.5999999999999659,-3.6999999999999993,-1.5,-2.1999999999999993,-1.3000000000000007,-16.9,-37.4,-6.000000000000001,-1.0999999999999979,0.0,-13.500000000000002,-2.999999999999999,-3.3000000000000007,13.299999999999997,-0.20000000000000007,73.69999999999999,0.2999999999999998,-23.599999999999994,0.1999999999999993,0.7999999999999998,1.5,0.0,0.5,189,35,26.0,5.210359396669792
DA6CECFF-DE13-4C4C-919F-64E1A2B76C9D,2,1980-02-18 00:38:33.423,1980-02-25 01:30:17.310,7,1980,2,0,월,단기(4-7일),Male,1924-06-27 19:37:58.823,Asian,Divorced,English,83.75,101.6,70세~,Very High,M02.35,"Reiter's disease, hip",1.0,1.0,0.0,2.0,0.0,0.0,1.0,0.0,2.0,1.0,0.0,1.0,2.0,0.0,1.0,2.0,1.0,2.0,0.0,1.0,0.0,0.0,3.0,1.0,2.0,1.0,1.0,0.0,2.0,1.0,0.0,0.0,1.0,0.0,0.0,22.299999999999997,71.9375,0.05714285714285715,0.3,41.214285714285715,14.25,1.8714285714285719,30.22,33.0,88.0,0.5800000000000001,5.133333333333334,349.88571428571424,12.649999999999999,5.614285714285714,8.98,4.216666666666668,113.43333333333334,43.98,8.366666666666667,32.63333333333333,0.5499999999999999,22.785714285714285,9.657142857142857,26.483333333333334,106.39999999999999,0.875,112.58,4.628571428571428,141.44,8.316666666666668,6.3428571428571425,2.342857142857143,1.0,3.2428571428571433,6.2138554859282005,4.012102227724805,0.07867957924694433,0.15275252316519466,5.553806073744557,3.2210246816812815,1.1190982764623278,3.2568389582538457,4.446121905661158,9.791220557213489,0.3563705936241092,3.4378287721564416,106.72232550832446,2.043689474129245,1.1036735197037382,3.3469388999502216,0.9600347215943114,30.926407270594286,16.27504224264871,6.916887546673961,6.75178988614624,0.2664582518894846,6.280241123669421,1.5339025858434234,6.797769241940086,8.636666023414357,0.17525491637693283,10.501761756962495,1.0499433091271893,8.24457397322627,0.9579491983746663,0.797615493950861,0.8638231741453087,0.0,0.9589180410878759,-1.8000000000000007,2.0,-0.2,0.19999999999999998,3.200000000000003,1.1999999999999993,-2.2,-3.5,0.7000000000000028,0.7999999999999972,-0.20000000000000007,-5.6000000000000005,-27.399999999999977,1.3000000000000007,1.6000000000000005,2.4000000000000004,0.9000000000000004,73.7,22.400000000000002,2.6999999999999997,-4.0,0.19999999999999996,-0.5,-2.0999999999999996,-14.800000000000004,-14.5,0.0,-13.699999999999989,1.5,20.80000000000001,-0.40000000000000036,-1.0999999999999996,-1.7999999999999998,0.0,2.4,214,35,30.0,7.535753308418168
DA6CECFF-DE13-4C4C-919F-64E1A2B76C9D,3,2004-02-21 21:10:35.930,2004-03-09 18:32:58.217,16,2004,2,5,토,장기(15-30일),Male,1924-06-27 19:37:58.823,Asian,Divorced,English,83.75,101.6,70세~,Very High,C71.4,Malignant neoplasm of occipital lobe,3.0,3.0,0.0,3.0,2.0,1.0,0.0,2.0,0.0,3.0,0.0,1.0,3.0,2.0,3.0,2.0,3.0,2.0,2.0,1.0,1.0,2.0,1.0,0.0,1.0,1.0,1.0,1.0,2.0,3.0,3.0,2.0,0.0,0.0,4.0,24.12307692307692,70.71666666666668,0.09999999999999999,0.29166666666666663,42.79230769230769,14.738461538461538,2.5000000000000004,29.585714285714285,33.99090909090909,86.03846153846153,0.6749999999999999,5.366666666666667,337.65,12.781818181818181,5.114285714285715,8.507692307692308,4.13125,95.78461538461539,51.84166666666667,12.360000000000001,26.533333333333328,0.6538461538461539,17.261538461538468,9.292307692307695,26.0,104.01666666666667,0.8916666666666666,100.14999999999999,4.574999999999999,136.73636363636362,7.449999999999998,5.763636363636365,1.8399999999999999,1.0,2.9384615384615387,6.4993786685284825,6.58729263373233,0.07385489458759965,0.15642792899510297,7.482363879869062,2.52472389960383,1.24728276093045,5.008125266136887,2.841286520382816,11.0021617922372,0.30118812346154306,2.6282843810894563,78.63623895458808,2.059037727589362,1.4410771307266301,2.714302101357897,1.1181644184406274,32.377277169692285,16.18031679279338,3.20006944369094,7.324778559955306,0.36197464141240754,5.883669272024398,1.0641597142515298,5.228447825757341,5.783021125098308,0.197522534195852,23.26326751306908,0.9196096009621791,10.054279957040466,1.5067795510241755,1.0062531761666418,0.8745792639257398,0.0,1.9345707799313268,10.0,1.7999999999999972,0.1,0.09999999999999998,21.7,-5.199999999999999,-2.7,-1.7000000000000028,-2.1000000000000014,-26.900000000000006,-0.39999999999999997,-2.7,-72.60000000000002,5.0,0.20000000000000018,2.8000000000000007,-3.4,36.00000000000001,-20.39999999999999,5.199999999999999,-10.400000000000002,0.3,-3.5,2.200000000000001,9.2,6.0,0.20000000000000007,22.5,-0.20000000000000018,-18.39999999999999,-1.3999999999999995,0.7999999999999998,2.0,0.0,-0.6000000000000005,443,35,58.0,7.128050514378534
DA6CECFF-DE13-4C4C-919F-64E1A2B76C9D,4,2007-08-22 01:44:25.210,2007-09-04 09:53:45.340,13,2007,8,2,수,중기(8-14일),Male,1924-06-27 19:37:58.823,Asian,Divorced,English,83.75,101.6,70세~,Very High,Z22.31,Carrier of bacterial disease due to meningococci,2.0,1.0,0.0,2.0,0.0,0.0,2.0,2.0,2.0,2.0,0.0,1.0,1.0,2.0,0.0,0.0,1.0,3.0,3.0,2.0,2.0,1.0,0.0,1.0,2.0,3.0,1.0,1.0,1.0,1.0,0.0,2.0,2.0,0.0,0.0,23.176923076923078,71.86666666666666,0.15000000000000002,0.4230769230769231,42.38181818181818,15.038461538461544,3.685714285714286,31.40833333333333,34.96153846153846,84.81818181818181,0.5666666666666668,6.663636363636363,309.0,12.06153846153846,4.65,7.1000000000000005,4.172727272727273,117.42,48.93333333333333,11.961538461538462,25.925,0.6363636363636364,18.233333333333334,9.02,24.107692307692307,100.6909090909091,0.7272727272727273,108.55,4.791666666666667,143.64000000000001,7.410000000000001,5.754545454545454,1.6777777777777778,1.0,3.577777777777778,6.265268529248346,6.143289021363065,0.052704627669472995,0.13008872711759817,7.8420428692807045,2.214926056530429,1.2334620267477112,6.011422208570695,3.4451749983463498,7.528056612674772,0.3674234614174768,2.9743142830819775,81.69342418796971,2.1168130375395546,0.838318422663953,2.809076198843508,1.1296821757387423,34.991294155356215,19.619625301460193,4.16544084532447,9.971789754557149,0.3695205739136247,3.9968737783422683,1.5490498880137962,4.166425634054034,8.06516640193549,0.1618079669911781,24.16688505648449,0.8306167843381459,9.610434144430961,1.1069979423849186,0.823849059432171,1.2245180457814593,0.0,1.1605793572369123,-0.29999999999999716,8.799999999999997,-0.1,-0.09999999999999998,-5.600000000000001,-1.0,1.9,2.3999999999999986,2.299999999999997,7.099999999999994,0.0,3.4000000000000004,-103.70000000000002,-1.8000000000000007,-1.3000000000000003,0.7000000000000002,1.8000000000000003,88.79999999999998,2.0,10.2,3.8000000000000007,0.39999999999999997,0.3999999999999986,-1.7000000000000002,-5.400000000000002,17.0,0.4,-57.099999999999994,-1.0,16.799999999999997,-1.0,0.2999999999999998,-0.30000000000000004,0.0,0.7000000000000002,382,35,43.0,7.393610346709758
DA6CECFF-DE13-4C4C-919F-64E1A2B76C9D,5,2012-11-28 06:20:37.590,2012-12-09 05:30:51.537,10,2012,11,2,수,중기(8-14일),Male,1924-06-27 19:37:58.823,Asian,Divorced,English,83.75,101.6,70세~,Very High,C47.2,"Malignant neoplasm of peripheral nerves of lower limb, including hip",1.0,1.0,0.0,2.0,0.0,0.0,0.0,2.0,2.0,2.0,0.0,0.0,0.0,2.0,0.0,0.0,1.0,2.0,1.0,1.0,2.0,2.0,2.0,3.0,3.0,0.0,2.0,3.0,0.0,2.0,0.0,0.0,2.0,0.0,1.0,25.099999999999998,70.3,0.1,0.4111111111111111,44.7875,14.299999999999999,2.3111111111111113,32.73,35.166666666666664,88.6888888888889,0.7571428571428571,7.322222222222221,265.36,11.860000000000001,5.066666666666666,6.5,4.1,114.11428571428573,42.879999999999995,10.040000000000001,25.11,0.5,15.43333333333333,9.55,25.08888888888889,105.8875,0.8,90.62222222222222,4.185714285714285,140.97,6.987499999999999,5.975,2.65,1.0,2.0166666666666666,6.233320600954656,7.252979683255312,0.09428090415820634,0.13642254619787417,6.613284790048417,2.1940829519414256,0.9917717031207893,5.900856811608897,2.980771712157776,7.675194532460478,0.17182493859684492,1.6739009661400055,97.97242469184884,2.3777673935391115,0.9785192895390463,2.220923231451281,1.0111874208078342,27.302590144003343,15.497153860557034,3.891928970460678,10.536966672940872,0.38873012632302,7.189228053136164,1.7525491637693285,5.981940413537327,4.685368563029872,0.21794494717703372,26.20609555894286,0.5014265364224068,9.383561276094609,1.2788806489605336,0.9498120114753534,0.7910210399946931,0.0,1.053407170407847,8.3,-5.5,0.0,0.0,-1.1000000000000014,2.6999999999999993,1.1,-4.300000000000004,5.199999999999999,-6.099999999999994,0.20000000000000007,-2.700000000000001,-173.2,2.4000000000000004,-0.2999999999999998,2.200000000000001,1.2000000000000002,47.39999999999999,-11.799999999999997,4.799999999999999,14.799999999999997,-0.8999999999999999,0.20000000000000284,0.0,-9.2,-3.0,0.4,35.39999999999999,-1.1999999999999997,5.799999999999983,1.0,-1.7999999999999998,-1.2999999999999998,0.0,-1.7999999999999998,310,35,39.0,7.5453748378588505
0A9BA3E4-CF3C-49C4-9774-5EEA2EE7D123,1,2007-03-06 02:24:48.650,2007-03-23 12:59:03.110,17,2007,3,1,화,장기(15-30일),Male,1980-04-04 07:59:15.820,White,Single,Spanish,14.28,45.8,40대,Medium,F31.4,"Bipolar disorder, current episode depressed, severe, without psychotic features",0.0,1.0,0.0,4.0,0.0,2.0,0.0,0.0,5.0,3.0,0.0,0.0,2.0,2.0,2.0,1.0,1.0,1.0,1.0,4.0,4.0,2.0,2.0,1.0,1.0,3.0,1.0,1.0,1.0,3.0,1.0,3.0,2.0,0.0,4.0,24.326666666666664,69.58333333333334,0.12000000000000001,0.35000000000000003,43.88333333333333,14.843750000000004,3.4642857142857144,30.353333333333335,34.97857142857143,84.8076923076923,0.7666666666666669,6.34,321.1933333333333,13.05714285714286,4.9125,6.935714285714285,4.091666666666668,87.64615384615385,48.07142857142856,11.67333333333333,24.55,0.6933333333333332,17.45625,9.58,27.599999999999998,99.03333333333333,0.9099999999999999,88.86428571428573,5.191666666666667,142.67333333333332,7.442857142857143,6.358333333333332,2.161538461538462,1.0,3.5933333333333333,5.541333860396877,4.892077702001909,0.07745966692414834,0.16052797503622465,6.111811713742696,2.7222463150861276,1.2295134390088205,4.4147264381623375,4.176339687670675,8.487487018984826,0.24984843890695496,2.6494743413957202,92.28690873471449,2.2513976123268873,1.2821206391495823,2.389917006237517,0.8897990920665316,30.95455312186494,16.1602279387689,4.859227843813793,10.011992808627062,0.38815804341359034,7.65131524641352,1.446276006063257,5.3191960063383785,7.752418977325724,0.17288403306519923,19.795827343654523,0.5946096249310181,9.634570690017922,1.5113490080639296,0.8425700222677298,1.0836192916475644,0.0,1.6563585993147165,-8.900000000000002,-7.5,0.0,0.0,-0.5,3.0,1.2,-10.100000000000001,-1.3999999999999986,14.599999999999994,-0.10000000000000003,2.4000000000000004,40.80000000000001,3.3000000000000007,-2.4000000000000004,3.9000000000000004,-1.0,28.0,-6.5,-2.5,-1.9000000000000057,-0.6000000000000001,-18.2,-0.9000000000000004,-8.599999999999998,-6.900000000000006,0.20000000000000007,-13.5,-0.40000000000000036,-7.299999999999983,-0.3999999999999986,0.09999999999999964,-0.5,0.0,2.3000000000000003,483,35,58.0,7.418518408211545
0A9BA3E4-CF3C-49C4-9774-5EEA2EE7D123,2,2010-03-03 19:55:57.810,2010-03-21 03:41:00.950,17,2010,3,2,수,장기(15-30일),Male,1980-04-04 07:59:15.820,White,Single,Spanish,14.28,45.8,40대,Medium,K76.5,Hepatic veno-occlusive disease,3.0,2.0,0.0,0.0,0.0,2.0,2.0,1.0,0.0,0.0,1.0,3.0,4.0,3.0,0.0,3.0,2.0,1.0,5.0,0.0,5.0,0.0,2.0,1.0,0.0,1.0,2.0,1.0,3.0,2.0,0.0,7.0,1.0,0.0,2.0,23.193749999999998,70.87142857142858,0.12727272727272726,0.36666666666666664,44.43076923076923,14.199999999999996,2.59375,29.653846153846153,34.0,86.84,0.72,7.226666666666668,277.5,13.023076923076921,4.691666666666667,6.733333333333333,4.770000000000001,80.89230769230768,45.51428571428573,10.233333333333334,23.400000000000006,0.6461538461538461,18.56,9.647058823529411,25.19090909090909,103.63333333333333,0.9066666666666665,94.68333333333334,4.74375,139.7466666666667,7.4,5.78125,1.723076923076923,1.0,2.5,5.9093675634538085,6.6429174049021364,0.06466697906828633,0.12344267996967351,6.378399043566839,2.904938324072762,1.244973225950395,5.35562249488258,3.241741644377122,8.873706478505282,0.34682230938293795,3.029489977506036,119.06575429632925,2.8711652240144145,1.0130586748988823,3.106444913401814,1.0165846961490446,25.15026380042104,19.0422953182911,3.683460165100036,9.483670175622938,0.31784530990033666,6.393836317668983,1.409395990778862,4.468658533711106,6.5794906314772525,0.21865389045137937,21.76355725157136,0.9528684764086452,9.483810767126613,1.3506612137341156,1.0087740083884,1.0709449457946365,0.0,1.7320508075688772,2.3000000000000007,13.300000000000004,0.0,-0.3,6.700000000000003,0.0,-0.8,-10.0,-7.899999999999999,1.5,0.39999999999999997,9.8,58.0,0.09999999999999787,0.2999999999999998,2.0,-0.20000000000000018,-8.5,-56.599999999999994,2.3999999999999995,-7.699999999999999,-0.09999999999999998,12.5,0.29999999999999893,2.700000000000003,8.5,-0.10000000000000009,-39.400000000000006,0.5999999999999996,1.3000000000000114,-1.5999999999999996,-0.6000000000000005,-0.9,0.0,2.4999999999999996,475,35,59.0,8.151409529555629
7C788499-7798-484B-A027-9FCDC4C0DADB,1,1953-06-14 19:18:55.733,1953-07-03 23:58:55.237,19,1953,6,6,일,장기(15-30일),Male,1926-08-13 10:22:16.247,White,Married,English,11.89,99.5,70세~,Medium,O10.113,"Pre-existing hypertensive heart disease complicating pregnancy, third trimester",2.0,1.0,0.0,0.0,5.0,0.0,1.0,1.0,4.0,3.0,1.0,1.0,4.0,2.0,2.0,2.0,3.0,6.0,0.0,1.0,1.0,1.0,4.0,1.0,0.0,1.0,0.0,1.0,1.0,2.0,0.0,2.0,1.0,0.0,0.0,24.626666666666665,68.94,0.11000000000000001,0.4076923076923077,45.26,13.512499999999998,2.8333333333333335,31.000000000000004,32.923529411764704,86.65833333333335,0.6125,6.18125,247.3285714285714,12.886666666666667,5.845454545454545,7.35,4.4750000000000005,86.51428571428572,51.721428571428575,10.650000000000002,25.653333333333332,0.5125000000000001,18.299999999999997,9.086666666666666,26.75,103.33846153846154,0.9384615384615385,90.94666666666667,4.466666666666666,136.45714285714286,8.4,6.111764705882353,1.7571428571428573,1.0,3.414285714285714,6.091148925949457,4.6836798719444,0.07378647873726218,0.08623164985025764,7.830508102470563,2.3222141527922378,1.3711309200802089,4.8615373550498875,3.648549268504659,9.965892591811087,0.2704933763822447,2.6581243387020104,98.51872472215177,2.433359425822272,0.7878624706935042,2.9010534485098876,0.9799118698777318,41.70725554187383,16.5460745319723,3.845226811355766,8.724912334120912,0.3518996068956789,9.081207702356187,1.2466335620763778,4.5528213031242295,7.511495463791757,0.18501559185854918,19.21747220878017,0.9008413575736581,8.749304524951091,0.7699721701835351,0.9068367775826423,0.9637381432688076,0.0,1.5501152030920613,-9.3,3.5999999999999943,0.0,-0.09999999999999998,-11.5,-2.5,-3.4,9.400000000000002,-1.0,16.0,-0.40000000000000013,-1.6000000000000005,119.60000000000002,-1.0999999999999996,-0.2999999999999998,-4.699999999999999,-0.6000000000000005,99.6,10.499999999999993,9.399999999999999,7.600000000000001,0.0,14.3,-0.6999999999999993,2.6999999999999993,-16.599999999999994,-0.09999999999999998,0.7999999999999972,1.6999999999999997,2.499999999999986,-0.7999999999999998,-0.1999999999999993,-1.4,0.0,1.3000000000000003,481,35,54.0,7.894143765833913
7C788499-7798-484B-A027-9FCDC4C0DADB,2,2003-09-25 19:24:39.883,2003-10-12 15:34:00.100,16,2003,9,3,목,장기(15-30일),Male,1926-08-13 10:22:16.247,White,Married,English,11.89,99.5,70세~,Medium,E09.649,Drug or chemical induced diabetes mellitus with hypoglycemia without coma,1.0,1.0,0.0,4.0,1.0,2.0,1.0,2.0,1.0,1.0,0.0,3.0,1.0,0.0,0.0,0.0,2.0,1.0,2.0,0.0,0.0,0.0,1.0,1.0,2.0,2.0,2.0,4.0,1.0,5.0,1.0,4.0,3.0,0.0,1.0,26.092307692307692,72.05,0.12307692307692308,0.38461538461538464,40.519999999999996,13.385714285714286,2.378571428571429,29.218181818181815,32.5,81.76666666666667,0.6000000000000001,6.3076923076923075,290.3076923076923,13.215384615384616,4.971428571428571,6.558333333333334,4.009090909090909,80.95833333333333,52.24545454545454,9.239999999999998,28.199999999999996,0.60625,20.284615384615385,9.366666666666667,27.04166666666666,105.62000000000002,0.9083333333333333,101.05833333333334,4.585714285714287,140.00000000000003,7.766666666666667,6.063636363636363,1.7249999999999999,1.0,4.075,6.763931492170011,5.3316379881199385,0.07250110520819843,0.17246329970051524,7.3260266629781405,2.877193382142006,1.0511375313868827,5.0043617338913835,3.732656865119974,6.397063720366103,0.260768096208106,3.493437070293748,84.73823872705934,1.530711247452283,0.9177133551375407,2.107759833366106,1.0958599777841562,25.121720349795577,15.721537051851106,4.234566749450947,8.032537996590284,0.26449637678677823,6.769520681437517,1.5446878668716881,5.835854433559576,6.646395371069303,0.22746961169005467,29.021730364217316,0.9929421261755721,12.597546658702305,1.4390803941935908,1.0307984548617903,1.1426643506217466,0.0,1.5615406145563717,3.200000000000001,16.4,0.0,-0.4,8.899999999999999,-0.9000000000000004,1.4,2.799999999999997,0.5999999999999943,-4.5,-0.10000000000000003,3.8,-251.89999999999998,-3.5,1.4000000000000004,0.5,0.8000000000000003,22.700000000000003,9.899999999999999,-2.5,5.800000000000001,0.30000000000000004,-17.9,1.7000000000000002,5.0,-5.900000000000006,-0.10000000000000009,-4.800000000000011,0.0,2.0999999999999943,1.5999999999999996,-0.7000000000000002,-0.7000000000000002,0.0,0.7000000000000002,438,35,50.0,7.287387186880456
7C788499-7798-484B-A027-9FCDC4C0DADB,3,2008-08-17 00:44:16.073,2008-08-19 10:51:24.287,2,2008,8,6,일,초단기(~3일),Male,1926-08-13 10:22:16.247,White,Married,English,11.89,99.5,70세~,Medium,D37.1,Neoplasm of uncertain behavior of stomach,0.0,0.0,0.0,0.0,0.0,,0.0,0.0,0.0,0.0,0.0,0.0,,,1.0,1.0,0.0,1.0,1.0,1.0,0.0,2.0,1.0,1.0,,0.0,0.0,0.0,,0.0,0.0,1.0,0.0,0.0,0.0,25.366666666666664,63.35,0.03333333333333333,0.4,39.73333333333333,,1.9,29.4,31.849999999999998,92.35,0.6,6.1,,,3.45,7.6000000000000005,5.133333333333333,69.56666666666666,36.06666666666667,7.0,28.9,1.2,27.95,7.2,,109.3,0.7666666666666666,99.46666666666665,,133.25,7.2,4.75,1.4,1.0,2.533333333333333,4.970244796117524,2.192031021678303,0.05773502691896258,0.14142135623730953,7.811743296686939,,1.2727922061357855,0.5656854249492398,1.3435028842544392,7.000357133746809,0.42426406871192857,,,,0.4949747468305829,3.9849717690342548,0.5686240703077325,20.23890642631991,23.09487677675145,4.949747468305833,10.74802307403552,0.0,2.899137802864846,,,,0.20816659994661327,20.024068850594112,,3.74766594028871,0.4242640687119283,0.21213203435596475,0.7071067811865475,,1.274100990241093,7.5,-3.1000000000000085,0.0,-0.2,-12.600000000000001,,1.7999999999999998,0.8000000000000007,1.8999999999999986,-9.899999999999991,-0.6000000000000001,0.0,,,0.6999999999999997,-7.0,-0.2999999999999998,33.0,34.6,7.0,-15.2,0.0,4.100000000000001,0.0,,0.0,-0.09999999999999998,-40.0,,-5.300000000000011,-0.5999999999999996,0.3000000000000007,0.9999999999999999,0.0,-2.1,66,30,10.0,4.590636331354321
C54B5AAD-98E8-472D-BAA0-638D9F3BD024,1,1994-09-02 23:34:00.473,1994-09-12 10:08:13.437,9,1994,9,4,금,중기(8-14일),Female,1972-11-13 22:50:43.600,African American,Single,Unknown,94.0,53.2,50대,Very High,N49.2,Inflammatory disorders of scrotum,0.0,1.0,0.0,3.0,0.0,3.0,0.0,1.0,0.0,2.0,3.0,0.0,4.0,1.0,2.0,1.0,2.0,1.0,0.0,1.0,2.0,1.0,1.0,0.0,1.0,0.0,2.0,1.0,2.0,0.0,1.0,0.0,0.0,0.0,3.0,23.1375,69.14285714285714,0.1142857142857143,0.4111111111111111,39.733333333333334,14.287500000000001,3.425,31.188888888888894,33.028571428571425,84.02857142857144,0.6111111111111112,7.325,247.5777777777778,11.542857142857144,4.975,7.711111111111112,3.9111111111111105,97.46666666666667,52.285714285714285,11.733333333333334,24.866666666666664,0.7875,15.166666666666666,9.27142857142857,29.23333333333333,105.19999999999999,0.9,106.3888888888889,4.4875,142.79999999999998,8.342857142857143,5.9875,2.075,1.0,2.7600000000000002,4.963851471244022,7.058530806255445,0.06900655593423542,0.17638342073763938,5.882403137040737,3.293472982387176,0.8697290218387399,4.327656538025068,3.026391848232415,10.54967839726474,0.3822448313726572,2.063111381246435,123.00850354526082,1.442055411391604,1.2349089035228469,2.4715604607435995,1.193151755273029,37.06521280122374,12.51071921346232,4.436778110295803,10.429645248041757,0.26423744732991306,6.812305043081967,0.9340133577101304,4.461782155148321,5.487648468541485,0.232992949004287,23.17263712034327,1.0091545258992087,6.459102104782056,1.2660399452059734,0.4882549100038389,0.7459413994601529,0.0,2.006212573205763,-1.0999999999999979,4.299999999999997,0.1,0.0,3.8000000000000043,4.599999999999998,-0.19999999999999973,-4.900000000000002,3.900000000000002,-11.0,-0.7,-0.7999999999999998,58.900000000000006,0.0,2.0999999999999996,5.300000000000001,0.20000000000000018,85.89999999999999,14.899999999999991,1.9000000000000004,2.5,0.09999999999999998,-7.200000000000001,1.0999999999999996,-6.5,-4.5,0.0,-30.5,1.8999999999999995,2.4000000000000057,1.7000000000000002,1.2000000000000002,-1.2999999999999998,0.0,-3.0,282,35,39.0,8.279866224014606
C54B5AAD-98E8-472D-BAA0-638D9F3BD024,2,2010-03-26 18:58:41.957,2010-04-07 14:30:35.180,11,2010,3,4,금,중기(8-14일),Female,1972-11-13 22:50:43.600,African American,Single,Unknown,94.0,53.2,50대,Very High,I15.2,Hypertension secondary to endocrine disorders,3.0,0.0,0.0,3.0,2.0,2.0,0.0,0.0,1.0,1.0,0.0,2.0,1.0,2.0,1.0,1.0,3.0,2.0,0.0,1.0,1.0,0.0,1.0,2.0,1.0,0.0,1.0,1.0,2.0,2.0,3.0,1.0,1.0,0.0,1.0,22.72222222222222,68.02499999999999,0.11249999999999999,0.325,44.26,16.7,2.544444444444444,27.512499999999996,33.82857142857143,85.8090909090909,0.6000000000000001,8.81111111111111,302.52500000000003,13.987500000000002,5.725,6.488888888888888,4.7444444444444445,86.58000000000001,33.58571428571428,10.912499999999998,26.9,0.5857142857142856,23.16666666666667,9.088888888888889,24.177777777777777,104.28750000000001,0.7857142857142858,106.94444444444446,4.75,139.24999999999997,7.7700000000000005,6.0125,1.3499999999999999,1.0,2.833333333333334,6.546330609161474,5.085764445980561,0.08345229603962802,0.18322507626258086,7.237433553715324,1.4914571547464721,1.2156388352540313,3.1082551375329532,3.8143213838175227,8.505581055454657,0.282842712474619,2.426130893235382,91.2240374024303,2.3594415198758973,0.9452890714334048,2.9822158055900494,1.2885176668473652,33.684774008444826,12.746428071088332,4.490764332016799,8.062946800711954,0.31847852585154224,5.517487350838846,1.769494591998266,5.284358470471553,5.067103286325012,0.23401261667248793,22.5373085744012,0.8996913050843856,9.339505534896574,1.6826236127613987,0.9171968163922073,0.9311283477587824,0.0,1.7521415467935233,15.799999999999997,12.599999999999994,0.1,0.09999999999999998,-5.0,2.799999999999999,0.0,1.8000000000000007,6.800000000000004,-8.700000000000003,0.5000000000000001,-0.9000000000000004,-154.0,4.300000000000001,-1.9000000000000004,-3.8999999999999995,-0.09999999999999964,50.800000000000004,8.700000000000003,6.700000000000001,12.2,-0.6,7.5,-3.700000000000001,6.400000000000002,-5.200000000000003,-0.19999999999999996,-8.700000000000017,2.0000000000000004,-12.5,-2.3,0.8999999999999995,0.6,0.0,-3.1000000000000005,302,35,42.0,7.25758224035314
6985D824-3269-4D12-A9DD-B932D640E26E,1,1990-11-11 23:29:02.147,1990-11-20 04:47:55.053,8,1990,11,6,일,중기(8-14일),Female,1967-10-27 03:58:29.027,White,Married,English,12.01,58.3,50대,Medium,I25.82,Chronic total occlusion of coronary artery,0.0,1.0,0.0,3.0,1.0,0.0,0.0,2.0,0.0,1.0,0.0,1.0,0.0,1.0,1.0,2.0,1.0,2.0,0.0,0.0,1.0,0.0,0.0,1.0,0.0,1.0,0.0,0.0,0.0,0.0,1.0,0.0,0.0,0.0,0.0,25.166666666666668,70.71428571428572,0.16666666666666666,0.43333333333333335,43.114285714285714,14.471428571428572,2.085714285714286,32.61666666666667,35.56,85.86666666666666,0.5714285714285714,3.0999999999999996,214.08,12.440000000000001,5.175,6.685714285714285,4.0600000000000005,105.10000000000001,64.26,10.171428571428569,23.266666666666666,0.9199999999999999,15.5,9.566666666666666,28.5,98.65,0.9142857142857143,99.14999999999999,4.36,133.74285714285713,6.95,6.0,1.942857142857143,1.0,3.0500000000000003,5.141076411284574,7.435372344729074,0.0816496580927726,0.19663841605003501,7.762179369959738,2.1210958533379904,1.1081945849422106,5.742966713003539,2.025586334867016,9.318726665519634,0.3039423504234847,2.8837475617674997,73.80777059361706,2.66608326951729,1.3225606476327156,2.684789607789638,1.5533834040570924,34.24996350363019,2.4975988468927484,4.858571218549161,11.077123573684041,0.24899799195977468,8.454584555139302,1.66332999331662,4.722287581247038,7.622116941287818,0.12149857925879115,17.44066130244684,0.6767569726275454,5.956189257922429,1.4479871085982317,0.7456540752922899,0.8403514004215594,0.0,1.6146206984923734,0.8999999999999986,-8.700000000000003,0.0,-0.2,6.599999999999994,3.3000000000000007,-0.8999999999999999,-6.5,3.799999999999997,19.10000000000001,-0.5,-0.30000000000000027,148.70000000000002,-2.6000000000000014,-0.7999999999999998,3.1,0.10000000000000009,-69.0,0.8999999999999986,10.1,-17.8,0.0,1.0,-3.0999999999999996,-8.399999999999999,-10.200000000000003,-0.30000000000000004,6.200000000000003,-0.6000000000000005,8.199999999999989,3.3999999999999995,-0.8999999999999995,0.6000000000000001,0.0,1.0999999999999996,204,35,20.0,6.582687353924517
6985D824-3269-4D12-A9DD-B932D640E26E,2,2012-11-28 00:05:25.923,2012-12-09 01:21:28.267,11,2012,11,2,수,중기(8-14일),Female,1967-10-27 03:58:29.027,White,Married,English,12.01,58.3,50대,Medium,M26.6,Temporomandibular joint disorders,0.0,2.0,0.0,4.0,0.0,3.0,2.0,1.0,2.0,1.0,0.0,1.0,1.0,1.0,0.0,0.0,1.0,1.0,1.0,0.0,1.0,0.0,2.0,1.0,0.0,1.0,1.0,0.0,3.0,3.0,1.0,1.0,3.0,0.0,2.0,21.2,70.76666666666667,0.1,0.288888888888889,38.74,13.941666666666668,2.9375,30.119999999999994,31.791666666666668,82.53750000000001,0.525,5.085714285714286,256.85555555555555,13.38888888888889,5.185714285714285,6.199999999999999,4.427272727272727,108.21111111111111,58.01428571428572,12.299999999999999,23.511111111111113,0.7000000000000001,16.299999999999997,9.391666666666667,26.99,101.44444444444444,0.8666666666666667,85.75,3.9444444444444446,145.43,8.144444444444444,5.957142857142856,1.8454545454545455,1.0,2.8111111111111113,6.856019253181834,5.84358622765165,0.07745966692414834,0.1964971020425266,6.260848362819708,2.7949494493178992,1.5380298157986774,5.656618542321311,3.6362964008935674,5.71262699139872,0.3105295017040594,3.3298791626867246,73.78543404885397,2.3475755815545347,1.1596386957849865,1.8708286933869709,0.847456086285194,35.06377919037124,15.848914639119464,4.31663449151458,7.827905921197003,0.28784916685156975,7.438339121664788,1.2339576634356286,4.443334583645736,7.076742031314815,0.18708286933869703,20.407841630118558,0.8733715004382601,9.131392737875931,1.2042747933000082,0.9641181512261916,1.0792253113818602,0.0,1.7244161652893164,-2.5,4.300000000000011,0.1,-0.4,-1.8000000000000043,-0.4999999999999982,-0.8999999999999999,-7.600000000000001,1.0999999999999979,-10.900000000000006,-0.09999999999999998,5.1000000000000005,144.7,-0.5,2.0999999999999996,-1.8999999999999995,-1.2999999999999998,19.5,14.5,-3.799999999999999,11.299999999999997,0.09999999999999998,9.0,-2.4000000000000004,-6.0,8.099999999999994,-0.19999999999999996,7.0,-0.6000000000000001,4.0,0.0,1.8000000000000007,0.0,0.0,5.2,317,35,40.0,6.895241530019717
D8B53AA2-7953-4477-9EA4-68400EBAAC5C,1,1973-11-09 10:52:09.587,1973-11-24 09:13:33.200,14,1973,11,4,금,중기(8-14일),Male,1951-06-11 20:11:10.003,African American,Unknown,English,16.89,74.6,70세~,Medium,C51.2,Malignant neoplasm of clitoris,1.0,1.0,0.0,2.0,0.0,3.0,0.0,0.0,1.0,3.0,0.0,0.0,0.0,3.0,2.0,2.0,2.0,1.0,4.0,1.0,3.0,0.0,1.0,1.0,1.0,2.0,0.0,0.0,1.0,0.0,3.0,0.0,0.0,0.0,4.0,23.861538461538462,71.07000000000001,0.1,0.3272727272727272,44.07142857142857,14.533333333333333,2.666666666666666,30.71666666666667,33.25,87.78999999999999,0.6714285714285715,5.790000000000001,318.3888888888889,14.485714285714286,5.085714285714286,7.3,4.230769230769231,107.23636363636363,47.41428571428572,9.107692307692307,23.27,0.8636363636363636,18.36363636363636,9.009090909090908,24.424999999999997,103.12727272727274,0.9500000000000001,113.91999999999999,4.763636363636364,136.15,7.516666666666667,5.78,1.8699999999999999,1.0,2.2333333333333334,5.439904788005401,6.437744601609758,0.0632455532033676,0.1555050423035156,5.289522437710953,2.7337398071750236,1.0416333327999827,5.160837376263897,3.646132980883404,10.640744543707665,0.3498298906339371,2.3421025691554256,80.17476916780684,2.1230809045989107,1.4048581329181868,3.1846855766656494,0.958631503224445,31.949938113469727,19.310294470242354,4.391366821856557,8.24810415927334,0.26560394301563856,7.223887142982334,1.1013215202242668,4.881963890543583,6.285871603698396,0.178376517003169,19.17821680970366,0.6960929927426758,5.547562937493773,1.6441816606851365,0.623253114267746,0.6129165250396391,0.0,1.796629841642064,-12.899999999999999,-8.400000000000006,0.0,-0.10000000000000003,-2.3999999999999986,6.200000000000001,1.7999999999999998,-0.29999999999999716,3.6999999999999957,-19.39999999999999,0.7,-3.7,-99.39999999999998,-0.9000000000000004,-3.3,-2.8999999999999995,-2.8,-57.10000000000001,-8.800000000000004,-5.6,14.4,0.30000000000000004,5.0,1.5000000000000009,1.1000000000000014,-4.3999999999999915,0.0,-8.799999999999997,0.9000000000000004,3.0999999999999943,-0.5999999999999996,0.40000000000000036,-1.0,0.0,-1.7000000000000002,380,35,42.0,7.002358579215727
D8B53AA2-7953-4477-9EA4-68400EBAAC5C,2,1988-09-09 13:00:15.817,1988-09-28 09:19:10.673,18,1988,9,4,금,장기(15-30일),Male,1951-06-11 20:11:10.003,African American,Unknown,English,16.89,74.6,70세~,Medium,C40.11,Malignant neoplasm of short bones of right upper limb,2.0,2.0,0.0,2.0,2.0,1.0,4.0,2.0,1.0,1.0,0.0,0.0,1.0,3.0,2.0,2.0,2.0,2.0,1.0,3.0,1.0,1.0,3.0,3.0,4.0,1.0,0.0,2.0,2.0,2.0,3.0,1.0,2.0,0.0,0.0,23.927272727272733,69.79375,0.11176470588235295,0.34375,41.826666666666675,14.573333333333334,2.6388888888888884,30.913333333333338,33.99333333333333,88.25999999999999,0.6214285714285713,6.207142857142857,289.3692307692308,14.293750000000001,5.48,6.478571428571429,4.0357142857142865,94.0090909090909,41.70000000000001,10.321428571428571,26.254545454545454,0.62,14.671428571428574,9.52,27.35,100.2,0.85,116.32307692307693,4.307142857142857,140.55624999999998,7.840000000000001,5.733333333333333,1.830769230769231,1.0,2.807142857142857,6.309372537596889,6.000718706955028,0.08574929257125442,0.14127396551853894,7.8787659173853095,2.9224419013329714,1.5220492721748875,4.900709375279499,3.143125529665988,6.530475565463137,0.286030045298019,2.596881054032165,107.29090039557087,2.2242508101980465,1.2428078807971201,2.391709582134655,1.1112066503491689,41.50502269714966,16.534941358054034,4.4701021450089025,8.010288838283378,0.31892677171144745,8.018385466819707,1.6840427548016705,6.1336085501239666,7.316249038954317,0.18292495308606332,17.81849010841237,0.7162555256484784,9.935187886161657,1.4515016854475724,0.6204836822995426,1.052286886883844,0.0,1.8205934306045488,-18.7,3.6000000000000085,0.2,0.19999999999999998,-2.6999999999999957,4.599999999999998,-0.5999999999999999,7.5,1.8000000000000007,6.599999999999994,-0.6000000000000001,0.10000000000000009,72.39999999999998,-3.1999999999999993,0.20000000000000018,2.6000000000000005,-1.2999999999999998,99.3,6.0,-3.0999999999999996,4.800000000000001,0.4,3.0999999999999996,-2.3000000000000007,17.2,5.799999999999997,0.40000000000000013,28.80000000000001,-0.8999999999999995,-12.700000000000017,0.6000000000000005,1.8000000000000007,-0.10000000000000009,0.0,2.5999999999999996,486,35,58.0,8.119078864622136
D8B53AA2-7953-4477-9EA4-68400EBAAC5C,3,1997-06-05 04:11:30.533,1997-06-21 12:18:07.373,16,1997,6,3,목,장기(15-30일),Male,1951-06-11 20:11:10.003,African American,Unknown,English,16.89,74.6,70세~,Medium,E08.42,Diabetes mellitus due to underlying condition with diabetic polyneuropathy,1.0,2.0,0.0,1.0,2.0,3.0,3.0,4.0,0.0,0.0,2.0,2.0,3.0,3.0,2.0,1.0,1.0,1.0,0.0,2.0,1.0,2.0,1.0,0.0,0.0,0.0,2.0,0.0,0.0,1.0,2.0,2.0,0.0,0.0,3.0,24.661538461538463,71.42307692307692,0.125,0.35384615384615387,44.00714285714286,13.46923076923077,2.515384615384615,27.799999999999997,33.14545454545454,85.54545454545455,0.5818181818181818,5.3428571428571425,260.9642857142857,13.623076923076923,5.5555555555555545,7.761538461538462,4.4,101.88000000000001,49.82500000000001,11.711111111111114,23.166666666666668,0.30000000000000004,20.89230769230769,10.008333333333333,24.78,102.68333333333334,0.8416666666666668,103.1625,4.533333333333333,141.5,7.853333333333334,5.95625,1.4833333333333336,1.0,3.3000000000000003,6.509165136116212,6.580039747366507,0.062158156050806115,0.13301243435223525,6.464157305506237,2.979760788884631,1.5582287775153312,5.937291349717357,3.899580397007771,7.519888780608875,0.3400534717310847,2.67918308034781,100.69855706813479,2.259481447203408,1.1980307916651296,2.642769526317187,0.7968688725254615,34.871089585627935,18.18333224215439,4.4354944607237545,7.286974680894673,0.2645751311064591,7.064991335033792,1.2086493839543928,5.421930775409563,7.322681658154113,0.23143164446679731,19.28655619855447,0.8835191342614267,10.099339912423314,1.5601587220841469,0.8189169677079601,0.9952919474234987,0.0,1.7364862842489182,-14.700000000000003,-3.8999999999999915,0.1,-0.09999999999999998,6.600000000000001,-0.8000000000000007,0.5000000000000004,-12.400000000000002,-2.1000000000000014,-10.400000000000006,-0.09999999999999998,2.4,15.0,0.3999999999999986,-0.6999999999999993,6.1,0.40000000000000036,43.0,-8.600000000000001,-8.099999999999998,-3.3000000000000007,-0.20000000000000007,4.700000000000003,-1.3000000000000007,9.8,-1.7999999999999972,0.4,15.799999999999997,-0.40000000000000036,15.799999999999983,-1.9999999999999991,1.4000000000000004,-0.8999999999999999,0.0,-2.1,401,35,47.0,7.826561348436584
D8B53AA2-7953-4477-9EA4-68400EBAAC5C,4,2000-07-29 18:37:29.220,2000-08-15 02:45:51.030,16,2000,7,5,토,장기(15-30일),Male,1951-06-11 20:11:10.003,African American,Unknown,English,16.89,74.6,70세~,Medium,E08.32,Diabetes mellitus due to underlying condition with mild nonproliferative diabetic retinopathy,2.0,3.0,0.0,2.0,4.0,2.0,1.0,3.0,4.0,2.0,2.0,0.0,0.0,1.0,1.0,0.0,2.0,0.0,2.0,2.0,2.0,2.0,3.0,2.0,1.0,0.0,1.0,1.0,2.0,1.0,3.0,0.0,0.0,0.0,3.0,26.200000000000003,70.35,0.05454545454545454,0.36,42.272727272727266,12.849999999999998,2.125,33.00833333333333,33.57142857142857,84.02142857142857,0.6230769230769229,5.70909090909091,284.37142857142857,12.7125,4.569230769230769,7.241666666666667,4.114285714285715,102.89166666666667,50.67999999999999,10.014285714285714,31.033333333333335,0.7583333333333334,15.113333333333335,8.935714285714287,24.5,101.92857142857142,0.8636363636363636,96.7090909090909,4.307692307692308,141.98571428571427,6.938461538461538,6.200000000000002,1.9000000000000004,1.0,2.5714285714285716,5.677881060160853,6.406743606260803,0.06875516509523287,0.17126976771553507,8.935445250136214,2.222870631897827,1.2505453355890925,5.496520938215591,4.112350735458804,7.477368785611952,0.29198700357449175,2.999818176308206,78.32640215613937,2.2159648011644943,1.0757823628911625,1.8367255118989896,0.9477561702472628,29.195810980136834,16.650178510888235,4.91995264874918,9.221171292194937,0.3704010930018562,8.708769526555784,1.1862073647081746,4.4418464629025625,4.3607389231693245,0.22033033051637385,24.119015508326804,0.9525942984481366,9.148337986327787,1.4332587935298946,0.833393937190243,0.8768630958643937,0.0,1.6638364247580493,-6.100000000000001,11.700000000000003,0.0,-0.3,10.899999999999999,0.7000000000000011,1.0,4.5,-9.600000000000001,-14.299999999999997,-0.30000000000000004,0.7999999999999998,0.39999999999997726,2.0999999999999996,0.2999999999999998,-0.1999999999999993,-0.10000000000000009,-42.99999999999999,-43.8,10.400000000000002,-1.8999999999999986,0.3,-2.1000000000000005,0.9000000000000004,-5.0,7.0,-0.10000000000000009,-33.69999999999999,1.2000000000000002,-14.699999999999989,-2.3999999999999995,0.6000000000000005,0.6999999999999997,0.0,-1.9,434,35,54.0,7.08048270387527
D8B53AA2-7953-4477-9EA4-68400EBAAC5C,5,2012-02-07 00:47:47.213,2012-02-19 09:00:11.643,12,2012,2,1,화,중기(8-14일),Male,1951-06-11 20:11:10.003,African American,Unknown,English,16.89,74.6,70세~,Medium,M11.052,"Hydroxyapatite deposition disease, left hip",1.0,1.0,0.0,4.0,1.0,3.0,2.0,1.0,2.0,3.0,3.0,2.0,2.0,2.0,2.0,0.0,0.0,3.0,0.0,1.0,1.0,2.0,0.0,1.0,1.0,0.0,1.0,5.0,1.0,1.0,2.0,3.0,0.0,0.0,1.0,26.3,70.75,0.08333333333333333,0.2833333333333333,45.28888888888889,14.222222222222221,3.245454545454545,32.954545454545446,34.620000000000005,82.38888888888889,0.4454545454545454,6.754545454545456,260.53636363636366,12.566666666666668,4.449999999999999,8.08,4.344444444444445,72.55454545454545,47.04,9.6,29.28,0.48,17.48,10.08,31.1,102.69999999999999,0.9125000000000001,107.74000000000001,4.344444444444445,141.25555555555553,8.51,5.790909090909091,2.01,1.0,2.8299999999999996,5.967132197854063,5.803447251418772,0.09831920802501751,0.15275252316519466,7.413238908271547,3.0392341871669655,1.2516897669659497,5.331109384802313,3.839791661014953,10.463919490855758,0.29787123514578023,3.3320755202616987,99.80059391333572,2.0821026668134106,1.3276964177769623,1.5640403518522863,0.6502136401043722,33.44922610872675,12.118782483768282,3.6878177829171555,9.633137252906414,0.3938414796731181,6.27230243035026,1.4695426348206286,2.7928480087537877,6.7252190617534096,0.18850918886280926,31.652951415836935,1.0345423035225663,9.96620678983624,1.2810152223919902,0.8455229688832177,0.9279008567729637,0.0,1.5734251385644844,-2.0,5.099999999999994,0.1,0.2,-1.6999999999999957,0.09999999999999964,1.3000000000000003,2.6000000000000014,5.600000000000001,-26.099999999999994,0.0,-3.5999999999999996,-9.599999999999966,1.4000000000000004,3.9000000000000004,0.09999999999999964,1.1000000000000005,12.999999999999993,-6.0,-5.100000000000001,-21.9,-0.2,19.1,-1.0,1.0,3.6999999999999886,-0.19999999999999996,-72.5,0.0,-1.6999999999999886,0.20000000000000107,-0.6000000000000005,-0.3999999999999999,0.0,-1.9,341,35,52.0,7.897943412947765
DB92CDC6-FA9B-4492-BC2C-0C588AD78956,1,1997-06-05 06:48:53.927,1997-06-14 21:35:34.520,9,1997,6,3,목,중기(8-14일),Male,1977-06-30 01:46:05.467,Unknown,Single,Icelandic,1.7,48.6,40대,Low,H75.01,"Mastoiditis in infectious and parasitic diseases classified elsewhere, right ear",1.0,1.0,0.0,0.0,0.0,1.0,0.0,1.0,2.0,1.0,1.0,1.0,0.0,0.0,1.0,0.0,3.0,0.0,1.0,1.0,1.0,0.0,1.0,0.0,0.0,3.0,3.0,2.0,0.0,0.0,1.0,0.0,0.0,0.0,2.0,27.071428571428573,68.01249999999999,0.11666666666666665,0.3555555555555555,43.75,14.600000000000001,2.66,29.911111111111115,34.1375,81.84285714285716,0.35000000000000003,5.7299999999999995,262.25,13.685714285714287,4.65,7.722222222222222,4.622222222222223,104.06000000000002,40.612500000000004,9.8375,31.04285714285714,0.6199999999999999,15.2625,10.025,28.862499999999997,103.10000000000001,0.8666666666666668,88.775,4.233333333333333,135.60000000000002,7.12,5.944444444444445,1.8625,1.0,3.9222222222222225,6.074184248581392,5.184162006948249,0.07527726527090811,0.13333333333333333,5.379591062525106,2.6471682983898095,1.0167486305758064,4.695328647827659,4.185327261483179,8.962116034147504,0.23804761428476168,3.2166407598265896,78.50184074274948,1.7534999015574266,1.0596495377515827,2.46615985784467,1.1648795836671033,29.596756579057786,18.43145118695603,5.087782986162609,6.853431535334968,0.363318042491699,8.218782930406597,0.844731571904015,4.022414875242412,9.179052238657324,0.30110906108363245,33.02750116695681,0.6022181221672647,8.90084265673761,2.0608250774871695,0.7715424666068471,1.016910587444709,0.0,1.6467982403574655,3.1000000000000014,-0.6999999999999886,0.0,0.09999999999999998,4.600000000000001,5.1,-0.6000000000000001,2.5,-3.5,-22.799999999999997,-0.5,7.5,37.0,4.1,-2.0,3.1999999999999993,-2.5999999999999996,46.60000000000001,11.499999999999996,12.5,-10.0,0.0,7.100000000000001,-0.5,3.8000000000000043,2.0999999999999943,0.4,-63.900000000000006,0.5,-15.299999999999983,-3.8999999999999995,-1.0,-2.2,0.0,1.4000000000000004,263,35,28.0,7.3622692603376985
DB92CDC6-FA9B-4492-BC2C-0C588AD78956,2,2007-09-10 02:39:23.393,2007-09-14 01:33:39.953,3,2007,9,0,월,초단기(~3일),Male,1977-06-30 01:46:05.467,Unknown,Single,Icelandic,1.7,48.6,40대,Low,I97.110,Postprocedural cardiac insufficiency following cardiac surgery,1.0,0.0,0.0,1.0,0.0,0.0,0.0,0.0,1.0,1.0,0.0,1.0,1.0,0.0,0.0,0.0,1.0,0.0,3.0,0.0,0.0,1.0,0.0,0.0,1.0,0.0,0.0,1.0,0.0,1.0,0.0,0.0,1.0,0.0,0.0,23.400000000000002,74.75,0.1,0.37499999999999994,33.95,15.5,2.8333333333333335,29.03333333333333,35.65,78.525,0.8500000000000001,6.925000000000001,210.02499999999998,15.0,5.675000000000001,6.075,4.333333333333333,99.53333333333332,45.85,15.4,25.875,0.9333333333333332,18.5,8.866666666666667,22.25,100.36666666666667,1.0666666666666667,89.46666666666665,4.75,151.75,9.4,6.1,2.75,1.0,2.65,6.615889962809236,2.142428528562853,0.14142135623730953,0.17078251276599327,1.3435028842544419,2.72151918359336,0.9451631252505216,4.354690957270484,5.303300858899107,5.659431655799602,0.2081665999466133,3.645430930173642,94.30953910748725,1.0551461194229617,1.3450526631573452,0.7675719293112971,1.604161255402129,11.342104449057656,31.916818972656614,,5.631089296634059,0.3055050463303893,12.162236636408618,1.0969655114602885,5.903953477684819,7.336438736426099,0.057735026918962595,26.422780575354537,0.7767453465154031,3.3234018715767655,,1.5556349186104044,0.9192388155425116,0.0,1.537313674346694,-3.8999999999999986,-1.5999999999999943,-0.2,-0.39999999999999997,-1.8999999999999986,3.5999999999999996,-0.3999999999999999,4.699999999999999,7.5,-1.2999999999999972,-0.09999999999999998,-6.0,-138.3,1.3000000000000007,1.7999999999999998,0.20000000000000018,-1.7999999999999998,22.400000000000006,-52.2,0.0,9.2,0.6,-17.200000000000003,1.5999999999999996,0.10000000000000142,-10.299999999999997,-0.10000000000000009,-52.8,-1.0,4.699999999999989,0.0,-2.2,-1.2999999999999998,0.0,2.9,109,35,15.0,7.352156423814181
DB92CDC6-FA9B-4492-BC2C-0C588AD78956,3,2009-11-22 18:08:25.160,2009-12-03 00:04:59.407,10,2009,11,6,일,중기(8-14일),Male,1977-06-30 01:46:05.467,Unknown,Single,Icelandic,1.7,48.6,40대,Low,B08.72,Yaba pox virus disease,2.0,0.0,0.0,2.0,0.0,1.0,1.0,1.0,1.0,1.0,0.0,1.0,1.0,1.0,1.0,2.0,1.0,2.0,1.0,0.0,0.0,1.0,0.0,1.0,3.0,1.0,0.0,1.0,2.0,1.0,2.0,3.0,0.0,0.0,1.0,26.955555555555556,69.50000000000001,0.1142857142857143,0.26666666666666666,41.3,15.599999999999998,3.5374999999999996,33.01428571428571,35.1625,86.12222222222223,0.5888888888888889,6.3599999999999985,247.46666666666664,12.700000000000001,4.8,8.211111111111112,4.544444444444445,116.02857142857144,39.275,8.6875,26.8625,0.45,17.020000000000003,10.037499999999998,26.174999999999997,102.35714285714286,0.9625,112.22,4.425,143.72,7.550000000000002,5.8625,1.3714285714285714,1.0,3.0444444444444443,5.264530157362362,4.97292670366254,0.08997354108424374,0.13228756555322954,5.186520991955976,2.4189070075368972,1.404012108209897,5.299191312967346,2.887874898358899,8.891678381747987,0.2522124325070259,3.007102703046018,91.49867485379227,2.173936521612349,1.1501552690211627,2.4735826469134023,0.9988882709181133,34.03261740770239,21.857443975516833,2.3024443532906504,8.825925690017693,0.4070801956792859,7.499303671378799,1.6405029716522912,6.966398946781204,8.920175099712097,0.1995530720671285,22.409958103981864,0.9765098200076784,7.646030197283931,1.614001239156897,1.1413494519333556,1.1071198154284323,0.0,1.7479352899285996,-9.000000000000004,1.2999999999999972,0.2,-0.10000000000000003,8.799999999999997,-1.2999999999999972,0.39999999999999947,-9.199999999999996,-0.6000000000000014,11.200000000000003,0.19999999999999996,-3.1000000000000005,252.2,-1.6999999999999993,0.9999999999999996,-2.3999999999999995,1.6999999999999997,19.899999999999977,47.6,6.3999999999999995,19.0,-0.30000000000000004,1.0,-0.3000000000000007,-1.1000000000000014,10.900000000000006,-0.30000000000000004,-1.5999999999999943,-0.10000000000000053,14.100000000000023,2.2,1.2999999999999998,-0.29999999999999993,0.0,-1.2000000000000002,296,35,35.0,7.639908704793395
25B786AF-0F99-478C-9CFA-0EA607E45834,1,1945-10-01 21:44:39.203,1945-10-20 08:37:36.673,18,1945,10,0,월,장기(15-30일),Male,1926-08-20 00:21:38.870,White,Married,English,93.6,99.4,70세~,Very High,M01.X5,Direct infection of hip in infectious and parasitic diseases classified elsewhere,1.0,5.0,0.0,2.0,1.0,5.0,0.0,1.0,2.0,0.0,0.0,4.0,2.0,3.0,3.0,1.0,1.0,1.0,3.0,2.0,1.0,1.0,3.0,2.0,4.0,3.0,2.0,3.0,6.0,3.0,3.0,1.0,0.0,0.0,1.0,27.485714285714288,69.62500000000001,0.08571428571428573,0.3071428571428571,41.221428571428575,14.153846153846153,2.5615384615384613,32.85384615384615,34.313333333333325,85.4357142857143,0.5562500000000001,7.806666666666667,256.89375,12.941666666666668,4.6899999999999995,8.142857142857142,4.26,96.64666666666668,37.17333333333333,10.738461538461538,24.35333333333333,0.3,16.969230769230766,9.876923076923076,27.24666666666667,100.62142857142858,0.8615384615384616,104.95625000000001,4.38125,139.1875,7.821428571428571,6.207692307692308,1.55,1.0,3.6571428571428575,4.834468731110784,6.744726334947427,0.07703288865196432,0.12688144505364485,6.680301532972037,3.1301265641651472,0.9836483632701792,4.467962881190076,3.704026123532274,7.689313977888368,0.28276904592499746,2.8738890192973865,85.70617611934392,2.806310529481509,1.5110334947386914,2.3838282997391738,0.8998412558414322,29.810661244083867,17.68140535246266,4.143778159590284,7.748075029752013,0.2581988897471611,8.066637529084906,1.4469242356079823,5.298903750058209,7.294168226048129,0.2180919589625041,26.22540673342042,1.0628381814744896,8.538920696825018,1.6305631737949509,0.8015209900157936,0.6587024281789834,0.0,1.6070586058502545,-0.20000000000000284,3.799999999999997,-0.1,0.19999999999999996,6.299999999999997,4.1,-2.3,-2.0,-1.0,-8.5,-0.19999999999999996,0.7000000000000002,30.30000000000001,4.4,-1.7000000000000002,3.4,1.4,27.60000000000001,-44.099999999999994,-2.1999999999999993,-20.9,-0.6000000000000001,15.899999999999999,-1.9000000000000004,-8.399999999999999,-10.0,0.30000000000000004,-9.299999999999997,-2.4999999999999996,2.0,2.2,-1.0,-1.2000000000000002,0.0,-1.5,487,35,70.0,7.35411976548876
25B786AF-0F99-478C-9CFA-0EA607E45834,2,1977-09-20 07:35:43.320,1977-09-25 05:07:13.843,4,1977,9,1,화,단기(4-7일),Male,1926-08-20 00:21:38.870,White,Married,English,93.6,99.4,70세~,Very High,M63.831,"Disorders of muscle in diseases classified elsewhere, right forearm",0.0,0.0,0.0,1.0,0.0,1.0,1.0,0.0,1.0,1.0,0.0,0.0,1.0,0.0,0.0,1.0,0.0,1.0,0.0,0.0,2.0,1.0,0.0,0.0,0.0,0.0,0.0,0.0,0.0,0.0,0.0,1.0,1.0,0.0,0.0,27.666666666666668,71.60000000000001,0.10000000000000002,0.22500000000000003,44.074999999999996,15.15,2.0666666666666664,32.6,29.96666666666667,77.17500000000001,0.74,6.25,216.27500000000003,11.299999999999999,3.95,4.85,4.3,64.975,47.7,10.799999999999999,20.474999999999998,0.525,19.25,8.6,24.7,104.76666666666667,0.7999999999999999,99.85000000000001,3.8,142.78,6.6,5.9,2.175,1.0,3.6,4.166933324800547,7.002142529254885,0.1,0.0957427107756338,7.162110955111862,4.879036790187179,2.1221058723196005,4.762877281643945,1.594783161854092,8.641903725453087,0.27018512172212594,0.3535533905932738,132.73880053197206,1.7691806012954134,0.7234178138070233,2.0506096654409878,0.7874007874011808,30.07616719818756,17.66762576012974,5.823229344616267,9.371010262150678,0.41129875597510224,7.016884398838751,0.6244997998398397,1.8384776310850246,8.310435207215887,0.10000000000000002,24.475497952033585,,8.473311041145603,0.5656854249492376,1.1067971810589332,1.1026483271348728,0.0,2.155612828563299,3.5,7.299999999999997,0.2,0.0,10.299999999999997,-6.900000000000002,-0.5000000000000001,4.5,-0.9000000000000021,-1.5,0.09999999999999998,0.5,-42.5,2.1999999999999993,-1.0,-2.9,-1.5,7.100000000000001,-14.299999999999997,4.8999999999999995,-9.700000000000001,-0.5,11.399999999999999,-0.29999999999999893,-2.6000000000000014,13.700000000000003,0.09999999999999998,-25.400000000000006,0.0,-4.800000000000011,-0.7999999999999998,-1.2000000000000002,-1.2999999999999998,0.0,-1.5000000000000004,122,35,13.0,8.77470486401639
25B786AF-0F99-478C-9CFA-0EA607E45834,3,1988-07-20 08:25:47.050,1988-07-30 21:32:26.037,10,1988,7,2,수,중기(8-14일),Male,1926-08-20 00:21:38.870,White,Married,English,93.6,99.4,70세~,Very High,G60.1,Refsum's disease,1.0,3.0,0.0,4.0,1.0,1.0,1.0,1.0,1.0,3.0,1.0,0.0,3.0,2.0,2.0,0.0,0.0,0.0,1.0,1.0,2.0,1.0,3.0,2.0,0.0,2.0,2.0,0.0,0.0,1.0,0.0,1.0,1.0,0.0,1.0,25.214285714285715,70.11250000000001,0.1,0.3,44.8,15.5125,2.3400000000000003,28.811111111111106,33.550000000000004,86.60000000000001,0.45999999999999996,5.072727272727272,265.1428571428571,13.87142857142857,5.185714285714285,6.044444444444444,3.8428571428571425,99.52857142857144,51.9,13.049999999999999,26.366666666666664,0.6142857142857142,13.933333333333332,9.387500000000001,26.67142857142857,103.41,0.85,105.86250000000001,5.08,142.3222222222222,7.17,6.075,1.5699999999999998,1.0,2.6181818181818177,6.891886188707358,6.547941334059558,0.07071067811865475,0.20816659994661327,6.163023376789766,2.8787087879315414,1.20756872360219,4.774789116925595,3.5613199800074122,10.759182125050211,0.26749870196985176,2.080428277586569,129.7217259770937,2.9881512041808764,1.530172726011208,2.3585541710500904,1.058075521654201,35.81018078171413,11.301959375005989,2.6082561223928913,9.70992619264774,0.3716116764786032,7.799839741943421,1.7496428206922696,5.006900000903515,7.052414874038223,0.20682789409984761,22.103453996410348,0.9471008394041257,10.496996925046913,1.376024870576271,0.8119641089886389,0.8957306142659931,0.0,1.6702204536037641,-9.8,-11.399999999999991,0.1,0.0,1.7999999999999972,-0.6999999999999993,-0.8999999999999999,-0.8000000000000007,4.0,-16.80000000000001,0.30000000000000004,4.6000000000000005,100.1,-0.1999999999999993,0.40000000000000036,2.8,-0.20000000000000018,-37.80000000000001,14.700000000000003,4.800000000000001,9.2,1.0,9.9,0.29999999999999893,7.199999999999999,-15.299999999999997,0.30000000000000004,24.69999999999999,2.3,18.400000000000006,-1.1000000000000005,-1.3000000000000007,-0.7,0.0,-4.1,282,35,42.0,8.656770136539944
25B786AF-0F99-478C-9CFA-0EA607E45834,4,2004-08-30 07:06:39.597,2004-09-15 23:36:15.990,16,2004,8,0,월,장기(15-30일),Male,1926-08-20 00:21:38.870,White,Married,English,93.6,99.4,70세~,Very High,M05.75,Rheumatoid arthritis with rheumatoid factor of hip without organ or systems involvement,2.0,1.0,0.0,4.0,4.0,6.0,1.0,3.0,0.0,0.0,1.0,2.0,1.0,1.0,3.0,0.0,0.0,1.0,3.0,2.0,2.0,0.0,3.0,2.0,1.0,2.0,3.0,0.0,2.0,2.0,3.0,1.0,3.0,0.0,2.0,26.930769230769222,70.36923076923077,0.075,0.2833333333333333,45.43333333333333,15.646153846153844,2.3777777777777778,26.724999999999998,31.674999999999997,89.36428571428571,0.6363636363636365,7.4818181818181815,268.85714285714283,13.646153846153847,4.45,7.507692307692308,4.199999999999999,96.25999999999999,46.873333333333335,11.73,25.749999999999996,0.5727272727272728,20.484615384615385,9.258333333333333,25.875,104.30769230769229,0.7923076923076924,99.99230769230768,4.2846153846153845,141.33,7.736363636363635,6.181818181818182,1.9928571428571433,1.0,3.414285714285714,6.472555473611203,6.156485011133196,0.0621581560508061,0.1527525231651947,7.583155176062432,3.168494748987123,1.391741514953278,4.807404327039318,2.5669667278362183,7.1881962156833765,0.2941860882935401,2.7073301172255233,98.49540180040982,2.109745397204516,1.3049052754042254,2.4032830109600556,0.9929753269845126,31.059155539987607,21.42853460314296,3.8470912532861905,9.940504834445601,0.23276988246295563,7.752294945567855,1.6317633146849195,5.580342935046848,8.038289778560026,0.19774368283857796,24.518104247625587,1.0048599851439948,10.727539844303115,1.6469807086136299,0.7909717843490774,1.0858986251836882,0.0,1.8076151491599444,-4.600000000000001,10.400000000000006,0.0,-0.5,14.700000000000003,0.8000000000000007,-1.6,-2.900000000000002,-0.40000000000000213,4.099999999999994,0.5,0.6000000000000005,30.599999999999994,-2.6000000000000014,0.8000000000000003,4.1000000000000005,0.8999999999999999,30.499999999999993,15.2,-1.1999999999999993,-13.3,0.6000000000000001,-2.900000000000002,-1.5999999999999996,-11.7,1.5,-0.20000000000000007,2.299999999999997,0.19999999999999973,22.69999999999999,3.000000000000001,1.7000000000000002,1.5999999999999999,0.0,-0.5999999999999996,429,35,61.0,7.975662800154484
25B786AF-0F99-478C-9CFA-0EA607E45834,5,2006-02-25 15:05:06.463,2006-03-14 18:21:36.333,17,2006,2,5,토,장기(15-30일),Male,1926-08-20 00:21:38.870,White,Married,English,93.6,99.4,70세~,Very High,E08.64,Diabetes mellitus due to underlying condition with hypoglycemia,1.0,2.0,0.0,6.0,3.0,1.0,1.0,3.0,0.0,1.0,1.0,2.0,0.0,3.0,3.0,2.0,1.0,0.0,0.0,2.0,2.0,0.0,1.0,1.0,0.0,2.0,6.0,4.0,5.0,0.0,2.0,4.0,2.0,0.0,5.0,26.7875,67.02307692307691,0.12142857142857144,0.37500000000000006,41.768750000000004,14.942857142857145,2.9461538461538463,30.446153846153848,33.84166666666667,84.89999999999998,0.5384615384615385,4.808333333333333,286.6153846153846,11.145454545454543,5.239999999999999,7.515384615384615,4.446666666666667,85.7076923076923,47.98181818181818,11.946666666666665,27.121428571428574,0.5571428571428572,17.675,9.484615384615385,27.360000000000003,102.38666666666668,0.9588235294117647,108.42307692307692,4.78125,137.09285714285716,7.561538461538461,6.541666666666667,1.7,1.0,3.28,6.37138132589786,5.715790095013674,0.05789342235218395,0.20504988306618108,7.420666524421283,2.277216345829769,1.2725403625657516,5.716148963625682,2.979157395620243,9.517352573063583,0.3150091573760503,2.6172359928795577,76.91841832047172,1.6421715113614876,1.3652838532700808,3.4913813297523935,0.928029145683526,25.768341737438902,15.415175521661643,4.180031897804928,9.33563714371552,0.3479926739155598,7.714817502113001,1.5043526591450966,5.531766846536868,6.3523748839836784,0.23732578749846103,24.624112635319943,0.8975661535508123,8.717750617227802,1.4591883940159234,0.8511578566691946,1.0232999839454984,0.0,2.0640459574064027,2.6999999999999993,-0.5,0.1,-0.19999999999999996,15.5,0.10000000000000142,-0.3999999999999999,-1.7999999999999972,0.7999999999999972,-2.0999999999999943,1.0,2.3,-97.60000000000002,-0.9000000000000004,-0.39999999999999947,3.6000000000000005,0.40000000000000036,-34.300000000000004,23.699999999999996,1.5999999999999996,-4.599999999999998,-0.19999999999999996,-11.899999999999999,-0.40000000000000036,-2.1999999999999993,13.300000000000011,0.19999999999999996,2.6999999999999886,2.3000000000000003,11.100000000000009,3.000000000000001,-1.7000000000000002,-1.2,0.0,0.5999999999999996,474,35,66.0,6.995304698691435
25B786AF-0F99-478C-9CFA-0EA607E45834,6,2006-05-22 16:22:43.683,2006-06-01 12:00:05.460,9,2006,5,0,월,중기(8-14일),Male,1926-08-20 00:21:38.870,White,Married,English,93.6,99.4,70세~,Very High,Z22.31,Carrier of bacterial disease due to meningococci,3.0,1.0,0.0,0.0,1.0,1.0,1.0,1.0,3.0,4.0,1.0,0.0,0.0,1.0,0.0,0.0,0.0,1.0,2.0,0.0,0.0,2.0,1.0,1.0,1.0,2.0,2.0,1.0,1.0,1.0,3.0,1.0,1.0,0.0,1.0,22.35,70.41250000000001,0.1111111111111111,0.3166666666666667,36.8875,13.950000000000001,3.233333333333333,32.42,34.05,88.975,0.6571428571428573,5.2444444444444445,255.94285714285712,12.999999999999998,4.866666666666667,7.066666666666666,4.0874999999999995,98.0888888888889,53.78750000000001,12.49,22.674999999999997,0.58,20.575,10.375,28.637500000000003,106.81428571428572,0.8750000000000001,101.075,4.033333333333333,140.4,7.688888888888889,5.875000000000001,2.2,1.0,2.742857142857143,6.675969699494706,6.570157097491222,0.07817359599705717,0.11690451944500123,5.878881696377297,2.8932680484186046,1.268857754044952,5.994747701113034,3.9460951162721174,11.86299769391001,0.34572215654165056,2.2433853386740714,80.056664455931,2.2,0.7840068026915753,1.2379418403139946,1.0642737295586,34.89489376844571,15.379990479283697,3.895139421267371,8.325477249297569,0.37357135269658404,6.813589362443263,1.2969745013464444,5.650521467718076,9.703509428969259,0.2121320343559643,22.5934725086694,0.9831920802501751,11.189459325633214,1.8196458751941573,0.8746427842267952,1.16373782025236,0.0,2.0337626400813043,12.3,13.400000000000006,-0.1,-0.2,-13.699999999999996,0.09999999999999964,1.1999999999999997,-9.599999999999998,2.8999999999999986,0.6000000000000085,-0.4,0.09999999999999964,-45.099999999999966,1.5,2.0000000000000004,1.3000000000000007,-0.40000000000000036,-60.70000000000002,36.199999999999996,0.0,0.0,-0.5,0.10000000000000142,1.5999999999999996,-0.09999999999999787,-22.099999999999994,0.4,11.800000000000011,1.4,21.299999999999983,-4.1000000000000005,-0.2999999999999998,2.5,0.0,-3.9,275,35,38.0,7.440621695611607
25B786AF-0F99-478C-9CFA-0EA607E45834,7,2009-02-24 23:03:26.627,2009-03-15 14:30:23.957,18,2009,2,1,화,장기(15-30일),Male,1926-08-20 00:21:38.870,White,Married,English,93.6,99.4,70세~,Very High,M02.352,"Reiter's disease, left hip",3.0,2.0,0.0,2.0,2.0,2.0,3.0,5.0,2.0,3.0,0.0,0.0,1.0,1.0,5.0,5.0,0.0,1.0,1.0,2.0,3.0,3.0,3.0,1.0,2.0,1.0,1.0,2.0,4.0,2.0,1.0,2.0,1.0,0.0,1.0,24.571428571428573,70.61764705882354,0.12999999999999998,0.31999999999999995,43.75384615384615,14.361538461538462,2.3055555555555554,28.5,35.54615384615384,81.28666666666668,0.5133333333333333,6.408333333333332,309.5666666666666,13.3,4.72,6.14,4.257142857142857,83.91538461538462,46.91538461538461,7.29375,28.187499999999996,0.5071428571428572,17.59333333333333,9.935714285714285,26.853333333333335,102.83636363636364,0.7928571428571428,94.10714285714288,4.58125,138.54666666666668,7.084615384615384,5.88,1.830769230769231,1.0,2.7230769230769223,5.683231552481465,5.396669724714222,0.0674948557710553,0.12649110640673517,8.182462484343715,2.54215737171484,1.4156570797054848,6.053733749323,3.1071464359374787,8.729659350796709,0.2263583337058639,2.8713184596922887,93.60304320357163,2.126421093449429,1.4333776294373473,2.8587709646929453,0.9508816036583231,25.93825508632138,15.065127842905186,3.739602251577031,9.39083773330864,0.3771640853166527,7.510988775184821,1.2881753003359457,4.977501763889572,5.811931301602375,0.15424399110243744,21.781377518270205,0.9731178414423062,9.598501867231054,1.5491105802180782,0.7930051341934318,0.9490210880907893,0.0,1.5822735994731578,-9.5,2.6000000000000085,0.0,-0.09999999999999998,5.0,-1.299999999999999,1.4000000000000004,12.299999999999997,2.0000000000000036,-4.400000000000006,0.6000000000000001,-7.9,-37.60000000000002,5.100000000000001,-1.1000000000000005,2.1,-1.9000000000000004,-68.1,-35.0,0.0,-25.400000000000002,0.7,11.2,-0.29999999999999893,-0.6999999999999993,-12.899999999999991,-0.30000000000000004,36.5,-0.40000000000000036,-0.39999999999997726,3.3000000000000007,0.09999999999999964,-0.19999999999999996,0.0,0.8999999999999999,492,35,67.0,7.338717450281875
F00C64F8-2033-4640-80FE-F1F62CBE26A5,1,1983-03-07 11:12:50.257,1983-03-16 09:20:24.507,8,1983,3,0,월,중기(8-14일),Female,1957-06-04 18:31:01.177,African American,Single,English,15.72,68.7,60대,Medium,E10.339,Type 1 diabetes mellitus with moderate nonproliferative diabetic retinopathy without macular edema,1.0,1.0,0.0,2.0,0.0,2.0,1.0,1.0,3.0,1.0,1.0,1.0,2.0,0.0,2.0,0.0,1.0,0.0,1.0,0.0,1.0,3.0,1.0,0.0,0.0,2.0,1.0,0.0,0.0,0.0,0.0,2.0,0.0,0.0,0.0,25.34,73.88333333333334,0.15714285714285717,0.25,41.857142857142854,14.4,2.8400000000000003,29.814285714285717,32.199999999999996,88.7,0.6875,7.216666666666668,366.42857142857144,13.483333333333333,4.5888888888888895,5.485714285714287,4.1571428571428575,104.61999999999998,41.75,8.957142857142857,32.36666666666667,0.31666666666666665,20.974999999999998,9.1875,28.2,102.18333333333334,0.78,115.64000000000001,4.171428571428572,140.36666666666667,7.442857142857141,5.9,1.8333333333333333,1.0,3.8600000000000003,6.58923364284497,4.615806177328792,0.05345224838248488,0.1224744871391589,5.802831821004048,2.9597297173897488,1.6211107303327554,6.207905865756602,4.1880783182743855,9.368457717255279,0.3603074084326169,3.1732738089655395,77.91034835599429,2.1646400778574413,1.2956122533810457,1.8640713250200232,1.2394315133118394,29.664406280928667,23.318968367281723,3.9513108132437695,8.873030297855783,0.40207793606049397,6.023228844588732,0.8078852464481396,4.25597619040959,9.450379181105202,0.23874672772626648,26.43412567118497,0.5498917642417936,9.089921158440635,1.521903569938147,0.9797958971132713,0.9872520785831077,0.0,0.8848728722251575,-7.800000000000001,-9.299999999999997,0.0,0.10000000000000003,-2.1000000000000014,7.1,1.4000000000000001,2.6999999999999957,0.09999999999999787,17.60000000000001,-0.09999999999999987,1.5,51.80000000000001,2.0,-2.6999999999999997,4.299999999999999,2.9000000000000004,-41.900000000000006,-4.100000000000001,-2.1999999999999993,-6.699999999999996,1.0,-0.1999999999999993,1.4000000000000004,-4.199999999999999,5.5,-0.20000000000000007,-23.700000000000017,0.8999999999999995,-16.099999999999994,-2.0,0.10000000000000053,-1.5999999999999999,0.0,-1.8999999999999995,229,35,30.0,7.342015381887042
F00C64F8-2033-4640-80FE-F1F62CBE26A5,2,2007-12-25 13:17:15.453,2008-01-12 12:44:08.357,17,2007,12,1,화,장기(15-30일),Female,1957-06-04 18:31:01.177,African American,Single,English,15.72,68.7,60대,Medium,C40.81,Malignant neoplasm of overlapping sites of bone and articular cartilage of right limb,2.0,2.0,0.0,3.0,2.0,4.0,2.0,4.0,3.0,1.0,0.0,2.0,1.0,1.0,1.0,2.0,3.0,1.0,2.0,4.0,1.0,1.0,2.0,2.0,1.0,2.0,4.0,2.0,1.0,1.0,2.0,2.0,2.0,0.0,0.0,26.141666666666666,68.0142857142857,0.10666666666666669,0.41999999999999993,44.72727272727273,14.657142857142857,2.983333333333333,30.811764705882357,33.41666666666667,85.95000000000002,0.6900000000000002,5.400000000000001,270.83125,13.23,5.642857142857144,7.43076923076923,3.872727272727273,96.06250000000001,43.58571428571429,10.108333333333334,28.091666666666665,0.6071428571428571,17.44375,8.950000000000001,27.11875,99.31538461538463,0.8357142857142856,89.92,4.760000000000001,139.20000000000002,7.478571428571428,6.185714285714285,1.8357142857142856,1.0,3.653846153846154,5.011887384161296,5.449327007545504,0.07037315505489969,0.14242792663559448,7.803728712492628,2.8824973909426532,1.433896999808775,5.2867620469599785,3.5809682117177917,7.8412861974786505,0.3446415206816756,2.98544086239489,89.26952984268111,2.1071571159054825,1.0419761445034554,2.9789216772138136,1.060274407020097,27.65289315785963,17.281597911467166,4.853950281300102,8.63022788420638,0.3407328881967531,6.790185932653096,1.258570617804182,6.124292476142311,6.989378388412681,0.2530039308212207,20.571832337307384,0.8315981935740092,6.887379763015832,1.4885090999585264,0.7892129895390362,1.2042279000109717,0.0,1.2534056171190717,7.400000000000002,-3.999999999999993,0.0,0.39999999999999997,-4.700000000000003,-0.6999999999999993,-2.1,0.3999999999999986,9.5,-4.3999999999999915,-0.39999999999999997,-5.6000000000000005,94.69999999999999,-1.1999999999999993,1.2999999999999998,-0.6000000000000014,1.6999999999999997,-18.5,36.1,-0.3999999999999999,-3.6000000000000014,-0.4,-14.0,-0.09999999999999964,4.5,-1.6999999999999886,-0.29999999999999993,7.200000000000003,0.30000000000000027,15.200000000000017,0.09999999999999964,1.0,2.1,0.0,0.0,479,35,63.0,7.214059884931047
B70E5A76-F2BC-41E4-B037-CD4D9ABA0967,1,1982-11-04 04:38:45.913,1982-11-10 22:46:46.303,6,1982,11,3,목,단기(4-7일),Male,1962-12-15 01:59:01.737,White,Single,Icelandic,13.1,63.1,60대,Medium,C19,Malignant neoplasm of rectosigmoid junction,1.0,0.0,0.0,1.0,0.0,0.0,2.0,0.0,1.0,0.0,0.0,1.0,0.0,2.0,0.0,1.0,2.0,2.0,1.0,1.0,0.0,1.0,1.0,1.0,0.0,0.0,0.0,0.0,0.0,1.0,1.0,1.0,1.0,0.0,0.0,25.21666666666667,68.46000000000001,0.16666666666666666,0.33999999999999997,39.95,14.200000000000001,1.175,33.699999999999996,36.019999999999996,80.35,0.9166666666666669,5.75,280.4,13.325,5.316666666666666,8.34,4.819999999999999,60.449999999999996,42.016666666666666,10.833333333333334,32.6,0.7999999999999999,19.499999999999996,10.483333333333334,25.76,107.05714285714285,0.8999999999999999,101.96666666666665,4.375,136.51999999999998,8.42,5.42,1.025,1.0,3.4999999999999996,8.536841726696512,4.6106398688251495,0.05773502691896257,0.16733200530681513,4.895235779136009,3.607214992206591,0.8057087976847882,3.4669871646719437,3.7063459093829905,10.677312395916879,0.1329160135825126,2.7369691266070215,89.27623797330769,3.0236567265481713,1.2812754062521714,2.330879662273452,1.4307340773183532,24.367943423002828,23.514371492061336,4.330665845648527,3.686461718233351,0.260768096208106,7.026734661277598,0.9064583093924768,5.880731247047428,5.7760589628965135,0.20000000000000004,23.32866619990664,0.4991659710623979,11.562741889361705,1.1903780911962383,0.5761944116355172,0.7632168761236875,0.0,2.0896570691543306,-3.0,7.799999999999997,0.1,0.0,-9.399999999999999,-0.10000000000000142,1.1,-2.299999999999997,6.200000000000003,15.100000000000009,-0.20000000000000007,-0.5999999999999996,-140.79999999999998,4.700000000000001,-1.1000000000000005,-3.4000000000000004,-1.7999999999999998,-41.199999999999996,-50.50000000000001,4.099999999999998,-1.2000000000000028,0.30000000000000004,-2.9000000000000004,-1.0,-13.0,1.3999999999999915,0.0,-5.099999999999994,-0.09999999999999964,-10.0,-2.499999999999999,-0.5999999999999996,0.9000000000000001,0.0,-2.8,171,35,22.0,7.3344067690527055
B70E5A76-F2BC-41E4-B037-CD4D9ABA0967,2,1986-06-28 09:01:05.200,1986-07-17 13:57:47.210,19,1986,6,5,토,장기(15-30일),Male,1962-12-15 01:59:01.737,White,Single,Icelandic,13.1,63.1,60대,Medium,B96.2,Escherichia coli [E. coli ] as the cause of diseases classified elsewhere,3.0,1.0,0.0,2.0,4.0,1.0,1.0,2.0,1.0,6.0,0.0,1.0,2.0,3.0,3.0,4.0,3.0,2.0,2.0,1.0,2.0,2.0,3.0,1.0,1.0,2.0,2.0,1.0,1.0,1.0,2.0,4.0,2.0,0.0,1.0,26.630769230769236,70.07142857142858,0.1,0.38749999999999996,39.48,13.564285714285715,2.425,31.77142857142857,32.95714285714286,82.61666666666665,0.48333333333333334,7.213333333333335,274.34,13.119999999999997,5.176923076923078,7.964285714285715,4.69375,98.96428571428574,42.2125,12.127272727272727,23.04285714285714,0.6277777777777779,20.914285714285715,9.400000000000002,26.464285714285722,102.20666666666666,0.9,95.65882352941175,4.733333333333333,139.3923076923077,6.733333333333333,6.407142857142857,1.8727272727272728,1.0,3.3142857142857145,5.759251197766456,6.5395163984254,0.08401680504168059,0.11474609652039003,7.705118892194794,2.690612496142022,1.1567194992737004,5.5106091484347886,3.5385164830898974,10.001661626655723,0.20816659994661327,2.365787898555655,89.69911450430902,2.849110136767017,1.380310258694186,2.804010079773703,0.9117519765082315,33.85345357096258,17.11065457543925,3.9486936850282297,7.921510567456795,0.3738599227385377,7.198381991580003,1.3989792196965818,5.507701900046898,7.4923262329501075,0.2,18.688367331830026,0.6184045944397912,7.060743768478124,1.1955800954791285,0.9941863977175476,0.9187936755234105,0.0,1.3704896053023379,-5.800000000000001,-3.700000000000003,-0.1,-0.10000000000000003,8.399999999999999,-4.199999999999999,1.0999999999999999,-2.099999999999998,3.299999999999997,-14.799999999999997,-0.09999999999999998,-3.6999999999999997,-126.80000000000001,-6.299999999999999,-0.7999999999999998,-4.6,-2.1000000000000005,84.80000000000001,15.799999999999997,-1.9000000000000004,1.3000000000000007,-0.1,8.3,1.0,-3.8999999999999986,7.799999999999997,0.0,14.200000000000003,-0.3000000000000007,13.699999999999989,0.0,-0.5,-1.9999999999999998,0.0,-2.4999999999999996,510,35,67.0,7.404889920936247
B70E5A76-F2BC-41E4-B037-CD4D9ABA0967,3,1999-10-14 05:24:54.653,1999-10-29 01:06:47.197,14,1999,10,3,목,중기(8-14일),Male,1962-12-15 01:59:01.737,White,Single,Icelandic,13.1,63.1,60대,Medium,O98.611,"Protozoal diseases complicating pregnancy, first trimester",1.0,5.0,0.0,2.0,3.0,1.0,2.0,4.0,0.0,2.0,0.0,2.0,0.0,1.0,2.0,1.0,2.0,1.0,2.0,1.0,2.0,2.0,3.0,2.0,0.0,3.0,0.0,4.0,2.0,1.0,1.0,1.0,2.0,0.0,2.0,27.541666666666668,72.07272727272728,0.12999999999999998,0.35000000000000003,45.592307692307685,14.925000000000002,2.7083333333333335,32.853846153846156,33.04166666666667,84.35454545454546,0.6500000000000001,5.136363636363636,251.19230769230765,13.009999999999996,4.271428571428571,7.366666666666666,4.000000000000001,86.62499999999999,35.236363636363635,9.707692307692309,23.930769230769233,0.4636363636363637,21.0375,9.363636363636363,26.20909090909091,103.15454545454546,0.8857142857142858,107.77692307692307,4.525,141.86,7.5200000000000005,6.025000000000001,1.7777777777777777,1.0,3.0090909090909093,4.388716592961242,6.99829849450435,0.0674948557710553,0.14005493427717788,6.931745996796375,2.317480158645223,1.4816810682055663,5.7022824939690295,2.9840358069181554,10.748242985377995,0.2990726407487727,3.102667474052844,90.66399010943708,1.835725711779646,1.0851646960634218,2.4879710609249455,0.9990904954916836,33.34211193927926,17.54219329087858,4.976856695154338,9.316060023366871,0.3981776670601386,8.978695021310964,1.3208124221650313,3.7316094504796578,8.105105013059813,0.15735915849388865,27.135098852659254,0.9382042809150216,9.983230383442466,1.3693469652031625,0.8357087356903067,1.155181563410897,0.0,1.8981330540584056,-4.099999999999998,5.299999999999997,0.2,0.4,1.2999999999999972,0.5999999999999996,-0.6999999999999997,-6.400000000000002,-2.1000000000000014,-15.0,-0.29999999999999993,3.1999999999999997,94.80000000000001,0.9000000000000004,-1.6,-1.1000000000000005,2.1,-88.6,-8.100000000000001,2.7,-3.9999999999999982,-0.09999999999999998,-9.600000000000001,0.5999999999999996,5.300000000000001,-11.0,0.0,53.800000000000004,1.2000000000000002,9.400000000000006,2.200000000000001,0.5,1.2999999999999998,0.0,-1.8000000000000003,387,35,57.0,7.811931431215789
B70E5A76-F2BC-41E4-B037-CD4D9ABA0967,4,2008-06-02 22:32:16.550,2008-06-06 12:10:07.683,3,2008,6,0,월,초단기(~3일),Male,1962-12-15 01:59:01.737,White,Single,Icelandic,13.1,63.1,60대,Medium,C18.6,Malignant neoplasm of descending colon,0.0,0.0,0.0,0.0,0.0,0.0,0.0,0.0,0.0,1.0,0.0,0.0,0.0,0.0,0.0,0.0,1.0,0.0,0.0,2.0,1.0,1.0,0.0,0.0,0.0,0.0,1.0,1.0,1.0,0.0,1.0,0.0,1.0,0.0,1.0,27.46666666666667,73.63333333333334,0.175,0.3,46.5,12.466666666666667,2.3000000000000003,30.8,34.699999999999996,80.075,0.625,5.35,297.40000000000003,14.0,4.966666666666667,5.4,4.025,114.83333333333333,30.700000000000003,6.65,21.125,0.8333333333333334,11.35,10.149999999999999,26.3,106.55000000000001,0.9,90.75,4.266666666666667,142.35,6.166666666666667,5.6,1.375,1.0,2.0,8.297188278768497,5.8226568964119245,0.05,0.1,,0.7094598884597592,1.5524174696260025,,1.9680785892167367,8.823595261192192,0.2217355782608345,1.6263455967290594,136.43947376034546,,0.2516611478423583,,1.1615363389350617,28.943796111314306,7.618836306593458,4.376071297408212,7.0509455630669375,0.40414518843273795,1.9091883092036779,0.939858145324779,4.386342439892264,3.2787192621510015,0.2828427124746191,24.402527191529437,1.3576941236277535,5.1618795026618045,0.7571877794400367,0.28284271247461895,0.9776672917374976,0.0,1.7349351572897471,-13.900000000000002,10.900000000000006,0.0,0.2,0.0,-0.9000000000000004,1.4000000000000001,0.0,4.100000000000001,13.799999999999997,0.20000000000000007,2.3,-186.70000000000002,0.0,-0.20000000000000018,0.0,2.1,-52.099999999999994,16.1,-0.6999999999999997,16.9,0.5,2.6999999999999993,-0.8000000000000007,-8.600000000000001,6.3999999999999915,-0.6000000000000001,12.300000000000011,2.7,7.300000000000011,0.20000000000000018,0.39999999999999947,1.7,0.0,-1.1,105,35,12.0,8.415794448400346
F0B53A2C-98CA-415D-B928-E3FD0E52B22A,1,1968-09-30 23:25:10.637,1968-10-07 19:54:05.980,6,1968,9,0,월,단기(4-7일),Male,1950-06-20 10:31:18.337,African American,Married,English,14.87,75.6,70세~,Medium,I67.81,Acute cerebrovascular insufficiency,1.0,1.0,0.0,3.0,1.0,2.0,1.0,0.0,1.0,1.0,0.0,0.0,0.0,1.0,1.0,0.0,0.0,1.0,1.0,0.0,0.0,0.0,0.0,1.0,1.0,0.0,0.0,1.0,0.0,1.0,1.0,1.0,2.0,0.0,0.0,24.839999999999996,70.43333333333334,0.08,0.26666666666666666,43.675,15.200000000000001,2.6142857142857143,29.520000000000003,30.5,83.44,0.7166666666666668,5.699999999999999,289.24285714285713,12.739999999999998,4.428571428571429,7.779999999999999,3.6799999999999997,124.72500000000001,46.92857142857143,10.533333333333333,22.66,0.42000000000000004,18.95,9.883333333333333,25.74,103.05000000000001,0.8833333333333333,97.08333333333333,4.119999999999999,139.84,8.099999999999998,6.540000000000001,0.8000000000000002,1.0,2.16,5.490264110222749,6.004220737670014,0.10954451150103323,0.1861898672502525,7.77619229871964,3.447221103052912,1.4803474495633013,3.5407626297169386,2.4097026095903744,9.873854363924963,0.37638632635454056,1.0416333327999832,97.18634775767731,3.138152322625529,1.0873734190152673,2.5262620608321695,1.025670512396647,20.879715036369628,18.35599032883764,5.551876559626783,10.173150937639722,0.37682887362833545,4.962862077471024,1.5237016330852529,6.0838310298692555,4.472024150203124,0.14719601443879748,22.34049387696401,0.9257429448826494,10.87028058515511,1.4525839046333942,0.7127411872482187,0.9486832980505138,0.0,1.923018460649819,2.0,-13.0,-0.2,-0.5,1.3000000000000043,5.300000000000001,0.4,4.900000000000002,0.09999999999999787,13.799999999999997,0.20000000000000007,0.7000000000000002,138.10000000000002,1.1999999999999993,2.8000000000000003,-2.8,1.6000000000000005,32.39999999999999,-40.900000000000006,-10.2,-13.999999999999996,-0.8,0.3000000000000007,2.299999999999999,5.100000000000001,-4.5,-0.30000000000000004,46.79999999999998,0.8999999999999999,11.300000000000011,-2.8,1.6000000000000005,1.7000000000000002,0.0,-1.3,190,35,23.0,7.382881323190483
F0B53A2C-98CA-415D-B928-E3FD0E52B22A,2,1996-09-09 00:13:40.573,1996-09-12 20:12:05.497,3,1996,9,0,월,초단기(~3일),Male,1950-06-20 10:31:18.337,African American,Married,English,14.87,75.6,70세~,Medium,C94.02,"Acute erythroid leukemia, in relapse",1.0,1.0,0.0,2.0,1.0,0.0,0.0,0.0,1.0,1.0,0.0,1.0,1.0,1.0,1.0,0.0,1.0,1.0,0.0,1.0,0.0,0.0,0.0,0.0,0.0,1.0,1.0,1.0,1.0,0.0,2.0,2.0,0.0,0.0,0.0,28.55,73.4,0.06666666666666667,0.175,36.86666666666667,15.1,2.05,31.4,34.75,87.875,0.625,7.15,254.975,10.75,4.033333333333334,8.066666666666668,4.266666666666667,108.43333333333332,40.55,11.4,29.86666666666667,0.8333333333333334,18.466666666666665,9.975000000000001,25.46666666666667,95.46666666666665,0.9750000000000001,84.35,4.333333333333334,130.5,8.366666666666667,5.65,2.4,1.0,1.925,7.99030662740799,5.267826876426369,0.11547005383792516,0.0957427107756338,6.197849089267449,2.687005768508881,0.6363961030678925,,4.490360044955564,13.22381059553814,0.2753785273643051,2.6488991424111767,104.53520539352601,2.4748737341529163,0.8621678104251708,1.1503622617824931,1.3868429375143145,36.091180824868204,0.07071067811865826,4.978955713801842,7.074131277643451,0.2516611478423584,8.203860879691543,1.3768926368215262,4.455707949735188,6.351640208114228,0.2217355782608345,31.749094475275985,1.365039681962885,,2.4826061575153915,1.2396235987858037,0.14142135623730964,0.0,1.75,-11.300000000000004,-10.5,-0.2,0.09999999999999998,8.0,3.8000000000000007,-0.8999999999999999,0.0,-10.3,12.5,-0.6000000000000001,-2.8,-40.99999999999997,3.5,0.5999999999999996,-1.0999999999999996,0.7999999999999998,65.80000000000001,0.10000000000000142,9.200000000000001,-12.099999999999998,-0.5000000000000001,-13.399999999999999,1.0999999999999996,7.400000000000002,2.1000000000000085,0.5,44.9,-0.30000000000000027,0.0,-4.300000000000001,1.3999999999999995,0.20000000000000018,0.0,-0.09999999999999998,103,35,22.0,7.934629086110225
F0B53A2C-98CA-415D-B928-E3FD0E52B22A,3,2002-08-31 02:51:45.053,2002-09-07 00:13:23.420,6,2002,8,5,토,단기(4-7일),Male,1950-06-20 10:31:18.337,African American,Married,English,14.87,75.6,70세~,Medium,N18.4,"Chronic kidney disease, stage 4 (severe)",0.0,0.0,0.0,2.0,1.0,2.0,2.0,1.0,0.0,1.0,1.0,2.0,0.0,0.0,1.0,0.0,1.0,0.0,0.0,0.0,0.0,0.0,3.0,0.0,1.0,1.0,1.0,2.0,0.0,2.0,0.0,1.0,2.0,0.0,2.0,21.733333333333334,67.475,0.1,0.3833333333333333,42.266666666666666,15.016666666666667,2.914285714285714,34.25,34.26666666666666,90.10000000000001,0.75,7.185714285714285,256.98333333333335,14.250000000000002,5.2,5.85,4.966666666666667,86.56,39.199999999999996,10.799999999999999,30.875,0.6285714285714284,25.2,10.02,25.919999999999998,102.56666666666668,0.8500000000000001,114.66666666666669,4.3500000000000005,139.68571428571428,7.6499999999999995,5.5857142857142845,1.2399999999999998,1.0,4.14,3.8846707282170874,3.0412442629073153,0.07071067811865477,0.1834847859269718,10.546247357867788,2.8273073173368806,1.643602315473111,5.509537185644544,3.3440494414207875,8.907300376657343,0.3,3.048731195884921,68.71894692635117,0.9574271077563374,1.3114877048604001,1.6263455967290594,1.0092901796146967,30.659142192827247,15.093309776188919,5.03587132480567,9.887492098606195,0.28702082220799313,7.761013679496597,1.4202112518917738,6.901231774111054,7.980643248928415,0.22583179581272433,22.716572511421408,0.5856620185738528,9.611352414623818,1.3590437814875576,0.8454359258760564,1.2680693987317886,0.0,1.7372391890583172,0.6999999999999993,4.300000000000011,0.0,-0.3,0.8999999999999986,-1.0,-0.5999999999999996,-3.1000000000000014,4.100000000000001,-1.1000000000000085,0.6,-5.1000000000000005,-100.80000000000001,2.1999999999999993,1.8000000000000007,2.3,-0.7000000000000002,-17.5,-5.800000000000001,-6.199999999999999,-19.799999999999997,-0.5000000000000001,15.4,0.7999999999999989,15.100000000000001,-12.0,0.0,-15.0,-1.5,12.5,-1.4000000000000004,-0.40000000000000036,0.1,0.0,-2.5999999999999996,188,35,29.0,6.865872181869042
F0B53A2C-98CA-415D-B928-E3FD0E52B22A,4,2002-09-16 20:00:22.203,2002-09-25 20:40:24.270,9,2002,9,0,월,중기(8-14일),Male,1950-06-20 10:31:18.337,African American,Married,English,14.87,75.6,70세~,Medium,O99.35,"Diseases of the nervous system complicating pregnancy, childbirth, and the puerperium",1.0,1.0,0.0,0.0,2.0,0.0,1.0,3.0,1.0,0.0,0.0,1.0,0.0,1.0,1.0,0.0,1.0,0.0,1.0,0.0,2.0,0.0,0.0,3.0,0.0,0.0,0.0,0.0,2.0,1.0,1.0,2.0,2.0,0.0,1.0,26.26666666666667,68.1,0.09999999999999999,0.3571428571428571,45.987500000000004,14.4375,2.4375,34.0375,35.04285714285714,84.10000000000001,0.7000000000000001,6.0777777777777775,270.74285714285713,11.471428571428572,5.185714285714286,8.575,4.177777777777778,101.57142857142856,48.43333333333333,12.322222222222221,29.825,0.5571428571428572,11.683333333333332,8.9,27.3875,104.22222222222223,0.8333333333333334,103.6125,4.442857142857143,136.45000000000002,8.35,5.428571428571429,1.8299999999999996,1.0,2.9666666666666663,6.234634445311663,5.039179827445468,0.08164965809277261,0.09759000729485333,5.671844623098505,2.686440821182236,1.4812518836636606,6.3912747443012385,3.7030875148795963,10.278375358002844,0.3915780041490244,3.351782278795036,75.24823048069763,2.426736001102637,1.4937966968194072,2.364469134015981,1.2080746849613415,29.63144243793037,13.322111944683046,4.103893814957259,8.21127273935046,0.29920529661723827,5.058227621080992,1.924115958621575,4.403711908314231,6.229120679874846,0.13228756555322957,27.588011759768825,1.0997835284835873,7.141628465753254,1.3648652471424212,0.8616153157766824,1.1392492654765631,0.0,1.9531171666509581,1.5,-8.200000000000003,0.0,0.10000000000000003,2.0,-4.5,-2.5,-0.6000000000000014,-7.800000000000001,-19.5,0.9000000000000001,1.5999999999999996,194.3,0.5,0.5999999999999996,4.999999999999999,0.2999999999999998,-8.799999999999997,14.0,4.7,3.3999999999999986,-0.19999999999999996,12.600000000000001,0.40000000000000036,9.899999999999999,2.1000000000000085,0.19999999999999996,-39.0,0.3999999999999999,-12.5,0.9000000000000004,1.0999999999999996,-1.2000000000000002,0.0,3.8,271,35,28.0,6.931818767995699
F0B53A2C-98CA-415D-B928-E3FD0E52B22A,5,2007-03-12 11:04:02.373,2007-03-25 02:03:18.803,12,2007,3,0,월,중기(8-14일),Male,1950-06-20 10:31:18.337,African American,Married,English,14.87,75.6,70세~,Medium,D63,Anemia in chronic diseases classified elsewhere,2.0,0.0,0.0,1.0,1.0,4.0,2.0,2.0,2.0,1.0,1.0,1.0,1.0,5.0,0.0,3.0,1.0,0.0,1.0,0.0,1.0,0.0,0.0,0.0,0.0,0.0,0.0,0.0,1.0,0.0,1.0,0.0,0.0,0.0,0.0,22.908333333333335,69.97142857142858,0.07999999999999999,0.30999999999999994,48.39000000000001,14.345454545454546,2.216666666666667,30.22222222222222,35.260000000000005,88.14000000000001,0.6142857142857142,6.3999999999999995,306.52500000000003,13.854545454545452,4.73,7.055555555555556,4.133333333333334,80.81666666666666,41.78,9.799999999999999,28.087500000000002,0.5363636363636363,22.075000000000003,9.6,24.099999999999998,104.575,0.8800000000000001,108.87777777777777,4.544444444444444,142.43,6.63,6.7250000000000005,2.111111111111111,1.0,3.7875,7.297877441524703,4.622666721606437,0.07888106377466154,0.1286683937707919,3.831579308849029,3.1001172998335518,1.3862419221285533,5.680620075699873,3.616689708067924,6.063772203285125,0.29680841985233186,2.5113077602449816,79.42354364868318,2.9265555304362967,0.9117138927438927,3.005457998005924,1.071391052734149,21.378719949208058,12.71593925398793,3.9707262140150963,7.261923692403116,0.34719656470860216,3.3156555051107826,1.3127579111676813,5.607851638551076,6.61594394517625,0.14757295747452437,19.653611486046135,1.074838489159082,8.596000361925439,1.5077945630769611,0.4559135256352271,0.8192137151629671,0.0,0.9553421227123671,-0.10000000000000142,2.299999999999997,0.0,0.2,4.099999999999994,1.0999999999999996,0.7999999999999998,-2.1000000000000014,-3.799999999999997,-9.100000000000009,-0.10000000000000009,3.1999999999999993,212.89999999999998,0.6999999999999993,0.5999999999999996,-1.6,2.2,18.799999999999997,-6.799999999999997,1.8999999999999995,7.800000000000001,-0.09999999999999998,7.100000000000001,0.9000000000000004,11.5,-0.5999999999999943,0.40000000000000013,-18.10000000000001,-0.30000000000000027,-3.4000000000000057,3.3999999999999995,-0.10000000000000053,-0.19999999999999973,0.0,-1.2999999999999998,317,35,31.0,6.334025552478934
F0B53A2C-98CA-415D-B928-E3FD0E52B22A,6,2012-04-04 02:50:01.320,2012-04-21 03:29:21.530,17,2012,4,2,수,장기(15-30일),Male,1950-06-20 10:31:18.337,African American,Married,English,14.87,75.6,70세~,Medium,I51.3,"Intracardiac thrombosis, not elsewhere classified",5.0,0.0,0.0,4.0,2.0,3.0,0.0,2.0,4.0,2.0,1.0,3.0,1.0,2.0,0.0,1.0,1.0,2.0,3.0,3.0,2.0,2.0,0.0,0.0,3.0,2.0,3.0,2.0,0.0,0.0,1.0,1.0,1.0,0.0,2.0,23.935294117647057,68.92142857142856,0.13846153846153847,0.35333333333333333,39.96428571428571,15.4,2.2800000000000002,32.986666666666665,34.59411764705882,88.4857142857143,0.5166666666666667,4.793333333333333,257.4142857142857,13.658333333333333,4.892307692307693,6.784615384615384,3.8272727272727276,103.33999999999997,46.974999999999994,8.376923076923076,29.592307692307696,0.5666666666666667,17.866666666666667,9.547058823529412,28.59375,99.80000000000001,0.7352941176470588,94.39411764705882,4.758333333333334,141.48333333333332,7.683333333333334,5.792307692307692,1.7999999999999996,1.0,2.7357142857142853,6.839036954907338,3.063476800938782,0.0650443635587991,0.16846647257229663,7.128017001496726,2.4775918829503656,1.3002563849743891,5.151402952687002,4.193517406103629,7.580628870082878,0.22896340848319496,2.7775803104415147,97.35231700567596,2.2309632380872997,0.7587945906299219,2.7522252069450257,1.171401646823931,31.973198597754166,17.96743350249742,3.796962348631215,7.641167181617996,0.41690469391639595,6.5352523906520865,1.352367205615224,5.042151491840232,7.032780389006896,0.22344232049510068,23.110481133790664,0.8596599045640965,7.787149476522005,1.081945497983175,0.7664436687949727,0.9958246164193104,0.0,1.467392843870297,0.09999999999999787,-8.0,0.1,-0.3,-7.100000000000001,-3.0000000000000018,-2.6,-7.199999999999999,2.3999999999999986,20.299999999999997,-0.4,-6.699999999999999,49.39999999999998,3.0,-0.3000000000000007,-4.5,1.1,36.8,-53.00000000000001,-3.8,8.100000000000001,-0.19999999999999996,-12.6,0.8000000000000007,-8.399999999999999,11.700000000000003,0.5,-5.1000000000000085,-1.1000000000000005,-3.8000000000000114,1.0,-0.7999999999999998,-1.0,0.0,0.3999999999999999,489,35,58.0,7.522578336038009
1A8791E3-A61C-455A-8DEE-763EB90C9B2C,1,1992-06-27 03:00:01.530,1992-07-01 23:04:55.493,4,1992,6,5,토,단기(4-7일),Male,1973-08-16 10:58:34.413,Asian,Single,English,13.97,52.5,50대,Medium,C92.50,"Acute myelomonocytic leukemia, not having achieved remission",1.0,0.0,0.0,1.0,0.0,0.0,1.0,1.0,1.0,0.0,1.0,1.0,0.0,0.0,1.0,1.0,1.0,1.0,0.0,0.0,0.0,0.0,0.0,1.0,0.0,0.0,0.0,0.0,0.0,0.0,1.0,2.0,1.0,0.0,1.0,28.52,72.2,0.10000000000000002,0.47500000000000003,44.5,14.133333333333335,1.8250000000000002,27.325,31.3,82.36666666666666,0.8,4.7,212.475,11.424999999999999,4.6,6.599999999999999,4.066666666666666,84.8,38.599999999999994,8.55,27.320000000000004,0.38,20.950000000000003,8.1,25.03333333333333,103.6,0.775,94.45,4.933333333333334,138.55,7.38,5.84,1.8499999999999999,1.0,3.12,5.9989165688480774,6.582552696332935,0.1,0.12583057392117916,9.266606714434358,1.8009256878986801,1.053169818531972,5.8965385326195126,4.095119045888654,6.940701213374141,0.3265986323710904,4.4237992721189325,54.336321492472564,2.918190078341939,1.4230249470757708,2.951270912674741,1.588500340992514,37.3954542692023,22.257358333818498,3.747665940288702,9.081684865706364,0.27748873851023215,3.065398288423,0.9848857801796104,1.1015141094572207,7.017121917139541,0.20615528128088298,18.090605296672635,0.9814954576223639,6.619415885610034,1.418449858119772,1.108151614175605,1.2662279942148384,0.0,1.6976454282328806,-3.9999999999999964,4.699999999999989,-0.1,-0.3,-18.1,-1.8999999999999986,-1.7000000000000002,-9.099999999999998,0.8999999999999986,-5.599999999999994,0.0,8.6,122.90000000000003,-5.9,2.2,4.8999999999999995,0.10000000000000009,78.0,-38.699999999999996,-5.299999999999999,-3.8000000000000007,0.09999999999999998,-2.599999999999998,-1.9000000000000004,-1.8000000000000007,-5.0,-0.4,-9.5,0.0,12.699999999999989,-0.9000000000000004,2.3999999999999995,-1.7,0.0,3.7,133,35,17.0,6.461279588187186
1A8791E3-A61C-455A-8DEE-763EB90C9B2C,2,2005-07-24 07:42:39.330,2005-08-06 19:45:17.540,13,2005,7,6,일,중기(8-14일),Male,1973-08-16 10:58:34.413,Asian,Single,English,13.97,52.5,50대,Medium,T46.3X6,Underdosing of coronary vasodilators,2.0,2.0,0.0,2.0,2.0,2.0,0.0,1.0,3.0,2.0,1.0,2.0,1.0,2.0,1.0,0.0,1.0,4.0,4.0,1.0,3.0,1.0,3.0,3.0,3.0,1.0,1.0,1.0,3.0,0.0,1.0,2.0,1.0,0.0,3.0,25.369999999999997,72.61666666666666,0.0818181818181818,0.41111111111111115,46.56666666666666,14.383333333333333,2.8299999999999996,28.37272727272727,33.14,82.5909090909091,0.6181818181818183,4.184615384615385,287.575,12.781818181818183,4.541666666666667,6.718181818181819,3.963636363636363,110.02000000000001,39.00000000000001,9.145454545454546,27.175,0.4600000000000001,18.39166666666667,9.515384615384615,24.408333333333335,106.06363636363636,0.86,104.45454545454544,4.3,140.44166666666666,7.92,6.292307692307692,2.1090909090909093,1.0,3.6300000000000003,6.012958229246788,5.291817583149793,0.0873862897505303,0.15365907428821476,7.579577824654877,3.337890823786055,1.2419071355513394,4.456027582744727,3.888787300260412,9.435301218875269,0.3311138227805714,2.3373225971347904,85.64875549698208,2.5779131800036175,1.1889325489953608,1.315156402727966,0.9667189118587963,39.16219265226774,20.617729487767782,4.021781604305146,11.067489244712107,0.38930136855083824,8.491113893448558,1.525803697425368,5.059906275332728,5.562782168532711,0.21186998109427607,21.73045621409563,0.9055385138137414,7.699286665108338,1.3130118049735884,0.7041088202609239,0.913733599529475,0.0,1.7932280018633064,8.5,-8.700000000000003,0.1,-0.09999999999999998,-1.8999999999999986,2.1999999999999993,1.4999999999999996,11.600000000000001,8.899999999999999,-11.599999999999994,0.0,5.6,134.1,-3.5,-1.7999999999999998,2.5,-0.8999999999999995,-95.8,21.5,9.5,-5.300000000000004,0.9000000000000001,8.1,0.7000000000000011,-3.6999999999999993,-8.200000000000003,-0.09999999999999987,45.0,-1.3000000000000003,21.099999999999994,0.7000000000000011,1.1999999999999993,0.2999999999999998,0.0,-1.5999999999999996,391,35,59.0,7.629158857596383
1A8791E3-A61C-455A-8DEE-763EB90C9B2C,3,2011-12-16 08:24:10.400,2011-12-25 10:34:06.080,9,2011,12,4,금,중기(8-14일),Male,1973-08-16 10:58:34.413,Asian,Single,English,13.97,52.5,50대,Medium,C15.8,Malignant neoplasm of overlapping sites of esophagus,1.0,1.0,0.0,2.0,2.0,0.0,0.0,2.0,1.0,2.0,0.0,2.0,3.0,0.0,0.0,1.0,0.0,2.0,0.0,0.0,1.0,0.0,1.0,1.0,0.0,3.0,1.0,1.0,1.0,0.0,2.0,2.0,0.0,0.0,1.0,29.557142857142853,68.68333333333332,0.08,0.2777777777777778,44.08571428571429,15.1875,2.1777777777777776,28.099999999999998,33.0125,89.31428571428572,0.6857142857142858,6.187500000000001,361.38750000000005,12.977777777777776,5.033333333333333,7.914285714285713,4.5200000000000005,65.67142857142858,51.699999999999996,8.737499999999999,25.099999999999998,0.5571428571428572,14.825,9.68888888888889,26.7,103.39999999999999,0.7833333333333332,94.67142857142858,4.5200000000000005,135.6375,6.611111111111111,6.022222222222222,2.3200000000000003,1.0,3.0000000000000004,4.745825233071394,8.12561792522062,0.08366600265340757,0.14813657362192648,8.145843228589776,2.5892290634196775,0.9175753072333869,5.817215828899594,2.7930717856868617,10.407597957170294,0.3338091841585121,3.3378511051273696,91.45107103176618,1.6338434577536625,1.118033988749895,2.743129946750957,0.8676917015212771,24.465398306296063,16.93804888409524,4.117189575426422,9.366429415737887,0.2760262237369418,6.632764991206265,1.4216578741424084,2.5831182706178977,8.47601658462613,0.23166067138525406,21.979438443365982,0.8230026326405845,5.508678218437315,1.7025307959361884,0.9351173426070359,0.9174844836714013,0.0,1.8986837546047524,-0.7999999999999972,-14.799999999999997,0.0,0.19999999999999998,-11.0,2.0999999999999996,-0.19999999999999996,-15.399999999999999,-1.6000000000000014,4.599999999999994,-0.9000000000000001,-7.000000000000001,-86.60000000000002,-2.4000000000000004,1.0999999999999996,2.6000000000000005,-0.5,-10.800000000000004,15.700000000000003,-0.40000000000000036,-15.700000000000003,-0.09999999999999998,-14.3,0.40000000000000036,4.299999999999997,-15.5,0.09999999999999998,-8.5,0.7999999999999998,-10.699999999999989,0.0,-2.3,-1.2999999999999998,0.0,-2.1,279,35,33.0,7.243784451140815
81C5B13B-F6B2-4E57-9593-6E7E4C13B2CE,1,1953-11-24 22:57:18.750,1953-12-02 14:20:43.280,7,1953,11,1,화,단기(4-7일),Female,1930-05-28 02:59:42.857,White,Married,Icelandic,19.22,95.7,70세~,Medium,I25.84,Coronary atherosclerosis due to calcified coronary lesion,1.0,0.0,0.0,1.0,1.0,1.0,1.0,0.0,1.0,3.0,0.0,0.0,0.0,2.0,2.0,0.0,0.0,0.0,1.0,1.0,1.0,0.0,1.0,3.0,1.0,2.0,0.0,1.0,0.0,4.0,1.0,0.0,1.0,0.0,2.0,26.849999999999998,69.55714285714285,0.09999999999999999,0.3625,42.85,14.785714285714286,3.06,31.7,34.883333333333326,80.28571428571429,0.5,6.7,329.2285714285714,13.125,5.116666666666667,9.1,3.1000000000000005,80.44,47.95000000000001,9.6,29.87142857142857,0.7,20.4,10.07142857142857,28.671428571428574,102.35714285714286,0.7833333333333332,103.3875,4.2250000000000005,139.25,7.3500000000000005,6.3,1.9428571428571426,1.0,2.15,4.760567193097897,4.908107966367877,0.0894427190999916,0.13024701806293193,9.697989482361793,2.793700396385036,1.5043270920913443,3.0430248109405893,3.834275246597026,10.46620411474134,0.22360679774997902,2.7522717889045762,82.17979707701308,2.607544000450561,1.5315569420255546,1.6232683080747925,0.3316624790355402,20.68629981412819,21.544906590653856,5.615603262339675,8.680382918918244,0.32145502536643183,6.454455825241972,1.6459184727827858,4.554380413665614,8.486235353570533,0.21369760566432813,27.199445241191437,0.9878427675158297,13.220703460860166,1.9284708968506628,0.3999999999999998,1.1207990347026875,0.0,2.122969618247044,3.599999999999998,13.299999999999997,0.1,-0.2,-20.699999999999996,6.9,4.1,-0.3000000000000007,5.200000000000003,0.7999999999999972,0.39999999999999997,0.09999999999999964,-33.39999999999998,2.0999999999999996,0.0,-2.0,-0.5,25.700000000000003,-11.799999999999997,-0.6999999999999993,6.699999999999999,0.4,17.200000000000003,-0.3999999999999986,10.2,13.899999999999991,0.0,-46.5,0.0,-23.900000000000006,3.5,-0.7999999999999998,-1.6999999999999997,0.0,-2.3,209,35,32.0,7.361747420991411
81C5B13B-F6B2-4E57-9593-6E7E4C13B2CE,2,1979-09-12 10:06:30.157,1979-09-23 00:47:01.730,10,1979,9,2,수,중기(8-14일),Female,1930-05-28 02:59:42.857,White,Married,Icelandic,19.22,95.7,70세~,Medium,M11.072,"Hydroxyapatite deposition disease, left ankle and foot",0.0,2.0,0.0,2.0,1.0,2.0,4.0,1.0,1.0,0.0,1.0,1.0,1.0,0.0,1.0,2.0,2.0,1.0,1.0,2.0,0.0,0.0,1.0,0.0,1.0,1.0,2.0,0.0,1.0,2.0,1.0,1.0,0.0,0.0,0.0,21.555555555555557,68.71111111111111,0.08888888888888888,0.3625,40.128571428571426,16.119999999999997,2.6,33.114285714285714,33.08571428571429,86.61249999999998,0.5857142857142856,4.6,275.68333333333334,13.342857142857142,5.0874999999999995,7.444444444444445,4.388888888888889,96.48571428571428,53.73333333333333,8.26,32.44,0.6,19.2375,9.76,28.47142857142857,105.25555555555555,0.8888888888888888,107.57500000000002,4.714285714285714,138.4125,7.888888888888889,6.3374999999999995,1.3599999999999999,1.0,1.8874999999999997,4.235596507905087,6.858470026989336,0.060092521257733164,0.18468119248354134,7.730397636541578,2.5947810868913184,1.5665248162732692,4.995474142137252,3.968386981897711,7.53912414390046,0.3670993118515816,2.6683328128252666,120.65715754428606,2.187736381786086,1.0494045930907676,3.0278338424982603,1.0276726672978662,31.347856310090734,16.1332730715128,5.677851706411502,4.295695519936206,0.22803508501982758,8.413923409614396,0.8384509526501829,5.199587895758111,7.408966039723611,0.23687784005919824,16.48980204334095,0.744823405084658,9.313038095671496,1.5053607910102853,0.792712341989739,0.844393273303382,0.0,1.182536619789365,-3.200000000000003,4.700000000000003,-0.1,0.2,14.399999999999999,6.799999999999999,0.09999999999999998,5.199999999999996,8.199999999999996,-8.599999999999994,-0.6,2.3999999999999995,-39.400000000000006,-3.8999999999999986,-3.1999999999999997,-0.9000000000000004,3.0999999999999996,60.900000000000006,-12.300000000000004,9.600000000000001,4.4999999999999964,-0.19999999999999996,-15.2,-2.0,3.1000000000000014,-3.6999999999999886,-0.4,-24.5,0.20000000000000018,9.0,2.3999999999999995,0.6000000000000005,0.09999999999999998,0.0,0.7999999999999999,272,35,35.0,8.039198588882273
81C5B13B-F6B2-4E57-9593-6E7E4C13B2CE,3,1994-08-23 07:08:59.557,1994-08-25 08:06:55.543,2,1994,8,1,화,초단기(~3일),Female,1930-05-28 02:59:42.857,White,Married,Icelandic,19.22,95.7,70세~,Medium,H47.42,Disorders of optic chiasm in (due to) neoplasm,0.0,1.0,0.0,0.0,0.0,0.0,0.0,0.0,0.0,0.0,0.0,0.0,0.0,0.0,0.0,1.0,0.0,1.0,1.0,0.0,0.0,0.0,0.0,0.0,1.0,0.0,0.0,1.0,0.0,0.0,0.0,1.0,1.0,0.0,1.0,25.5,63.1,0.13333333333333333,0.35,41.8,14.1,3.2,28.1,34.13333333333333,73.7,0.8,6.766666666666667,224.86666666666665,13.0,4.85,3.5,4.566666666666666,89.93333333333334,41.766666666666666,7.633333333333333,28.133333333333336,0.4,10.399999999999999,10.266666666666666,27.53333333333333,102.85,0.9333333333333332,76.8,5.15,149.5,8.3,5.2,1.4333333333333333,1.0,4.75,5.345091205957106,2.545584412271577,0.11547005383792516,0.0707106781186548,1.4142135623730951,2.116601048851672,0.2828427124746191,,4.105281151557508,,0.14142135623730953,3.0005555041247503,69.8973771563235,0.43588989435406744,0.3535533905932738,0.2828427124746193,1.205542754668342,44.02185063503503,20.603235991788605,1.171893055416463,2.6501572280401273,,2.404163056034262,1.644181660685137,8.090323438116261,11.242997820866094,0.11547005383792512,16.687720036002517,0.49497474683058307,,,0.7071067811865476,1.0969655114602888,0.0,1.3435028842544405,-10.599999999999998,3.6000000000000085,-0.2,0.10000000000000003,-2.0,-0.8000000000000007,-0.3999999999999999,0.0,5.600000000000001,0.0,0.20000000000000007,-2.0,95.70000000000002,-0.8000000000000007,-0.5,-0.40000000000000036,2.4000000000000004,-86.9,4.200000000000003,0.40000000000000036,-0.6999999999999993,0.0,3.4000000000000004,2.5,3.3999999999999986,-15.899999999999991,0.19999999999999996,23.599999999999994,0.7000000000000002,0.0,0.0,-1.0,0.4999999999999998,0.0,-1.9000000000000004,82,35,9.0,6.7862506831257425
81C5B13B-F6B2-4E57-9593-6E7E4C13B2CE,4,2004-12-10 19:29:29.720,2004-12-17 19:58:02.123,7,2004,12,4,금,단기(4-7일),Female,1930-05-28 02:59:42.857,White,Married,Icelandic,19.22,95.7,70세~,Medium,M12.162,"Kaschin-Beck disease, left knee",1.0,0.0,0.0,3.0,1.0,1.0,1.0,1.0,2.0,2.0,0.0,2.0,3.0,0.0,1.0,1.0,0.0,1.0,1.0,1.0,0.0,0.0,2.0,2.0,2.0,1.0,0.0,1.0,1.0,0.0,2.0,2.0,0.0,0.0,0.0,21.914285714285715,70.07142857142857,0.1142857142857143,0.325,45.51428571428572,15.357142857142858,2.1285714285714286,32.075,30.159999999999997,88.75714285714285,0.6833333333333335,3.057142857142857,359.75,12.639999999999999,5.32,8.071428571428571,3.9166666666666665,110.73333333333335,46.94285714285714,7.780000000000001,29.63333333333333,0.54,9.066666666666666,8.92,21.05,104.46000000000001,0.825,88.5,4.042857142857143,143.4875,6.762499999999999,6.128571428571428,1.8,1.0,3.033333333333333,5.65432830417801,6.997074218489301,0.08997354108424373,0.19820624179302296,4.813671007809795,2.7567233828448967,1.3912994953331528,6.094435401014835,1.7213366899011926,10.256194411648202,0.36560452221856704,1.8857864344062072,101.4331060354557,2.197271034715562,1.0059821071967434,3.240223390300061,0.8975893641675278,24.949762857924462,16.76820971788155,3.5870600775565498,6.0218491069327404,0.5128352561983235,2.698641633612486,1.8753666308218242,3.015128521307176,9.070446516021144,0.09574271077563382,33.18624212933224,0.6399404734221844,6.842605497907943,1.274964985513608,1.057850471024908,0.9556847457887633,0.0,1.1075498483890767,1.5,-0.8999999999999986,0.0,0.1,0.9000000000000057,-4.4,-1.6,-12.100000000000001,1.8000000000000007,-8.299999999999997,0.40000000000000013,4.300000000000001,-28.69999999999999,-3.4000000000000004,-1.8999999999999995,-6.9,1.8000000000000003,2.5,18.200000000000003,8.4,-5.199999999999996,0.1,0.9000000000000004,1.2999999999999998,-5.800000000000001,18.400000000000006,0.20000000000000007,2.200000000000003,1.2000000000000002,17.299999999999983,-3.0,1.3000000000000007,-1.1,0.0,1.4,219,35,35.0,7.561676764656217
81C5B13B-F6B2-4E57-9593-6E7E4C13B2CE,5,2006-03-30 17:22:23.473,2006-04-02 11:23:01.830,2,2006,3,3,목,초단기(~3일),Female,1930-05-28 02:59:42.857,White,Married,Icelandic,19.22,95.7,70세~,Medium,M12.111,"Kaschin-Beck disease, right shoulder",0.0,0.0,0.0,1.0,0.0,0.0,1.0,0.0,1.0,0.0,0.0,0.0,1.0,0.0,0.0,0.0,1.0,0.0,0.0,0.0,0.0,0.0,0.0,0.0,1.0,0.0,0.0,0.0,0.0,0.0,1.0,0.0,1.0,0.0,2.0,29.600000000000005,73.3,0.2,0.4333333333333333,46.35,14.2,4.9,29.6,34.233333333333334,81.7,0.8,8.033333333333333,353.70000000000005,13.7,5.366666666666667,7.300000000000001,3.2000000000000006,123.45,20.700000000000003,11.1,32.45,0.3,15.25,8.850000000000001,30.65,99.90000000000002,0.8333333333333334,92.6,4.3,144.5,5.733333333333334,6.05,0.9666666666666667,1.0,5.366666666666667,3.3151168908501534,3.111269837220813,0.0,0.15275252316519466,4.737615433949871,3.6769552621700474,,,5.200320502943384,7.302054505411478,0.282842712474619,0.2516611478423587,106.6317026029314,3.5355339059327378,1.2342339054382414,3.6769552621700474,0.45825756949558405,21.991020894901624,0.8485281374238552,1.571623364550171,4.737615433949868,,8.414570696119915,0.6363961030678924,7.000357133746821,6.390618123468184,0.1154700538379252,8.626702730475886,1.272792206135786,1.1313708498984922,0.7023769168568492,1.0606601717798212,0.8621678104251709,0.0,0.6658328118479395,5.300000000000001,-4.400000000000006,0.0,0.10000000000000003,-6.700000000000003,-5.200000000000001,0.0,0.0,-8.099999999999998,7.0,0.4,0.5000000000000009,-150.8,-5.0,-1.7000000000000002,-5.2,-0.30000000000000027,-31.099999999999994,1.1999999999999993,-2.9000000000000004,-6.699999999999996,0.0,11.899999999999999,0.9000000000000004,-9.900000000000002,-2.8000000000000114,-0.20000000000000007,12.200000000000003,1.8000000000000003,1.6000000000000227,1.4000000000000004,-1.5,1.7,0.0,0.09999999999999964,81,35,10.0,6.549855484390067
81C5B13B-F6B2-4E57-9593-6E7E4C13B2CE,6,2007-02-09 15:32:56.377,2007-02-28 16:28:37.023,19,2007,2,4,금,장기(15-30일),Female,1930-05-28 02:59:42.857,White,Married,Icelandic,19.22,95.7,70세~,Medium,E79,Disorders of purine and pyrimidine metabolism,3.0,3.0,0.0,4.0,2.0,5.0,1.0,3.0,1.0,0.0,1.0,2.0,3.0,3.0,1.0,2.0,3.0,2.0,1.0,1.0,3.0,4.0,1.0,4.0,2.0,3.0,1.0,2.0,0.0,1.0,6.0,3.0,0.0,0.0,2.0,25.42,71.55,0.1,0.26428571428571435,42.38333333333333,15.433333333333332,2.6000000000000005,29.983333333333334,34.336842105263166,83.67647058823528,0.6749999999999999,4.413333333333333,250.77142857142857,13.916666666666666,5.230769230769232,6.9937499999999995,4.1,107.42352941176472,45.307142857142864,8.018181818181818,26.3,0.5266666666666667,17.581818181818182,9.633333333333335,30.14375,104.46875,0.7941176470588235,106.42,4.6571428571428575,137.47058823529414,7.6647058823529415,6.093333333333333,1.3800000000000001,1.0,2.2,6.620228740113787,6.097761253746524,0.07559289460184546,0.1446860944737466,8.284468856989218,2.8811373415636368,1.1105554165971787,5.722119105613194,3.000409328800136,6.894339110074718,0.36055512754639896,2.6610595813017968,88.63875197479007,2.3542827057988442,0.93931235076927,3.017608048327903,1.04371132662884,29.353269183597007,16.786829282584527,3.580731261018671,9.007695122980763,0.4447578260239204,6.201422124290231,1.664188633996702,4.343879794223899,7.3650271554149755,0.15194813356575876,25.268761064094253,0.7397653325567148,7.095400332775668,1.6759106392013374,0.816321598624557,0.9874771446018946,0.0,1.533723473220545,9.099999999999998,-13.800000000000011,0.0,0.3,-5.899999999999999,-2.8000000000000007,0.3999999999999999,2.8999999999999986,3.0,0.7000000000000028,0.7,-3.3999999999999995,98.20000000000002,-2.799999999999999,0.20000000000000018,1.9999999999999996,-1.2000000000000002,79.6,26.0,-3.7,8.7,-1.2,-8.3,-0.6999999999999993,6.699999999999996,1.0999999999999943,0.09999999999999998,14.400000000000006,-0.7000000000000002,3.4000000000000057,4.200000000000001,-0.7000000000000002,-1.4,0.0,-3.6,525,35,73.0,7.33896249601453
81C5B13B-F6B2-4E57-9593-6E7E4C13B2CE,7,2008-05-11 09:39:25.037,2008-05-17 01:33:42.903,5,2008,5,6,일,단기(4-7일),Female,1930-05-28 02:59:42.857,White,Married,Icelandic,19.22,95.7,70세~,Medium,A42.0,Pulmonary actinomycosis,0.0,0.0,0.0,0.0,0.0,0.0,0.0,1.0,0.0,1.0,1.0,2.0,1.0,0.0,1.0,1.0,0.0,2.0,0.0,0.0,2.0,1.0,0.0,2.0,1.0,1.0,0.0,0.0,0.0,0.0,1.0,2.0,0.0,0.0,1.0,19.72,69.56666666666666,0.13333333333333333,0.3,40.879999999999995,14.025,2.7,27.8,32.6,82.8,0.8333333333333334,5.316666666666666,225.12000000000003,12.875,5.966666666666668,8.2,4.7,120.88333333333333,54.77499999999999,8.816666666666666,23.150000000000002,0.8600000000000001,15.225,9.7,31.7,97.52000000000001,0.85,100.55000000000001,5.475,144.34,7.6,6.949999999999999,1.6200000000000003,1.0,2.82,6.074701638763832,4.378431987214904,0.051639777949432225,0.10954451150103323,6.752925292049366,1.9619293225462198,1.0511898020814319,4.522830971858224,3.366749173906484,12.49399855930839,0.3265986323710904,3.700495462322129,102.02699152675235,2.683747380063929,1.3576941236277529,3.174271569982632,0.7000000000000001,28.8510254006104,15.539492698712314,3.486784574169541,10.004548965345712,0.3646916505762094,9.123002064379174,2.0988091861815352,2.8905016865589266,4.472918510324106,0.20816659994661335,14.743778348849387,0.3403429642777026,9.85510020243325,1.4645818515876814,0.39370039370059057,0.867179335547152,0.0,1.8019433953373787,-0.29999999999999716,-8.700000000000003,0.0,0.0,12.600000000000001,-4.300000000000001,1.3000000000000003,7.700000000000003,4.5,-15.399999999999991,0.30000000000000004,5.300000000000001,233.6,-3.9000000000000004,2.3999999999999995,1.4000000000000004,0.8000000000000003,7.5,-15.699999999999996,3.799999999999999,2.5,-0.19999999999999996,-6.2,-4.499999999999999,-5.5,-12.299999999999997,0.30000000000000004,-23.5,-0.7999999999999998,-19.599999999999994,-1.8000000000000007,0.09999999999999964,-2.2,0.0,-1.6,178,35,21.0,7.464008787452483
220C8D43-1322-4A9D-B890-D426942A3649,1,1995-04-28 18:02:38.403,1995-05-03 22:27:12.163,5,1995,4,4,금,단기(4-7일),Male,1971-03-13 18:31:24.877,Asian,Married,English,16.71,54.9,50대,Medium,M63,Disorders of muscle in diseases classified elsewhere,0.0,0.0,0.0,1.0,2.0,0.0,0.0,0.0,1.0,1.0,2.0,1.0,0.0,0.0,1.0,2.0,0.0,0.0,1.0,0.0,1.0,0.0,2.0,0.0,0.0,1.0,0.0,1.0,0.0,0.0,0.0,1.0,1.0,0.0,1.0,23.639999999999997,75.02000000000001,0.125,0.42000000000000004,42.325,15.35,3.6799999999999997,33.9,36.55,85.6,0.6,5.7,276.875,13.860000000000003,4.8999999999999995,8.966666666666667,4.340000000000001,81.46000000000001,49.11999999999999,8.55,21.720000000000002,0.625,16.86,10.625,28.320000000000004,95.80000000000001,0.875,98.03999999999999,4.925000000000001,139.725,8.466666666666667,6.6000000000000005,2.2800000000000002,1.0,4.0,4.690735549996397,4.448820068287774,0.05000000000000002,0.16431676725154984,10.753720286486905,1.771063710504698,1.0709808588392231,1.5556349186104066,3.9340394846349303,9.45762478990718,0.41472882706655445,3.119615360905892,75.0111713902225,1.1304866208850062,1.4477568856683087,2.7207842006794047,0.7300684899377593,25.942301362832094,19.26504606794388,0.932737905308882,8.89449267805646,0.20615528128088303,10.769076097790377,1.4384598244882147,3.890629769073382,4.188078318274389,0.17078251276599335,26.0221636302595,0.37749172176353746,8.43302041580201,0.4509249752822901,0.9055385138137418,1.1122050170719426,0.0,2.082066281365701,-8.0,10.400000000000006,-0.1,0.3,-5.100000000000001,-3.9000000000000004,-2.1999999999999997,-2.200000000000003,-1.0,22.10000000000001,0.0,7.8999999999999995,-70.90000000000003,0.5,-2.6000000000000005,5.1,-1.9,-32.39999999999999,40.800000000000004,0.2999999999999998,16.999999999999996,-0.19999999999999996,6.8,0.5999999999999996,-5.699999999999999,-8.400000000000006,-0.30000000000000004,36.2,0.20000000000000018,12.400000000000006,0.5,-0.10000000000000053,0.30000000000000004,0.0,0.40000000000000036,159,35,20.0,6.787220530944508
220C8D43-1322-4A9D-B890-D426942A3649,2,1997-09-21 11:20:02.637,1997-10-05 17:58:26.743,14,1997,9,6,일,중기(8-14일),Male,1971-03-13 18:31:24.877,Asian,Married,English,16.71,54.9,50대,Medium,M72,Fibroblastic disorders,1.0,1.0,0.0,3.0,1.0,0.0,1.0,2.0,1.0,1.0,2.0,1.0,0.0,1.0,1.0,2.0,2.0,0.0,3.0,2.0,2.0,1.0,3.0,0.0,1.0,1.0,2.0,1.0,1.0,0.0,3.0,1.0,1.0,0.0,2.0,23.433333333333337,68.83333333333333,0.125,0.30000000000000004,39.65,14.299999999999999,3.2538461538461543,30.71666666666667,33.241666666666674,83.325,0.5692307692307692,6.166666666666667,315.15999999999997,12.783333333333333,4.8999999999999995,8.127272727272727,3.872727272727273,80.19166666666668,48.78571428571429,13.442857142857141,24.575,0.4,15.9,9.0375,27.32,100.73999999999998,0.975,98.76,4.761538461538461,138.32142857142858,6.5600000000000005,6.058333333333334,1.4538461538461538,1.0,3.023076923076923,5.753786631954699,5.634686945136969,0.07537783614444091,0.15491933384829668,7.171344491668339,2.2140460699813813,1.063496892814286,6.514296631721693,2.638339124019756,7.8351335777903754,0.3520999275409738,3.0722610368892607,95.28500173456239,2.06214069413904,1.0604788468495658,2.592331348069112,1.1046184038761162,31.152891543404944,19.14555008120915,2.564465542073731,8.762432725717627,0.2748737083745107,7.731494034143724,1.119869252572434,5.4625594326794795,7.729625547923467,0.2137330535547045,22.558329331362778,0.7411010519698168,8.076669017459016,1.505692900664379,0.8928588744571954,0.8282666485049611,0.0,1.823985492519904,7.699999999999999,-2.0,0.2,-0.09999999999999998,17.6,-5.100000000000001,-2.0,-11.100000000000001,-3.3000000000000007,-17.700000000000003,0.20000000000000007,-6.1000000000000005,-15.599999999999994,5.699999999999999,-3.2,-1.0000000000000009,0.2999999999999998,58.39999999999999,8.399999999999999,2.5,-14.599999999999998,0.4,-15.0,-0.7999999999999989,7.100000000000001,12.299999999999997,0.5000000000000001,-25.700000000000003,0.20000000000000018,-13.700000000000017,-1.9000000000000004,2.0,1.1,0.0,-0.20000000000000018,412,35,44.0,7.576250221874243
220C8D43-1322-4A9D-B890-D426942A3649,3,2000-09-23 17:16:09.810,2000-10-04 16:44:14.310,10,2000,9,5,토,중기(8-14일),Male,1971-03-13 18:31:24.877,Asian,Married,English,16.71,54.9,50대,Medium,J14,Pneumonia due to Hemophilus influenzae,0.0,1.0,0.0,2.0,1.0,0.0,0.0,1.0,0.0,0.0,1.0,1.0,3.0,1.0,1.0,3.0,1.0,0.0,2.0,0.0,2.0,1.0,1.0,0.0,0.0,2.0,0.0,1.0,0.0,0.0,0.0,0.0,3.0,0.0,0.0,25.500000000000004,68.85,0.13333333333333333,0.2727272727272727,41.128571428571426,13.990909090909089,2.5,28.25,34.525000000000006,87.57142857142857,0.525,5.88,272.24545454545455,12.833333333333334,5.500000000000001,7.710000000000001,4.324999999999999,102.25555555555555,46.3,10.428571428571427,28.825,0.3375,15.145454545454548,10.209999999999997,24.18888888888889,100.8125,0.8142857142857144,101.91249999999998,4.185714285714285,138.2,7.7285714285714295,5.844444444444445,1.2125000000000001,1.0,3.5222222222222226,7.152342273689089,6.642665127793209,0.08164965809277261,0.11037127426019046,7.672833958348177,2.6485673657487157,1.1454256850621083,5.420239847091637,3.044784768372684,7.3574710976245745,0.3412163117856053,3.3578432231286666,126.54877607971059,2.449217562134215,0.9913915184512843,3.0237761527967355,0.8843884085303568,26.15712671104718,19.212322434659832,4.404813384512555,11.446989622978235,0.26152028055746873,5.869644561021329,1.2485102233373093,3.6212720294271064,7.717223316341557,0.19518001458970666,26.42825530698969,0.8315218406202999,7.4292215832705795,1.530483894845337,0.8847472959991335,1.0960155108391485,0.0,1.647557114167653,-5.400000000000002,-1.2999999999999972,0.2,0.19999999999999998,-10.799999999999997,2.3999999999999986,-1.4999999999999998,7.5,-8.100000000000001,-5.3999999999999915,0.9,1.3000000000000007,-284.70000000000005,3.9000000000000004,0.2999999999999998,3.8000000000000007,-0.8000000000000007,-31.5,6.5,-7.1,-4.0,-0.30000000000000004,13.200000000000001,2.5999999999999996,4.600000000000001,-8.599999999999994,0.30000000000000004,32.900000000000006,-0.8999999999999999,12.800000000000011,2.8999999999999995,0.3000000000000007,-0.7000000000000001,0.0,-1.2000000000000002,291,35,28.0,8.538724726794992
220C8D43-1322-4A9D-B890-D426942A3649,4,2011-01-25 23:19:10.720,2011-02-02 22:06:51.877,7,2011,1,1,화,단기(4-7일),Male,1971-03-13 18:31:24.877,Asian,Married,English,16.71,54.9,50대,Medium,M12.161,"Kaschin-Beck disease, right knee",0.0,1.0,0.0,3.0,1.0,1.0,0.0,3.0,1.0,0.0,1.0,0.0,2.0,1.0,1.0,2.0,3.0,0.0,1.0,1.0,3.0,0.0,0.0,0.0,1.0,1.0,0.0,2.0,1.0,2.0,0.0,2.0,2.0,0.0,1.0,27.514285714285712,69.58333333333333,0.1142857142857143,0.5,42.199999999999996,13.060000000000002,3.1,32.37142857142857,33.285714285714285,85.45,0.3666666666666667,5.860000000000001,227.5714285714286,13.733333333333333,5.087499999999999,6.714285714285715,4.52,100.47142857142856,47.18333333333334,7.8199999999999985,24.075000000000003,0.6285714285714287,17.14,9.299999999999999,25.12857142857143,103.78571428571429,0.9166666666666666,83.68333333333334,5.1499999999999995,139.31428571428572,7.3,5.220000000000001,1.8199999999999998,1.0,3.3374999999999995,5.552905717258478,5.021719493028924,0.08997354108424373,0.1732050807568877,9.489151700758082,2.293032926061029,1.49164338901763,6.969627987612703,3.9507081945007325,4.106458328048635,0.18618986725025255,2.9517791245281217,101.47252032423549,2.404717585635924,1.2028982856893122,3.534793049778432,1.4956603892595404,27.666388409386716,17.831367492894838,3.9644671773139963,10.20962431098366,0.3773340063934768,1.7868967513541463,1.2727922061357855,4.722186741229917,8.2984794935435,0.16020819787597226,22.806789924640128,0.9481561052906848,9.704196441304582,0.9018499505645792,0.782304288624318,1.5188811671753653,0.0,1.9588170628505066,2.8000000000000007,-13.5,0.1,-0.09999999999999998,19.400000000000002,-2.9000000000000004,3.4000000000000004,-2.799999999999997,-7.5,0.5999999999999943,-0.2,-1.2999999999999998,-229.10000000000002,3.200000000000001,1.7000000000000002,-6.3999999999999995,-1.1,60.0,-46.3,4.0,-12.5,-0.19999999999999998,-2.3000000000000007,-1.3000000000000007,15.0,18.60000000000001,-0.30000000000000004,15.5,-2.0999999999999996,-16.900000000000006,-0.6000000000000005,-0.20000000000000018,-1.4,0.0,1.5999999999999996,220,35,37.0,7.637077848916189
C242E3A4-E785-4DF1-A0E4-3B568DC88F2E,1,1987-10-06 14:54:32.710,1987-10-19 13:20:04.480,12,1987,10,1,화,중기(8-14일),Male,1963-02-23 21:46:28.840,Asian,Single,Spanish,7.59,62.9,60대,Low,O9A.1,"Malignant neoplasm complicating pregnancy, childbirth and the puerperium",0.0,2.0,0.0,1.0,1.0,1.0,0.0,1.0,2.0,4.0,0.0,0.0,1.0,1.0,0.0,1.0,1.0,3.0,1.0,2.0,1.0,1.0,2.0,4.0,0.0,1.0,3.0,1.0,0.0,0.0,1.0,2.0,2.0,0.0,3.0,27.4375,66.95454545454544,0.1111111111111111,0.32499999999999996,47.133333333333326,14.77777777777778,3.3299999999999996,30.62727272727273,32.15,84.65384615384616,0.6125,6.720000000000001,285.15999999999997,13.61,5.377777777777777,7.475,4.340000000000001,89.19999999999999,46.85,11.739999999999998,20.98888888888889,0.7,16.85,10.029999999999998,26.98,105.27999999999997,0.96,84.64999999999999,4.322222222222222,140.32999999999998,7.911111111111111,6.316666666666667,1.5714285714285714,1.0,2.944444444444444,6.071464285609245,6.607929121345605,0.06009252125773315,0.11381803659589923,8.730330272484924,2.7238657170360736,0.9238205693988655,4.834271591272238,2.8473184265589637,11.944916309502785,0.25319388392523007,3.0084325930069746,83.42615097597795,1.9745322934248954,0.8856886837057613,2.669269563007828,0.9453982112198951,35.94906118384734,20.479217107431946,5.183778115964799,5.194815791836233,0.33993463423951903,7.469828199720079,1.6371044899795226,4.627646390024967,7.16996823175978,0.23190036174568116,14.401686409187343,0.8482007099999649,6.753772608286753,1.5086785976844477,0.8684713145766095,1.200991653751579,0.0,2.2294119802714296,3.8000000000000007,0.09999999999999432,0.0,-0.3,-3.5,0.7000000000000011,-0.4999999999999998,9.899999999999999,-1.3000000000000007,-28.099999999999994,0.5000000000000001,-4.699999999999999,166.7,0.5,0.9000000000000004,-6.4,-2.3,-81.5,-10.700000000000003,-9.600000000000001,2.700000000000003,-0.20000000000000007,15.299999999999999,-3.5999999999999996,8.400000000000002,20.400000000000006,0.20000000000000007,-17.099999999999994,1.9,14.400000000000006,1.8000000000000007,1.6000000000000005,-2.5,0.0,-5.6,335,35,43.0,7.260427452446825
C242E3A4-E785-4DF1-A0E4-3B568DC88F2E,2,2005-06-16 05:33:19.090,2005-06-24 01:25:21.270,7,2005,6,3,목,단기(4-7일),Male,1963-02-23 21:46:28.840,Asian,Single,Spanish,7.59,62.9,60대,Low,C71.8,Malignant neoplasm of overlapping sites of brain,2.0,2.0,0.0,1.0,0.0,1.0,0.0,1.0,1.0,0.0,1.0,0.0,0.0,0.0,1.0,0.0,1.0,0.0,1.0,3.0,1.0,0.0,1.0,2.0,1.0,1.0,1.0,0.0,0.0,1.0,1.0,1.0,2.0,0.0,1.0,25.139999999999997,67.8,0.09999999999999999,0.27999999999999997,40.95714285714286,15.083333333333334,2.5749999999999997,34.6,33.775,85.56666666666668,0.7,5.383333333333333,248.21666666666667,13.500000000000002,4.08,7.433333333333334,3.9,84.89999999999999,46.833333333333336,9.700000000000001,32.15,0.42857142857142866,20.46,9.912499999999998,26.03333333333333,97.45,0.925,109.35000000000001,4.380000000000001,136.71999999999997,7.9125000000000005,6.1000000000000005,1.3,1.0,3.4749999999999996,6.922282860444233,5.148462553682085,0.0894427190999916,0.14832396974191325,6.412710592476254,2.8861161907772646,0.822090830342568,4.331281565541542,4.08605351572068,2.88675134594813,0.39157800414902444,2.717658305723269,65.12576806968703,1.8242806801586202,1.4307340773183532,2.027477907812232,1.0862780491200217,22.945936459425674,15.048809476721628,5.8864250611045765,6.336797298320344,0.3498298906339371,6.6635576083650685,1.5651905406599633,5.891915364859433,5.244330271826898,0.22173557826083445,17.757111251552153,0.6833739825307955,9.828377282135646,1.4396800239735814,0.8406346808612327,1.416568624058385,0.0,2.096624270901521,1.8999999999999986,-4.099999999999994,-0.2,0.2,8.600000000000001,-1.1999999999999993,-1.9,-1.2999999999999972,-6.300000000000004,0.0,-0.7,0.3999999999999999,91.0,1.5,-0.3999999999999999,-2.5,-1.3000000000000003,-44.39999999999999,-3.1000000000000014,7.7,7.199999999999999,-0.2,-5.100000000000001,-1.9000000000000004,6.699999999999999,4.6000000000000085,0.3999999999999999,-10.5,-0.40000000000000036,-7.099999999999994,-3.4000000000000004,-1.3999999999999995,0.9,0.0,2.8,197,35,28.0,6.072976825826711
C242E3A4-E785-4DF1-A0E4-3B568DC88F2E,3,2010-02-25 20:15:28.500,2010-03-04 07:24:29.877,6,2010,2,3,목,단기(4-7일),Male,1963-02-23 21:46:28.840,Asian,Single,Spanish,7.59,62.9,60대,Low,E10.339,Type 1 diabetes mellitus with moderate nonproliferative diabetic retinopathy without macular edema,1.0,1.0,0.0,1.0,1.0,1.0,1.0,1.0,1.0,0.0,0.0,1.0,0.0,0.0,1.0,2.0,0.0,0.0,1.0,1.0,1.0,1.0,0.0,1.0,0.0,1.0,1.0,1.0,0.0,1.0,2.0,0.0,0.0,0.0,1.0,30.560000000000002,69.82000000000001,0.1,0.5,45.2,16.28,2.7428571428571433,29.5,33.449999999999996,85.58333333333333,0.725,8.2,273.95,13.850000000000001,5.6499999999999995,7.583333333333333,3.8000000000000003,118.75,48.980000000000004,13.366666666666667,29.959999999999997,0.72,12.379999999999999,8.9,29.8,99.08,1.0,88.98,4.45,139.25,8.125,5.619999999999999,0.95,1.0,2.56,5.557247520130806,7.279216990858286,0.0,0.09999999999999998,6.645675285477016,1.935716921453135,1.8063380477798565,4.7840011148270705,3.341706151055175,7.2275629825458205,0.2629955639676584,1.4053469322555194,91.85317087613251,2.2516660498395398,1.0212737145349426,2.9922678133259843,0.9143303560529968,23.2856822962094,19.071890310087255,4.2226374064874035,9.83300564425751,0.31937438845342625,4.288589511715944,1.2186057606953942,2.534561105990542,7.434514106516984,0.17320508075688767,26.14262802397647,0.6952217871538069,10.564610735848245,2.0516253719104443,0.7981227975693969,0.46547466812563143,0.0,2.0647033685253677,2.799999999999997,7.400000000000006,0.0,0.09999999999999998,13.700000000000003,0.9000000000000021,0.39999999999999947,-10.700000000000003,-2.6000000000000014,8.700000000000003,0.40000000000000013,-3.0999999999999996,-129.89999999999998,4.800000000000001,-0.20000000000000018,8.600000000000001,1.5,30.19999999999999,-33.4,6.299999999999999,13.400000000000002,-0.5,-9.6,-0.9000000000000004,-1.0,7.0,0.29999999999999993,-8.800000000000004,-0.10000000000000009,-6.899999999999977,-4.1000000000000005,-0.5,0.30000000000000004,0.0,3.8,172,35,24.0,7.27265624812904
0BC491C5-5A45-4067-BD11-A78BEA00D3BE,1,1941-11-09 09:21:21.510,1941-11-17 19:53:00.300,8,1941,11,6,일,중기(8-14일),Female,1921-04-18 01:56:01.807,Unknown,Married,English,18.05,104.8,70세~,Medium,C75.1,Malignant neoplasm of pituitary gland,0.0,2.0,0.0,3.0,3.0,1.0,2.0,1.0,1.0,0.0,0.0,0.0,0.0,2.0,1.0,2.0,0.0,0.0,0.0,2.0,2.0,0.0,1.0,1.0,1.0,0.0,2.0,3.0,1.0,2.0,2.0,1.0,1.0,0.0,1.0,23.325,69.62222222222222,0.09999999999999999,0.3888888888888889,34.2625,14.675,2.0599999999999996,31.450000000000006,34.1625,82.925,0.5571428571428572,7.485714285714286,275.62,14.5,5.171428571428572,9.757142857142856,4.277777777777777,72.725,38.199999999999996,12.812500000000002,30.17142857142857,0.72,12.600000000000001,8.6,21.82,101.05714285714286,0.8222222222222221,106.01666666666667,4.8999999999999995,138.02857142857144,7.155555555555556,5.8999999999999995,2.12,1.0,1.9000000000000001,4.258688597611778,6.109373490337977,0.08164965809277261,0.17638342073763938,4.071130941502267,2.465041292033172,1.6831518053936787,6.378009093753317,3.448783429393203,8.39196043841962,0.263673679998231,2.1628904822240163,69.91471232866513,2.3220680437919987,1.0625665245280498,1.8946038661218365,0.8074307675859552,13.832660626213595,20.490241579835022,4.1560412138751195,11.3824007845027,0.34205262752974147,8.046738469715542,1.4809906594348705,3.2896808355826854,5.533792293071468,0.2587362449376671,33.074668050740385,0.855235974119758,10.353858264066636,1.7450724276596026,0.916515138991168,1.3736811857195979,0.0,1.9057806799314552,-4.5,7.6000000000000085,0.0,-0.19999999999999996,1.3000000000000007,4.0,-0.10000000000000009,-5.899999999999999,2.3000000000000043,-5.0,-0.2,5.2,102.10000000000002,-2.0,-0.9000000000000004,2.6999999999999993,-0.9000000000000004,11.000000000000007,46.7,3.5999999999999996,19.400000000000002,-0.39999999999999997,-16.0,-1.0,2.5,7.5,-0.7,-1.2999999999999972,1.4,16.899999999999977,-1.9000000000000004,1.6000000000000005,-1.4999999999999998,0.0,0.8,243,35,38.0,6.700864711889076
0BC491C5-5A45-4067-BD11-A78BEA00D3BE,2,2008-05-20 23:06:06.983,2008-06-08 19:02:02.223,18,2008,5,1,화,장기(15-30일),Female,1921-04-18 01:56:01.807,Unknown,Married,English,18.05,104.8,70세~,Medium,F25.0,"Schizoaffective disorder, bipolar type",1.0,2.0,0.0,1.0,3.0,0.0,1.0,0.0,3.0,2.0,0.0,0.0,3.0,2.0,2.0,1.0,2.0,1.0,0.0,0.0,2.0,0.0,2.0,1.0,1.0,2.0,1.0,5.0,3.0,2.0,3.0,4.0,1.0,0.0,2.0,23.963636363636365,67.76,0.11818181818181821,0.33076923076923076,43.00625000000001,14.846153846153847,2.735714285714286,28.745454545454546,34.1875,83.69999999999999,0.6500000000000001,4.045454545454546,318.04615384615386,12.562500000000002,4.856250000000001,6.7294117647058815,4.723076923076923,92.2785714285714,46.21333333333333,11.059999999999999,25.207692307692305,0.6499999999999998,21.03846153846154,9.606666666666666,26.830000000000005,103.9,0.85,96.67333333333335,3.966666666666667,140.76428571428568,6.625000000000001,5.593333333333334,1.9333333333333333,1.0,2.714285714285714,5.484755733352713,6.209186742239283,0.07507571935295483,0.12506408613597125,7.976170238069562,2.040676107166195,1.117419515502738,3.4526406231647213,3.8803565128305753,7.761903301197645,0.3183289703016886,1.92891867965637,93.82447810836835,2.488339473089099,1.2274465365139124,1.961748169962939,1.0607810378473073,33.949423436169745,15.998297528472328,3.748104282738904,8.131672802326872,0.28756270219259605,6.717581219151535,1.466515143688147,4.860738398410038,7.472616676907761,0.17159383568311667,30.77219214686873,0.8657504314314892,9.940639752114484,1.3678948657102141,0.8664102184685187,1.0377715051829552,0.0,1.6704937744719224,1.3999999999999986,-9.400000000000006,0.0,0.3,-16.299999999999997,2.5999999999999996,-0.30000000000000027,-0.5,-3.6999999999999957,5.199999999999989,-0.7000000000000001,5.5,214.2,-5.9,-2.5,2.2,1.0,-23.799999999999997,-3.8000000000000043,6.500000000000002,2.299999999999997,-0.30000000000000004,-9.3,-0.5999999999999996,1.0,7.800000000000011,0.20000000000000007,-33.8,-1.5,-14.400000000000006,0.5,-1.2000000000000002,0.8999999999999999,0.0,-0.3999999999999999,482,35,53.0,7.721672807849753
79A7BA2A-D35A-4CB8-A835-6BAA13B0058C,1,1974-01-22 09:45:09.890,1974-02-01 04:38:09.187,9,1974,1,1,화,중기(8-14일),Female,1952-05-03 02:30:21.563,White,Single,Spanish,16.24,73.7,70세~,Medium,M11.071,"Hydroxyapatite deposition disease, right ankle and foot",1.0,0.0,0.0,1.0,0.0,0.0,0.0,1.0,3.0,1.0,0.0,1.0,1.0,1.0,0.0,1.0,0.0,2.0,1.0,1.0,2.0,1.0,0.0,2.0,2.0,1.0,1.0,0.0,0.0,0.0,0.0,0.0,0.0,0.0,0.0,28.566666666666666,70.14285714285714,0.07777777777777778,0.36000000000000004,39.550000000000004,14.4,3.0714285714285716,31.983333333333334,36.24285714285715,89.32222222222222,0.5555555555555557,6.7,274.9125,11.775,4.771428571428571,7.1875,4.322222222222222,87.9125,40.18571428571429,9.933333333333332,25.5375,0.6571428571428571,15.366666666666665,9.014285714285714,26.924999999999997,104.2,0.8666666666666667,92.92857142857143,4.714285714285714,135.82857142857142,6.899999999999999,6.15,1.775,1.0,3.266666666666667,6.502512334987659,5.982434605536767,0.044095855184409845,0.16733200530681513,4.5507630617781505,2.2124646889837587,1.4418902936935314,5.402746215274844,4.024449089774955,8.461202304899961,0.3395258131243894,3.467948480970654,104.35303318885506,1.6993696310270887,1.2841524905740824,2.7663475145810175,0.8074307675859549,41.501202650387995,18.753082286336166,4.832666620683312,10.384320254251463,0.43915503282683993,6.821925436903182,1.5377782365353938,5.794024014941108,6.357223113458089,0.21602468994692867,15.658407143950317,0.9940297973880049,7.418830609944372,0.874070935336486,0.07071067811865545,1.188937100342751,0.0,1.2769755936064975,-0.5,-0.9000000000000057,0.0,0.2,-1.1000000000000014,4.300000000000001,2.2,3.1000000000000014,-1.2999999999999972,4.200000000000003,-0.09999999999999998,1.0,-280.29999999999995,0.09999999999999964,1.3999999999999995,-1.0,0.20000000000000018,-0.7999999999999972,-11.799999999999997,6.700000000000001,5.5,-0.4,4.0,4.6,-8.099999999999998,-20.400000000000006,-0.30000000000000004,12.900000000000006,-1.1999999999999993,6.1000000000000085,0.39999999999999947,-0.10000000000000053,-2.4000000000000004,0.0,-1.1000000000000005,247,35,24.0,7.932201786774191
79A7BA2A-D35A-4CB8-A835-6BAA13B0058C,2,1991-05-06 03:31:18.457,1991-05-18 11:35:10.817,12,1991,5,0,월,중기(8-14일),Female,1952-05-03 02:30:21.563,White,Single,Spanish,16.24,73.7,70세~,Medium,H26.223,"Cataract secondary to ocular disorders (degenerative) (inflammatory), bilateral",2.0,1.0,0.0,4.0,2.0,0.0,1.0,1.0,1.0,0.0,1.0,0.0,4.0,3.0,1.0,1.0,3.0,3.0,0.0,4.0,1.0,0.0,1.0,0.0,1.0,0.0,1.0,1.0,3.0,0.0,0.0,0.0,1.0,0.0,2.0,24.522222222222226,70.78,0.1111111111111111,0.38181818181818183,43.37777777777777,13.5625,3.02,31.37272727272728,33.38181818181818,89.375,0.7636363636363637,5.960000000000001,311.9857142857143,13.530000000000001,4.777777777777778,5.509090909090909,4.618181818181817,100.61,40.46,8.8,27.400000000000002,0.775,14.342857142857142,10.149999999999999,27.325,103.85555555555555,0.9272727272727272,105.45454545454545,4.866666666666667,141.54000000000002,7.57,5.925000000000001,1.2750000000000001,1.0,4.355555555555555,6.103641900082642,6.953144772131689,0.060092521257733164,0.1721521525754576,8.121695909380286,3.032178613284043,1.258570617804182,5.946610952314084,3.6320292349644396,6.954700363269228,0.2460598596794173,1.6049922118191104,138.66974470027014,2.5241280122494225,0.928409631813697,2.3956020309953594,0.9620999759049801,39.13172767858725,14.266682242982151,5.428858075138822,8.363355444181138,0.3011881234615431,6.466801667712084,0.7502380574571929,4.195490776672361,8.289769464694283,0.17372915179041823,22.866891508745294,0.9008413575736584,9.53300698742124,1.4568230274584943,0.874642784226795,0.9006310918663443,0.0,1.4984250991550352,-2.8999999999999986,6.8999999999999915,0.0,0.09999999999999998,7.900000000000006,4.6,-1.4999999999999996,1.1999999999999957,-0.9000000000000021,-7.599999999999994,0.0,-1.0,-312.70000000000005,-2.1999999999999993,0.39999999999999947,-1.6999999999999997,-0.10000000000000053,21.099999999999994,-11.900000000000006,1.5999999999999996,-1.7999999999999972,0.5,8.600000000000001,-0.3000000000000007,-2.3999999999999986,1.5999999999999943,0.30000000000000004,4.299999999999997,2.1000000000000005,-6.5,2.5999999999999996,1.7000000000000002,1.8000000000000003,0.0,-1.7000000000000002,334,35,43.0,8.998998742826286
79A7BA2A-D35A-4CB8-A835-6BAA13B0058C,3,2003-12-21 00:30:19.433,2003-12-28 07:40:44.163,7,2003,12,6,일,단기(4-7일),Female,1952-05-03 02:30:21.563,White,Single,Spanish,16.24,73.7,70세~,Medium,D14,Benign neoplasm of middle ear and respiratory system,0.0,1.0,0.0,1.0,1.0,2.0,1.0,2.0,0.0,2.0,0.0,0.0,1.0,3.0,1.0,0.0,1.0,1.0,0.0,1.0,0.0,1.0,2.0,2.0,0.0,0.0,1.0,0.0,1.0,2.0,0.0,1.0,2.0,0.0,1.0,25.083333333333332,62.675,0.11666666666666665,0.19999999999999998,42.75000000000001,13.975000000000001,3.12,33.23333333333333,34.916666666666664,86.36666666666667,0.62,5.180000000000001,262.4571428571429,13.875,5.033333333333333,7.166666666666667,4.26,99.75999999999999,36.949999999999996,10.85,27.562500000000004,0.4142857142857143,12.066666666666665,8.533333333333333,23.133333333333336,102.475,0.8999999999999999,114.64999999999999,4.766666666666667,138.32,6.8999999999999995,6.433333333333334,1.2333333333333334,1.0,3.2571428571428567,6.125819673045124,2.666302058407238,0.09831920802501751,0.0816496580927726,9.022361110042096,4.14356931481382,1.5287249589118377,5.131341604947644,3.7274209135361502,11.43182691728083,0.2863564212655271,2.5083859352181035,93.7533440673426,3.2591629074262083,1.7785762095938797,2.0165977949672227,1.1610340218959994,38.41474977140942,18.357468961342864,5.174842992787318,9.521845184326708,0.397611918955202,5.923062271044149,1.5983324643723742,2.1007935008784973,5.813991744060182,0.2366431913239846,23.807792841840673,0.9092121131323903,11.652553368253669,1.4142135623730954,0.7633260552782584,1.1741663709486263,0.0,1.4853250405855536,-9.0,0.10000000000000142,-0.1,-0.1,11.0,5.6,-0.3000000000000007,-6.699999999999996,0.4000000000000057,20.799999999999997,-0.09999999999999998,-2.5999999999999996,-49.0,5.800000000000001,-1.1999999999999993,-3.5999999999999996,0.8000000000000003,-75.5,4.800000000000004,-3.7,-1.7999999999999972,0.8,-12.2,3.4000000000000004,-4.199999999999999,9.900000000000006,-0.30000000000000004,-61.79999999999998,-1.2000000000000002,9.700000000000017,0.20000000000000018,-0.7000000000000002,-0.40000000000000036,0.0,-1.1,195,35,31.0,7.9276206893635734
79A7BA2A-D35A-4CB8-A835-6BAA13B0058C,4,2010-01-08 13:16:16.433,2010-01-22 21:05:42.890,14,2010,1,4,금,중기(8-14일),Female,1952-05-03 02:30:21.563,White,Single,Spanish,16.24,73.7,70세~,Medium,F52.0,Hypoactive sexual desire disorder,1.0,3.0,0.0,3.0,0.0,1.0,3.0,4.0,1.0,1.0,2.0,4.0,3.0,1.0,1.0,0.0,0.0,1.0,1.0,1.0,0.0,0.0,4.0,0.0,5.0,1.0,3.0,3.0,1.0,4.0,2.0,1.0,0.0,0.0,1.0,25.928571428571434,70.63333333333333,0.14444444444444443,0.3222222222222222,42.3,14.040000000000001,2.272727272727273,29.85,33.766666666666666,85.69166666666666,0.6599999999999999,4.433333333333334,275.15999999999997,12.877777777777776,4.700000000000001,6.425,4.83,95.82222222222222,40.82222222222222,10.645454545454545,29.5,0.6454545454545454,15.063636363636363,9.381818181818181,28.144444444444446,99.15,0.8466666666666666,98.83846153846153,4.792307692307693,135.03636363636363,7.316666666666667,6.408333333333334,1.8714285714285714,1.0,2.3,6.69420502766243,6.945807542988966,0.05270462766947299,0.17159383568311665,5.015404840517435,2.203633363334291,1.4269484287043517,6.497392639444773,3.658209944768069,8.171064060377198,0.40055517028799476,3.329027522028654,103.23614999924524,2.153936963897608,1.072380529476361,2.4424745276423696,0.7242620765686658,31.4684674625957,18.17579281474248,4.078569267859414,8.514040691051987,0.26594599588501555,9.560886227465813,1.0107602898988286,7.905711718610651,4.699704482435274,0.22949219304078008,24.868941086609034,0.9187505450896691,9.198507784121595,1.511671761710033,0.6721178648439753,0.9724784242924291,0.0,1.4859340496805369,-3.3000000000000007,-11.700000000000003,0.0,0.19999999999999998,-12.700000000000003,1.9000000000000004,0.7000000000000002,12.199999999999996,4.0,-11.0,-0.20000000000000007,1.1,59.60000000000002,-0.5,2.0999999999999996,0.6000000000000014,0.7000000000000002,50.699999999999996,-43.9,-4.799999999999999,-12.200000000000003,0.39999999999999997,22.4,1.0999999999999996,15.600000000000001,4.0,-0.20000000000000007,-43.8,-0.5999999999999996,14.800000000000011,-2.5999999999999996,1.4000000000000004,-1.0,0.0,-0.09999999999999964,369,35,56.0,7.992386393149434
FFCDECD6-4048-4DCB-B910-1218160005B3,1,1968-07-05 06:48:58.117,1968-07-23 10:49:12.563,18,1968,7,4,금,장기(15-30일),Male,1941-05-06 14:56:42.687,White,Single,English,14.49,84.7,70세~,Medium,F01.5,Vascular dementia,2.0,4.0,0.0,3.0,0.0,2.0,1.0,1.0,3.0,1.0,4.0,1.0,1.0,3.0,0.0,1.0,1.0,1.0,0.0,2.0,0.0,2.0,3.0,2.0,3.0,0.0,4.0,2.0,0.0,1.0,2.0,2.0,2.0,0.0,4.0,25.886666666666667,68.68666666666667,0.10909090909090909,0.35714285714285715,42.67692307692308,14.30909090909091,2.5875,29.636363636363637,33.55714285714286,87.19333333333333,0.65,6.580000000000001,290.04615384615386,12.930769230769233,5.364285714285715,6.911764705882353,3.913333333333334,87.6,47.75,12.069230769230767,25.391666666666666,0.6176470588235295,15.906250000000002,9.15,27.61428571428571,100.20833333333331,0.8999999999999999,103.51666666666667,4.216666666666667,137.85,7.29375,5.885714285714286,1.9999999999999996,1.0,2.807692307692307,5.8294653842926865,6.181061705688093,0.07006490497453707,0.16035674514745463,5.573023393418488,2.9507472089132087,1.4777798663310218,4.400516498610755,3.8094445962460384,8.836892364777716,0.39657625656704065,3.034139087121749,84.29259176013646,2.191416823041133,0.8186359600975488,2.7488366523270296,0.7717018916160628,20.065310031660783,15.68325685100341,4.720413932305904,6.156512934701877,0.36269011241976096,6.471009066083383,1.4758309263180938,5.99690396311773,6.572319133143094,0.24120907566221095,24.34997977723011,0.7906652358308888,8.223114700927828,1.3045912514398272,0.862783637069923,1.0014275524755363,0.0,1.8359654764644215,-0.1999999999999993,-1.4000000000000057,0.0,0.09999999999999998,-5.399999999999999,-0.10000000000000142,0.40000000000000013,-3.900000000000002,-6.800000000000004,22.5,0.0,5.300000000000001,23.0,-3.1999999999999993,-1.0,-0.2999999999999998,0.2999999999999998,24.400000000000006,-27.1,9.399999999999999,12.399999999999999,0.30000000000000004,-1.9000000000000004,0.0,1.3999999999999986,1.2999999999999972,-0.6,-24.599999999999994,-0.10000000000000053,11.699999999999989,3.2,0.09999999999999964,1.1999999999999997,0.0,-4.1000000000000005,479,35,58.0,6.847349564490338
FFCDECD6-4048-4DCB-B910-1218160005B3,2,1999-12-18 17:55:30.370,1999-12-29 22:10:37.913,11,1999,12,5,토,중기(8-14일),Male,1941-05-06 14:56:42.687,White,Single,English,14.49,84.7,70세~,Medium,C91.42,"Hairy cell leukemia, in relapse",0.0,1.0,0.0,1.0,1.0,0.0,2.0,0.0,2.0,0.0,1.0,1.0,2.0,1.0,1.0,1.0,1.0,1.0,3.0,2.0,2.0,0.0,0.0,1.0,0.0,1.0,3.0,1.0,1.0,1.0,1.0,1.0,0.0,0.0,2.0,27.8,68.66000000000001,0.08571428571428573,0.41428571428571426,40.614285714285714,13.87777777777778,3.3600000000000003,31.811111111111114,34.154545454545456,83.83333333333333,0.6363636363636364,6.1,228.6833333333333,13.555555555555557,5.05,7.209999999999999,3.7,88.51666666666665,38.94285714285714,10.363636363636363,22.550000000000004,0.675,18.444444444444443,9.325000000000001,26.78888888888889,99.56250000000001,0.8363636363636363,84.1,4.929999999999999,142.23333333333332,7.444444444444445,6.133333333333334,1.9625000000000001,1.0,2.5999999999999996,5.1854191179278315,5.183349410478812,0.10690449676496977,0.14638501094227996,7.692730025036314,2.2593017603774057,1.3833935729855686,4.31203097288402,3.868685470896703,4.903060268852504,0.35573227931332657,2.74642624930238,111.76229089754139,2.292984469589312,1.2649110640673518,3.0475673358708035,0.7348469228349535,33.44717726007184,23.257605003013328,5.37480655043002,10.401785561005516,0.198206241793023,7.593601107365186,1.6316074457855532,4.6142292001060286,6.910434656579652,0.23779288161224368,18.35286081241832,0.9310090105781884,9.308329603102802,1.5549205052920794,0.674536878161602,0.8895223437328599,0.0,1.794435844492636,-1.3999999999999986,8.600000000000001,-0.2,0.2,-9.900000000000006,3.5,0.0,-1.0999999999999943,5.699999999999996,-0.29999999999999716,0.30000000000000004,-1.5,232.00000000000003,-1.0,1.9,-3.0,-1.5,43.599999999999994,50.7,12.599999999999998,5.0,0.19999999999999996,-0.3000000000000007,-1.6000000000000005,2.400000000000002,-7.900000000000006,0.09999999999999998,-37.3,0.09999999999999964,-21.5,-3.1999999999999993,1.0,0.9000000000000001,0.0,1.4,309,35,35.0,8.126253720891622
FFCDECD6-4048-4DCB-B910-1218160005B3,3,2012-10-18 09:33:12.933,2012-11-01 04:14:26.027,13,2012,10,3,목,중기(8-14일),Male,1941-05-06 14:56:42.687,White,Single,English,14.49,84.7,70세~,Medium,C21.8,"Malignant neoplasm of overlapping sites of rectum, anus and anal canal",1.0,0.0,0.0,1.0,2.0,1.0,0.0,1.0,4.0,3.0,0.0,1.0,1.0,2.0,0.0,1.0,2.0,2.0,2.0,2.0,0.0,1.0,2.0,2.0,2.0,1.0,2.0,1.0,0.0,0.0,1.0,0.0,2.0,0.0,1.0,25.72,70.03750000000001,0.10909090909090909,0.3727272727272727,44.027272727272724,15.4875,2.6777777777777785,30.522222222222226,33.7,86.66923076923075,0.7222222222222222,5.536363636363637,290.85999999999996,13.427272727272726,5.0181818181818185,7.725,4.611111111111111,106.16363636363636,29.96,12.299999999999999,25.711111111111112,0.8166666666666668,17.52,9.322222222222221,29.745454545454546,102.16363636363639,0.79,107.0,4.8500000000000005,133.55555555555554,7.08,5.8571428571428585,2.1374999999999997,1.0,2.7545454545454544,6.510470199779908,5.029892784997653,0.08312094145936336,0.13483997249264842,8.331277322126654,2.841245954054061,1.4342051612110605,5.824898663877719,4.149431018558784,8.468508784056437,0.24381231397212993,2.925840982443416,102.79204681729462,2.3685822380026877,1.197345548969204,2.247379426290604,1.0080233683358295,28.515479050062364,12.62142798753154,4.380005073563779,9.824006876581018,0.3298300756266457,6.7795116179395825,1.7173946676417875,5.40691476469967,7.317140524449801,0.2183269719175042,22.766038302699926,0.8501336793277118,1.1337009207801572,1.2568037060557846,0.7367883976130072,1.1044552632729985,0.0,1.6482497604208142,1.7000000000000028,-3.5999999999999943,0.1,0.09999999999999998,-3.5,-1.0,0.0,-1.7000000000000028,-1.8999999999999986,-22.5,-0.09999999999999998,0.1999999999999993,146.70000000000002,-5.800000000000001,2.6000000000000005,6.1,-1.0999999999999996,16.799999999999997,3.700000000000003,12.9,4.099999999999998,-0.7,18.1,3.700000000000001,3.6000000000000014,5.5,0.20000000000000007,65.50000000000001,-0.5,-0.8000000000000114,1.0999999999999996,1.5,-0.30000000000000027,0.0,-3.3,348,35,41.0,7.4913465468030545
CD2ADB1B-97F7-4EF6-BC5C-3E0EC562A06F,1,1988-12-02 05:42:32.720,1988-12-16 13:23:08.807,14,1988,12,4,금,중기(8-14일),Female,1963-04-16 08:54:08.647,White,Single,Icelandic,11.16,62.8,60대,Medium,G47,Sleep disorders,2.0,2.0,0.0,2.0,0.0,3.0,2.0,2.0,1.0,1.0,1.0,3.0,2.0,2.0,2.0,2.0,1.0,0.0,3.0,1.0,0.0,2.0,2.0,4.0,1.0,0.0,4.0,0.0,1.0,1.0,2.0,0.0,1.0,0.0,0.0,26.154545454545453,67.42222222222222,0.13000000000000003,0.3818181818181819,44.375,13.353846153846153,2.8272727272727276,32.83333333333333,32.15,85.47499999999998,0.8222222222222222,4.749999999999999,294.11,11.966666666666665,4.889999999999999,7.761538461538462,3.9818181818181824,97.39,47.76363636363636,10.774999999999999,24.755555555555556,0.7083333333333334,20.88888888888889,9.325,29.79090909090909,103.74615384615383,0.875,95.99999999999999,4.875000000000001,139.13,8.06923076923077,6.5,1.7249999999999999,1.0,2.9375,6.106285882001207,6.394876421358308,0.0674948557710553,0.15374122295716147,8.444397973974056,2.8958635397797385,1.2370051811459069,5.37508280415429,3.7359433517215863,7.427237954742232,0.29907264074877266,3.590496715869082,103.80261664439014,2.1558061137310096,1.1189777080492318,2.3673256576210147,0.9937989553407489,23.79096233633455,21.30475405759347,5.163530328616794,5.590641982615035,0.37284735685686643,7.1316976317782235,1.7268599985364923,3.5418793162541657,6.373854849384763,0.24908925016036834,22.54693869341123,0.7496969084539797,7.925633518316798,1.5461697919830872,0.62449979983984,1.033371735077529,0.0,1.1312919289782937,-5.399999999999999,11.400000000000006,0.0,-0.2,-0.6999999999999957,2.9000000000000004,1.2999999999999998,-1.0,-6.599999999999998,-7.299999999999997,0.09999999999999998,-0.6000000000000005,-90.30000000000001,0.3000000000000007,1.7000000000000002,-4.4,1.0,6.400000000000006,-21.700000000000003,11.4,4.399999999999999,-0.09999999999999998,3.3999999999999986,1.2999999999999998,1.2999999999999972,-2.5,0.09999999999999987,-44.900000000000006,-0.7999999999999998,-3.0,-3.500000000000001,1.4000000000000004,1.0,0.0,-2.0999999999999996,370,35,50.0,7.627706945929916
CD2ADB1B-97F7-4EF6-BC5C-3E0EC562A06F,2,2006-10-10 15:19:36.480,2006-10-29 00:14:52.633,18,2006,10,1,화,장기(15-30일),Female,1963-04-16 08:54:08.647,White,Single,Icelandic,11.16,62.8,60대,Medium,M10.38,"Gout due to renal impairment, vertebrae",1.0,2.0,0.0,4.0,3.0,2.0,0.0,1.0,1.0,2.0,1.0,0.0,3.0,2.0,4.0,1.0,2.0,1.0,1.0,4.0,3.0,1.0,2.0,4.0,1.0,5.0,5.0,4.0,6.0,6.0,4.0,2.0,2.0,0.0,2.0,26.241176470588233,70.12666666666668,0.10909090909090909,0.4133333333333333,40.45333333333334,14.628571428571428,2.6666666666666665,29.40666666666667,32.871428571428574,85.82666666666665,0.5733333333333334,6.5857142857142845,276.84999999999997,12.444444444444445,4.81875,7.835294117647059,4.327272727272727,79.00909090909092,42.36666666666668,10.466666666666669,27.03846153846154,0.66,16.692857142857143,9.138888888888891,27.781250000000004,101.29285714285713,0.9199999999999997,98.51764705882353,4.276470588235294,137.3375,7.1230769230769235,6.093749999999999,1.9071428571428573,1.0,2.5571428571428574,5.985405043053625,6.10789496900372,0.07006490497453707,0.1641718031587061,8.841449999589328,2.8521054494014586,1.2488089563755578,4.61232303828817,3.09426978373016,9.991887185302364,0.28900486072695997,2.371580823922222,109.6539308253678,2.09234521452174,1.426052243082279,2.709921856915479,0.971690186315483,24.121212844525648,19.00288198693882,4.974745746075395,10.209924784373491,0.3089151524748688,7.395265042913949,1.4576931367903707,5.066388424377534,7.4695756532456645,0.25967012040004034,22.688439658064787,1.0532861741738957,11.59280667770608,1.8444302851891898,0.8394194422337381,1.0156197696399556,0.0,1.8487893276471437,-10.3,0.4000000000000057,0.0,-0.09999999999999998,-2.3999999999999986,1.1999999999999993,-1.5,-0.3000000000000007,-1.8999999999999986,2.9000000000000057,0.09999999999999998,2.6999999999999993,-82.80000000000001,3.299999999999999,0.0,2.4000000000000004,0.40000000000000036,-56.900000000000006,7.900000000000002,-9.700000000000001,8.700000000000003,0.4,7.300000000000001,0.7000000000000011,4.200000000000003,14.799999999999997,0.0,23.700000000000003,0.2999999999999998,-3.299999999999983,-4.499999999999999,-0.5999999999999996,2.1,0.0,-1.2999999999999998,516,35,82.0,8.103770610585718
CD2ADB1B-97F7-4EF6-BC5C-3E0EC562A06F,3,2006-12-25 04:58:36.060,2007-01-13 09:26:36.727,19,2006,12,0,월,장기(15-30일),Female,1963-04-16 08:54:08.647,White,Single,Icelandic,11.16,62.8,60대,Medium,F34.0,Cyclothymic disorder,3.0,2.0,0.0,4.0,4.0,2.0,2.0,2.0,5.0,2.0,0.0,0.0,1.0,1.0,2.0,2.0,3.0,2.0,0.0,2.0,4.0,0.0,1.0,5.0,1.0,0.0,3.0,4.0,2.0,3.0,1.0,5.0,1.0,0.0,1.0,23.759999999999998,68.73333333333333,0.08571428571428573,0.3384615384615385,40.24117647058823,14.206666666666669,2.7538461538461543,31.914285714285715,33.775,86.58571428571429,0.7076923076923076,5.457142857142856,313.44545454545454,12.773333333333335,5.323529411764706,8.064285714285713,4.18125,100.32941176470587,47.375,11.473333333333334,28.91818181818182,0.625,20.438461538461542,10.05,25.873333333333335,104.30625,0.8,95.70666666666666,4.673333333333332,137.93333333333337,7.866666666666666,6.046666666666667,2.0733333333333337,1.0,3.0866666666666664,6.39327771960518,5.819384683558741,0.09492622930986468,0.1757766648262388,7.880280675801579,2.9639420340068026,1.5408955105259325,5.265688229232011,4.1749251490296215,8.967107169483983,0.32005608482873343,2.7614695880480533,84.92455903490301,2.0055162024015756,1.0721062282749234,2.551803929909839,0.9086390922693124,28.770813437967877,12.012124556615136,4.205687758715515,10.52462048549193,0.4413306326018253,6.108401108519653,1.3569573808094837,5.03082876822876,6.232759554696998,0.2138089935299395,24.338108468192925,0.9090549776448905,9.882982006122115,1.1570600152057278,1.069623876928352,0.9184355227906907,0.0,1.5963649183006223,7.400000000000002,4.6000000000000085,-0.1,0.2,6.5,0.20000000000000107,-0.2999999999999998,-16.1,-3.700000000000003,9.700000000000003,-0.09999999999999998,3.6,-121.69999999999999,-1.0,-0.09999999999999964,-0.3000000000000007,-1.4999999999999996,-34.10000000000001,2.1999999999999957,2.1000000000000014,-0.19999999999999574,0.1,11.600000000000001,2.799999999999999,12.700000000000003,-14.100000000000009,0.40000000000000013,-75.1,-0.9000000000000004,-10.900000000000006,-0.5,-2.7,-1.5,0.0,2.3,498,35,70.0,7.216837619667938
CD2ADB1B-97F7-4EF6-BC5C-3E0EC562A06F,4,2009-09-12 00:55:35.003,2009-09-20 12:22:33.137,8,2009,9,5,토,중기(8-14일),Female,1963-04-16 08:54:08.647,White,Single,Icelandic,11.16,62.8,60대,Medium,B73.1,Onchocerciasis without eye disease,1.0,0.0,0.0,2.0,1.0,3.0,3.0,1.0,0.0,0.0,0.0,0.0,1.0,1.0,2.0,0.0,1.0,0.0,1.0,1.0,0.0,0.0,2.0,0.0,2.0,3.0,1.0,0.0,1.0,0.0,0.0,0.0,3.0,0.0,0.0,24.537499999999998,66.98333333333333,0.04,0.48571428571428577,39.033333333333324,13.2,2.7777777777777777,27.650000000000002,34.06,86.13749999999999,0.7000000000000001,6.3,238.12000000000003,13.085714285714287,4.9,6.139999999999999,3.75,106.6875,46.512499999999996,9.242857142857144,24.528571428571432,0.8750000000000001,17.685714285714283,8.719999999999999,28.0875,101.42857142857143,0.8333333333333334,97.78,5.24,140.26666666666665,8.36,5.516666666666667,1.7,1.0,2.5124999999999997,6.5971720131756895,4.9535509149161445,0.05477225575051661,0.10690449676496976,8.67517531042841,3.350124375800596,1.9549793974475653,5.37875450267067,3.806967296943855,7.86328493697132,0.25819888974716115,2.3909551787239067,112.95322925883971,1.90388074856644,1.1807987611298187,2.152440475367437,0.694982014155762,25.78983396058,16.353543740032094,5.421517974041692,8.87162410642574,0.45000000000000007,8.269507960257485,1.4788509052639494,6.5186408530788515,9.23574835186882,0.2065591117977289,24.952194292286194,0.5727128425310541,8.00216637334332,1.1802542099056454,0.7194905605125521,1.2340409810282407,0.0,1.858907129010407,-4.0000000000000036,-6.3999999999999915,-0.1,0.19999999999999996,-0.6000000000000014,-6.699999999999999,-1.2000000000000002,-3.900000000000002,-8.599999999999998,-5.299999999999997,-0.40000000000000013,-5.1,1.8000000000000114,1.6999999999999993,0.7999999999999998,1.1,-0.7000000000000002,37.10000000000001,-35.2,1.4000000000000004,-6.399999999999999,-0.9000000000000001,-10.4,3.500000000000001,11.899999999999999,-13.200000000000003,0.20000000000000007,-57.39999999999999,0.20000000000000018,-0.5999999999999943,2.5999999999999996,0.0,-3.1999999999999997,0.0,2.9,229,35,30.0,8.154050405124677
A50BE9B4-8A0B-4169-B894-F7BD86D7D90B,1,2010-10-25 12:30:21.223,2010-10-31 11:06:07.027,5,2010,10,0,월,단기(4-7일),Female,1987-04-18 16:31:16.333,Asian,Divorced,English,14.07,38.8,30대,Medium,G96.1,"Disorders of meninges, not elsewhere classified",0.0,1.0,0.0,,0.0,0.0,0.0,1.0,0.0,0.0,0.0,0.0,1.0,2.0,0.0,1.0,1.0,2.0,0.0,1.0,0.0,0.0,1.0,1.0,1.0,1.0,2.0,1.0,0.0,0.0,1.0,0.0,1.0,0.0,0.0,18.95,71.60000000000001,0.125,,49.36,14.5,3.4,30.96,36.775,90.05999999999999,0.5,7.550000000000001,251.1,10.5,5.05,10.333333333333334,3.9799999999999995,90.38,45.46,10.233333333333333,25.099999999999998,0.4,15.075,10.875,26.95,103.375,0.8333333333333334,109.63333333333333,4.38,148.3,7.0200000000000005,5.860000000000001,1.3,1.0,2.1333333333333333,0.6363961030678917,7.208328516376042,0.05,,2.3754999473794984,2.594224354214568,,5.705523639421713,2.2306576010973393,6.542400171190996,0.17320508075688776,2.6261505415087436,124.5915928142826,1.9912307751739877,0.7141428428542849,0.9712534856222307,0.998498873309329,41.198325208678085,15.659278399722,6.771508940652248,6.550572494064927,0.282842712474619,9.011612878207023,0.8958236433584459,6.525079820712286,7.283028216339687,0.3511884584284246,25.900064349984405,0.9497368056467012,,1.3007690033207278,0.594138031100518,1.3114877048604001,0.0,1.4746751054610865,-0.8999999999999986,-7.799999999999997,0.1,,-2.3999999999999986,-3.6999999999999993,0.0,-7.799999999999997,5.200000000000003,-5.299999999999997,0.3,5.8,291.29999999999995,0.29999999999999893,0.0,-1.3000000000000007,-0.5,-0.4000000000000057,-14.199999999999996,13.4,6.399999999999999,-0.39999999999999997,-11.0,1.1999999999999993,9.700000000000003,-0.8000000000000114,-0.30000000000000004,51.8,-1.9999999999999996,0.0,-2.0,1.4000000000000004,2.6,0.0,-3.5,130,34,19.0,8.920913641227115
69CC25ED-A54A-4BAF-97E3-774BB3C9DED1,1,1999-04-21 10:52:48.653,1999-05-08 08:52:28.027,16,1999,4,2,수,장기(15-30일),Female,1974-10-13 14:51:28.997,Unknown,Married,English,17.72,51.3,50대,Medium,C91.5,Adult T-cell lymphoma/leukemia (HTLV-1-associated),3.0,3.0,0.0,2.0,1.0,1.0,2.0,0.0,2.0,2.0,1.0,2.0,2.0,2.0,2.0,2.0,2.0,0.0,1.0,4.0,0.0,1.0,2.0,4.0,0.0,0.0,1.0,0.0,2.0,5.0,1.0,2.0,1.0,0.0,1.0,24.23846153846154,71.53846153846153,0.125,0.35000000000000003,44.28571428571429,14.86,2.58125,33.00833333333333,34.96153846153846,85.07272727272726,0.5214285714285715,6.463636363636363,289.59999999999997,13.5,5.253846153846154,7.978571428571429,4.3,85.94,40.711111111111116,7.6230769230769235,29.79090909090909,0.6538461538461539,16.723076923076924,9.142857142857142,25.024999999999995,102.8,0.9083333333333333,90.23571428571428,4.242857142857143,141.825,7.578571428571427,5.923076923076922,2.1785714285714284,1.0,2.2199999999999998,6.900427337194229,6.187290529994862,0.06215815605080611,0.1454436184706849,6.065140894153577,2.3056452459127357,1.4842366163564802,4.47202584423605,3.642924297305316,9.655681323354756,0.2154729018428337,2.9213944366595643,109.050502062118,2.6187359121869807,1.2699182287424287,3.166453626919013,0.9287087810503354,19.6553752896702,18.080061147880865,4.427029449144172,7.2313836221645085,0.3665500980206858,7.353474671445448,1.71002217066792,5.01182692148373,6.279596590015424,0.21087839379532694,14.468778436708105,0.8697606087214553,11.867229515082123,1.0415805825235558,0.8804864622788986,0.832215367307296,0.0,1.539573224723564,-5.5,-10.200000000000003,0.0,-0.09999999999999998,-7.0,-3.6999999999999993,0.10000000000000009,1.2000000000000028,0.6999999999999957,11.100000000000009,-0.29999999999999993,-1.9999999999999991,-65.60000000000002,0.3000000000000007,-2.3999999999999995,-7.8,-0.2999999999999998,26.0,21.2,0.9000000000000004,6.300000000000001,0.9000000000000001,-3.3999999999999986,1.299999999999999,-11.000000000000004,-3.0999999999999943,0.0,-25.900000000000006,0.8000000000000003,-19.19999999999999,-3.3,-1.0,2.1,0.0,-0.6000000000000001,433,35,54.0,7.511942353262341
69CC25ED-A54A-4BAF-97E3-774BB3C9DED1,2,2009-12-21 18:48:52.093,2009-12-26 00:30:07.090,4,2009,12,0,월,단기(4-7일),Female,1974-10-13 14:51:28.997,Unknown,Married,English,17.72,51.3,50대,Medium,H36,Retinal disorders in diseases classified elsewhere,2.0,0.0,0.0,1.0,1.0,1.0,0.0,0.0,0.0,0.0,1.0,0.0,0.0,1.0,0.0,1.0,0.0,1.0,0.0,0.0,1.0,0.0,0.0,1.0,0.0,0.0,0.0,1.0,0.0,0.0,1.0,0.0,2.0,0.0,1.0,27.375,71.05,0.2,0.2333333333333333,47.43333333333334,13.739999999999998,2.033333333333333,29.76666666666667,36.1,85.0,0.775,5.1,265.45,13.475000000000001,5.06,6.1499999999999995,4.3,88.89999999999999,54.225,13.850000000000001,18.433333333333334,0.5,17.200000000000003,7.6,25.400000000000002,95.36666666666666,0.95,105.20000000000002,4.35,138.16666666666666,8.566666666666668,6.9,2.433333333333333,1.0,4.94,8.542199170393221,5.42739962290107,0.0,0.11547005383792515,5.390114408185907,2.884961004935768,0.8082903768654761,3.0038863715748856,1.6852299546352698,8.70574522944475,0.4425306015783918,3.9597979746446668,106.26741425918547,3.252050635112149,1.2340988615179902,3.1224989991991987,0.9486832980505135,40.594704088095035,11.734102720986668,0.7778174593052026,7.83602790534422,0.2943920288775949,7.060217182684019,0.4242640687119292,4.680811895387381,2.311565126344771,0.17320508075688779,27.65007534649167,0.602771377334171,7.769384359994894,1.8770544300401448,0.42426406871192857,1.6772994167212165,0.0,0.8384509526501835,-16.299999999999997,-0.9000000000000057,0.0,0.0,7.0,6.799999999999999,0.0,0.20000000000000284,3.3999999999999986,-5.199999999999989,-0.6000000000000001,5.6000000000000005,41.099999999999994,-1.1000000000000014,-3.1999999999999997,-5.7,-2.1,-76.5,-9.199999999999996,-1.0999999999999996,2.0999999999999996,-0.10000000000000009,7.600000000000001,0.6000000000000005,8.3,-1.8999999999999915,0.0,58.69999999999999,1.0999999999999996,-3.299999999999983,-0.09999999999999964,0.6000000000000005,2.8,0.0,1.2000000000000002,123,35,16.0,7.786193666585731
69B5D2A0-12FD-46EF-A5FF-B29C4BAFBE49,1,1976-02-24 17:42:25.660,1976-03-03 08:44:56.803,7,1976,2,1,화,단기(4-7일),Male,1954-05-02 16:38:15.957,White,Married,English,18.65,71.7,70세~,Medium,Z91.15,Patient's noncompliance with renal dialysis,0.0,1.0,0.0,2.0,0.0,0.0,1.0,0.0,0.0,0.0,1.0,1.0,1.0,1.0,1.0,1.0,0.0,1.0,1.0,0.0,1.0,0.0,1.0,2.0,0.0,0.0,1.0,0.0,1.0,1.0,2.0,1.0,0.0,0.0,1.0,22.766666666666666,73.425,0.14,0.3166666666666667,47.54,13.940000000000001,2.6999999999999997,29.9,33.14,88.36666666666667,0.44999999999999996,7.8375,295.92857142857144,12.366666666666667,4.44,5.733333333333333,4.433333333333334,85.30000000000001,45.82000000000001,12.033333333333331,22.275,0.7000000000000001,12.700000000000001,8.98,27.25,102.29999999999998,0.7166666666666667,89.94285714285715,3.675,139.36666666666665,6.985714285714286,5.585714285714286,1.75,1.0,2.5599999999999996,6.71853158559716,6.535735102751131,0.0894427190999916,0.17224014243685085,5.864980818382955,2.3490423580684965,1.1575836902790224,4.009987531152687,2.9373457406304766,5.061949558552843,0.3872983346207417,2.315128814682118,87.96008023123736,2.578113005022601,1.546932448428179,2.302896726588783,0.9070097390142329,49.62569898752057,19.963641952309207,3.852098994920388,11.86040330961248,0.14142135623730953,6.8308125431752265,1.8102486017119306,4.680964491579547,3.766961640367468,0.11690451944500123,18.602675178842524,0.499165971062398,8.959836308028535,1.7883219056129789,0.8029706749078107,0.8288546314040841,0.0,2.164024029441448,12.200000000000003,10.099999999999994,0.1,-0.19999999999999998,-13.0,3.1000000000000014,0.3999999999999999,-2.8999999999999986,2.3999999999999986,-9.799999999999997,0.10000000000000003,0.3999999999999986,20.5,2.0,1.8000000000000003,-2.0999999999999996,-2.2,-24.700000000000003,-16.5,0.5,-4.999999999999998,-0.30000000000000004,14.899999999999999,3.8,11.900000000000002,9.100000000000009,0.10000000000000009,-4.0,0.20000000000000018,-15.199999999999989,2.3999999999999995,0.2999999999999998,0.9000000000000001,0.0,-0.9000000000000001,191,35,23.0,7.6911229612206995
69B5D2A0-12FD-46EF-A5FF-B29C4BAFBE49,2,1977-01-05 19:55:00.627,1977-01-22 05:36:40.007,16,1977,1,2,수,장기(15-30일),Male,1954-05-02 16:38:15.957,White,Married,English,18.65,71.7,70세~,Medium,M05.5,Rheumatoid polyneuropathy with rheumatoid arthritis,0.0,0.0,0.0,3.0,4.0,0.0,1.0,1.0,3.0,1.0,0.0,2.0,1.0,2.0,2.0,1.0,3.0,1.0,2.0,2.0,3.0,0.0,2.0,2.0,2.0,2.0,1.0,2.0,2.0,1.0,4.0,3.0,0.0,0.0,1.0,24.807692307692307,68.81000000000002,0.12142857142857143,0.4181818181818182,41.184615384615384,14.366666666666667,3.066666666666667,31.190909090909088,32.12307692307693,84.07272727272728,0.7200000000000001,6.446153846153847,339.3636363636364,13.592307692307692,5.218181818181819,7.961538461538462,4.426666666666667,97.34999999999998,39.06666666666667,11.607142857142858,24.975000000000005,0.7142857142857143,17.946153846153848,9.185714285714285,24.181818181818183,101.12307692307692,0.9333333333333335,112.21818181818183,4.841666666666666,141.93333333333334,8.093333333333334,6.153846153846154,1.542857142857143,1.0,3.2500000000000004,5.5451873335445185,5.661654646243738,0.0699293206753068,0.14709304414677005,8.596302126868869,2.5453463180455196,1.4882876066137216,5.45443939290823,3.7240555505510065,6.884924242007444,0.2898275349237888,3.2651226073496296,70.3570646449562,2.464907550146502,1.3768211080733632,2.5659755979414083,1.042981075480051,31.682444235369104,19.215123012381483,4.596229940976591,9.564692014557151,0.30848798220487483,7.539630338486473,1.5235874380286423,4.572049470821194,8.099192742299879,0.18257418583505539,18.580948209486955,0.8867287515288307,6.195764682426218,1.545716046121698,1.026819835394201,0.8016466569738582,0.0,1.540604277048957,-11.299999999999997,-2.5,0.1,0.3,13.299999999999997,-4.0,4.1,-4.399999999999999,-7.199999999999999,-4.299999999999997,0.40000000000000013,-5.1,-68.80000000000001,3.0999999999999996,2.6,3.6999999999999997,-0.9999999999999996,-23.400000000000006,-43.1,-4.4,-22.0,0.9000000000000001,5.199999999999999,2.0999999999999996,10.100000000000001,8.200000000000003,-0.09999999999999998,16.700000000000003,1.9000000000000004,-5.800000000000011,2.1999999999999993,-1.0,-1.1,0.0,1.5,435,35,54.0,6.838347414869063
69B5D2A0-12FD-46EF-A5FF-B29C4BAFBE49,3,1980-11-26 05:32:36.187,1980-12-01 15:43:05.137,5,1980,11,2,수,단기(4-7일),Male,1954-05-02 16:38:15.957,White,Married,English,18.65,71.7,70세~,Medium,D15.0,Benign neoplasm of thymus,0.0,1.0,0.0,1.0,0.0,1.0,1.0,2.0,0.0,0.0,1.0,0.0,2.0,2.0,0.0,2.0,1.0,1.0,1.0,0.0,1.0,0.0,2.0,0.0,1.0,1.0,0.0,1.0,0.0,0.0,2.0,1.0,1.0,0.0,0.0,24.040000000000003,70.34,0.13999999999999999,0.2,42.916666666666664,16.16,1.9400000000000002,29.133333333333336,34.35,84.5,0.43999999999999995,6.733333333333333,263.88333333333327,11.6,4.3,9.74,5.75,117.14000000000001,25.600000000000005,10.883333333333333,23.380000000000003,0.6599999999999999,13.52,8.8,25.63333333333333,101.96000000000001,0.7000000000000001,101.2,4.86,133.83333333333334,8.566666666666668,5.766666666666667,2.266666666666667,1.0,3.8333333333333335,3.9759275647325336,6.0945057223699415,0.08944271909999159,0.0816496580927726,6.494741462650125,2.6082561223928904,1.5820872289478858,5.985538126740707,3.54071555856534,9.318261640456331,0.2966479394838265,2.627419519858473,115.1709584342627,2.2945587811167534,0.9959919678390986,2.393324048264254,0.0707106781186545,22.705351792033525,7.835177087979567,4.160488753339764,8.008557922622524,0.3577708763999664,7.531068981227034,1.9200694431886227,5.501514942874069,8.920089685647783,0.08164965809277262,25.26103719169108,0.8354639429682166,3.69368831025755,1.2643839079435755,0.9291573243177567,0.8500980335624044,0.0,1.123981020005824,9.599999999999998,9.0,0.1,-0.09999999999999998,4.399999999999999,3.6000000000000014,-2.4,-15.399999999999999,3.200000000000003,16.799999999999997,-0.6000000000000001,-3.8999999999999995,-187.39999999999998,-3.1999999999999993,1.6999999999999997,4.1,-0.09999999999999964,-16.30000000000001,14.299999999999997,1.5,12.499999999999998,0.4,-2.8000000000000007,4.0,-4.5,-13.200000000000003,-0.09999999999999998,4.400000000000006,1.9,-6.800000000000011,-2.0999999999999996,1.5,-0.10000000000000009,0.0,1.4999999999999996,164,35,26.0,7.56000817277555
69B5D2A0-12FD-46EF-A5FF-B29C4BAFBE49,4,1999-05-07 14:39:54.653,1999-05-23 11:36:49.223,15,1999,5,4,금,장기(15-30일),Male,1954-05-02 16:38:15.957,White,Married,English,18.65,71.7,70세~,Medium,C94.0,Acute erythroid leukemia,3.0,1.0,0.0,0.0,2.0,0.0,0.0,1.0,4.0,1.0,1.0,1.0,2.0,5.0,1.0,1.0,4.0,1.0,1.0,2.0,0.0,2.0,3.0,1.0,1.0,0.0,3.0,1.0,1.0,4.0,1.0,2.0,4.0,0.0,3.0,28.008333333333336,67.54166666666667,0.10833333333333334,0.3083333333333333,44.041666666666664,15.166666666666666,2.357142857142857,31.659999999999997,34.054545454545455,85.06000000000002,0.6200000000000001,5.52,267.3333333333333,13.524999999999999,4.861538461538462,8.723076923076924,3.883333333333333,115.96153846153844,47.99285714285715,11.924999999999999,24.292307692307695,0.5363636363636365,19.742857142857144,10.288888888888888,25.84,104.67692307692307,0.7749999999999999,103.0,4.361538461538462,138.9692307692308,7.709999999999999,6.064285714285714,1.7999999999999998,1.0,3.15,6.119782873945971,5.356806771564452,0.07929614610987591,0.11645001528813151,7.439141975613406,2.2001377367351482,1.2686700948330933,4.9001587275878675,4.30612671350104,9.646784150401853,0.38239014399199966,3.2379005543716133,90.58228136324287,2.9677432503503405,1.0789952591326661,2.730736727867239,1.3265357023830793,22.092703865814258,17.902061088287883,4.61777691496283,7.281765072020833,0.34719656470860216,7.3300975212018615,1.1815714583177401,4.941919812033722,5.43647463070108,0.2137330535547046,23.366050322900264,0.7815992808961867,10.095905491450855,1.3228336588131135,0.9085975184587788,1.094836365246728,0.0,2.2086949389477337,-4.600000000000001,3.5999999999999943,-0.1,0.09999999999999998,11.5,2.6999999999999993,1.4999999999999998,-4.899999999999999,7.400000000000002,25.400000000000006,-0.2,5.1,-98.9,-6.9,2.1,6.6,3.3,-11.799999999999997,20.6,-10.0,-13.700000000000003,0.29999999999999993,-2.6999999999999993,-1.0,15.299999999999997,-7.0,-0.29999999999999993,-7.099999999999994,2.3000000000000003,12.799999999999983,2.3999999999999995,0.2999999999999998,0.10000000000000009,0.0,-4.9,420,35,57.0,7.28182159329251
69B5D2A0-12FD-46EF-A5FF-B29C4BAFBE49,5,2009-09-28 05:33:50.440,2009-09-30 22:06:53.447,2,2009,9,0,월,초단기(~3일),Male,1954-05-02 16:38:15.957,White,Married,English,18.65,71.7,70세~,Medium,I25.75,Atherosclerosis of native coronary artery of transplanted heart with angina pectoris,0.0,0.0,0.0,0.0,0.0,1.0,0.0,0.0,0.0,0.0,0.0,0.0,0.0,0.0,0.0,0.0,0.0,1.0,0.0,0.0,0.0,0.0,1.0,1.0,0.0,0.0,0.0,0.0,0.0,0.0,0.0,0.0,0.0,0.0,0.0,23.1,66.66666666666667,0.1,0.3,39.1,12.100000000000001,3.5,33.25,34.26666666666667,89.85,0.9500000000000001,8.9,261.20000000000005,14.25,4.966666666666668,11.1,2.9,97.73333333333333,34.9,5.6,33.25,1.1,13.2,10.5,22.8,95.95,0.9,95.5,4.8999999999999995,150.5,7.133333333333333,5.5,2.7,1.0,2.35,,3.5501173689518097,,,5.930430001273095,2.5455844122715714,1.4142135623730951,3.8890872965260113,3.3381631675718517,4.313351365237941,0.21213203435596428,,91.07535341682734,1.0606601717798212,0.8326663997864533,,,46.69093416642393,2.2627416997969543,0.28284271247461895,8.131727983645296,,10.323759005323593,1.8384776310850246,2.4041630560342604,1.3435028842544443,,,0.7810249675906651,0.4242640687119446,2.0256686138984663,,,0.0,2.0506096654409878,0.0,7.100000000000001,0.0,0.0,-1.3999999999999986,-3.5999999999999996,2.0,-5.5,-0.7000000000000028,-6.1000000000000085,-0.30000000000000004,0.0,-128.8,1.5,-0.40000000000000036,0.0,0.0,60.3,3.200000000000003,0.39999999999999947,11.5,0.0,-14.6,-2.6000000000000014,-3.3999999999999986,-1.9000000000000057,0.0,0.0,1.3999999999999995,-0.6000000000000227,2.9000000000000004,0.0,0.0,0.0,-2.9,66,35,4.0,8.196728152151463
8D389A8C-A6D8-4447-9DDE-1A28AB4EC667,1,1988-06-21 04:54:48.510,1988-07-08 07:48:15.020,17,1988,6,1,화,장기(15-30일),Female,1964-07-10 08:50:13.707,Asian,Married,English,4.34,61.6,60대,Low,C92.12,"Chronic myeloid leukemia, BCR/ABL-positive, in relapse",2.0,0.0,0.0,6.0,2.0,2.0,2.0,3.0,2.0,5.0,0.0,1.0,0.0,3.0,1.0,2.0,2.0,1.0,1.0,2.0,1.0,0.0,2.0,3.0,2.0,4.0,2.0,4.0,0.0,1.0,2.0,0.0,1.0,0.0,2.0,26.381818181818186,72.30833333333332,0.0642857142857143,0.3071428571428572,42.519999999999996,15.546153846153846,2.4299999999999997,32.46666666666667,34.550000000000004,85.61538461538461,0.7076923076923077,4.771428571428572,258.26666666666665,13.171428571428573,5.15625,8.100000000000001,4.276923076923077,95.85000000000001,50.62857142857143,8.786666666666667,26.38666666666667,0.65,16.476923076923075,9.6,27.136363636363637,104.13999999999997,0.8857142857142859,88.90666666666668,4.638461538461539,138.0,7.992307692307692,5.872727272727272,1.3499999999999999,1.0,3.3285714285714283,6.428190753519715,4.823702526131358,0.08418973861410955,0.1859043828435456,6.909848044638897,2.322575935111482,1.4817782110243984,6.084157270893782,4.19013994125169,10.419200717413196,0.2564551242795331,2.2553964588987867,86.82837957718664,2.5460160647957037,1.0676883128204284,2.503331114069145,1.0497252387758793,31.877906284618334,17.51568214141604,3.8200349038545007,8.712049674089876,0.2838231060987733,8.172326662396888,1.7299500781026236,4.658384425371682,7.795493203493559,0.2070196678027063,21.94032382449743,0.7762500258061847,7.5849851680804194,1.357977379819916,0.5728715546977511,0.7621739243172065,0.0,1.7085434964088213,4.800000000000001,6.200000000000003,0.1,0.2,10.600000000000001,-0.1999999999999993,1.7,-16.000000000000004,8.5,-17.400000000000006,-0.5,4.4,168.8,-0.5,1.0,-0.5,0.0,38.7,31.400000000000002,-3.0999999999999996,-4.799999999999997,0.6000000000000001,4.3999999999999995,-2.8,-2.8999999999999986,-14.599999999999994,-0.20000000000000007,-49.400000000000006,0.10000000000000053,-8.900000000000006,0.10000000000000053,-0.6000000000000005,-0.5,0.0,-2.4000000000000004,453,35,61.0,7.397499283804028
8D389A8C-A6D8-4447-9DDE-1A28AB4EC667,2,1988-11-08 08:36:04.737,1988-11-19 12:35:31.670,11,1988,11,1,화,중기(8-14일),Female,1964-07-10 08:50:13.707,Asian,Married,English,4.34,61.6,60대,Low,Z13.22,Encounter for screening for metabolic disorder,0.0,2.0,0.0,3.0,0.0,0.0,3.0,3.0,0.0,3.0,1.0,2.0,3.0,1.0,1.0,1.0,0.0,1.0,0.0,0.0,0.0,0.0,1.0,0.0,1.0,0.0,2.0,2.0,0.0,1.0,1.0,2.0,0.0,0.0,1.0,23.066666666666666,72.42727272727274,0.15555555555555556,0.3142857142857142,42.34,13.566666666666668,3.2600000000000002,29.5,33.93333333333333,80.31428571428572,0.4400000000000001,5.1125,330.90000000000003,12.350000000000001,5.128571428571428,7.65,4.428571428571429,86.75,50.166666666666664,12.075,22.850000000000005,0.6545454545454545,16.733333333333334,9.899999999999999,25.685714285714287,103.75714285714285,0.9125000000000001,113.82000000000002,4.6000000000000005,141.3,7.5249999999999995,5.925000000000001,1.6600000000000001,1.0,2.7625,5.253332275803617,6.5627876560332075,0.052704627669472995,0.17728105208558365,7.698946536882678,2.263294059551255,1.680079363204806,5.691709370264398,2.497732304845069,11.316717511632746,0.23190036174568116,3.3689496031510218,120.29969866961429,2.7150374898753378,1.3288018233409695,3.1423376193982904,1.1412190641506792,37.4096689818733,9.48465427238477,4.952692870213806,7.810441728865277,0.38304996113728135,7.179310551856633,1.2786711852544423,6.813816495774981,6.1274946328977276,0.25319388392523007,23.40155740306378,0.6548960901462834,8.61311292656228,1.3843513179206248,1.0511898020814323,1.184342292864131,0.0,1.8141802556526738,-17.0,-3.700000000000003,-0.1,0.0,14.5,-1.4000000000000004,-3.4000000000000004,-5.399999999999999,-2.900000000000002,-21.69999999999999,0.0,7.8,-111.19999999999999,-0.10000000000000142,1.4000000000000004,6.199999999999999,-2.5,-83.39999999999999,16.0,-11.4,-20.700000000000003,0.30000000000000004,6.299999999999999,-0.40000000000000036,-6.600000000000001,3.5999999999999943,0.6000000000000001,20.0,1.0999999999999996,5.800000000000011,1.9000000000000004,0.40000000000000036,-2.0,0.0,-3.2,289,35,35.0,8.43483297262068
8D389A8C-A6D8-4447-9DDE-1A28AB4EC667,3,2002-12-08 06:20:37.083,2002-12-27 06:02:58.280,18,2002,12,6,일,장기(15-30일),Female,1964-07-10 08:50:13.707,Asian,Married,English,4.34,61.6,60대,Low,Q60.0,"Renal agenesis, unilateral",1.0,2.0,0.0,4.0,1.0,3.0,0.0,0.0,2.0,0.0,5.0,1.0,2.0,5.0,3.0,2.0,1.0,1.0,3.0,0.0,1.0,0.0,0.0,3.0,4.0,2.0,2.0,2.0,1.0,0.0,1.0,3.0,4.0,0.0,1.0,22.76875,69.27058823529413,0.11333333333333336,0.36875,44.23333333333334,13.606666666666667,2.4444444444444446,29.153846153846157,34.52142857142858,87.42727272727272,0.6600000000000001,6.253846153846155,287.35999999999996,12.711764705882352,4.407692307692307,6.009090909090909,4.242857142857143,85.51764705882356,41.39,9.91,27.684615384615384,0.5833333333333334,16.833333333333336,9.726666666666667,26.663636363636364,104.18666666666667,0.8176470588235293,103.93333333333334,3.930769230769231,140.73076923076923,8.158333333333333,5.966666666666666,1.9600000000000002,1.0,3.183333333333333,4.960204128864053,5.509283608814569,0.07432233529572065,0.1662077013859466,7.362711715769117,2.7993536668990133,1.2914247085207011,4.804445057204037,3.6149643197363712,7.1446610709103515,0.3942443042436649,2.0427168936718343,93.0021028948117,2.5418699693683133,1.2744028264652287,2.556737978540056,0.9027430724990667,29.727412334706283,21.04922537503195,4.273549136516652,7.153652464982038,0.2516611478423583,6.504357513749276,1.5681958089594856,6.550919435815515,7.238475240651432,0.1911651580363399,23.018253626198494,0.7630908807656479,9.402693285736861,1.3534187911516617,0.8711047752203891,1.1198214143335534,0.0,1.6732295029962176,4.600000000000001,-6.099999999999994,0.1,0.10000000000000003,13.399999999999999,2.9000000000000004,2.2,5.399999999999999,5.699999999999999,-2.1000000000000085,0.0,8.4,31.200000000000017,-3.8000000000000007,-1.0000000000000004,0.10000000000000009,1.2000000000000002,15.5,55.6,4.5,-20.0,-0.4,-14.100000000000001,-2.1999999999999993,-13.0,7.1000000000000085,-0.4,13.000000000000014,0.6999999999999997,13.200000000000003,-0.9000000000000004,-1.1000000000000005,-2.2,0.0,3.7,488,35,60.0,7.518646347019826
8D389A8C-A6D8-4447-9DDE-1A28AB4EC667,4,2009-03-29 14:32:01.223,2009-04-03 08:02:22.683,4,2009,3,6,일,단기(4-7일),Female,1964-07-10 08:50:13.707,Asian,Married,English,4.34,61.6,60대,Low,O26.6,"Liver and biliary tract disorders in pregnancy, childbirth and the puerperium",0.0,1.0,0.0,1.0,0.0,0.0,0.0,0.0,0.0,1.0,0.0,0.0,0.0,1.0,0.0,0.0,1.0,1.0,0.0,0.0,1.0,0.0,0.0,1.0,0.0,1.0,0.0,0.0,0.0,0.0,0.0,1.0,0.0,0.0,1.0,22.724999999999998,64.5,0.1,0.39999999999999997,38.03333333333334,12.225,2.9499999999999997,34.275,35.4,76.475,0.7000000000000001,4.14,255.325,15.366666666666665,5.925000000000001,6.166666666666667,4.46,77.175,44.199999999999996,12.649999999999999,24.9,0.525,11.0,8.575,30.675,109.16666666666667,0.925,104.725,4.449999999999999,139.3,6.466666666666666,6.0,1.2750000000000001,1.0,1.875,4.654299087940094,4.158124577258357,,0.18257418583505536,3.20832251080426,0.5377421934967233,1.190238071423808,4.768909728648676,2.817800560721074,5.153882032022075,0.3915780041490244,3.1413372948475304,69.30793004171069,1.331665623695878,0.8220908303425682,2.5482019804821854,0.8018728078691784,23.856148753169137,21.9335359666425,3.104298095651683,11.73740459670138,0.4645786621588785,2.389560629069704,1.4773286702694155,2.7109346481733323,5.424327915358122,0.2061552812808831,12.918559001168314,0.9398581453247792,11.030865786510148,1.4364307617610157,0.9018499505645788,0.6130524719249839,0.0,1.8786076404259264,-3.3000000000000007,4.599999999999994,0.0,-0.09999999999999998,-6.399999999999999,1.3000000000000007,2.3,-3.299999999999997,6.4999999999999964,7.799999999999997,0.30000000000000004,7.1,-69.29999999999998,0.1999999999999993,0.0,-0.40000000000000036,-0.7000000000000002,36.8,28.200000000000003,-3.799999999999999,-25.6,-0.40000000000000013,3.0999999999999996,2.3999999999999986,0.9000000000000021,-3.799999999999997,0.0,26.0,2.3,-15.599999999999994,-2.1999999999999993,0.20000000000000018,-1.0,0.0,-1.9,127,35,11.0,6.118825485511823
967987B9-FFEF-4776-85CF-AE05CA81F583,1,1971-05-09 07:22:26.180,1971-05-12 03:17:30.893,2,1971,5,6,일,초단기(~3일),Male,1947-02-13 10:26:55.520,White,Widowed,English,88.66,79.0,70세~,Very High,M05.742,Rheumatoid arthritis with rheumatoid factor of left hand without organ or systems involvement,0.0,0.0,0.0,0.0,0.0,0.0,0.0,0.0,0.0,1.0,1.0,0.0,0.0,1.0,0.0,0.0,0.0,0.0,0.0,1.0,0.0,0.0,0.0,1.0,0.0,0.0,0.0,0.0,0.0,0.0,0.0,1.0,0.0,0.0,0.0,29.15,73.4,0.15000000000000002,0.35,35.150000000000006,14.950000000000001,2.9,29.35,35.9,89.0,0.85,4.7,211.45,13.966666666666667,5.666666666666667,6.6,3.6666666666666665,83.35,51.15,11.299999999999999,20.23333333333333,0.45,19.5,11.9,19.1,102.53333333333335,0.9,122.35,4.9,135.23333333333332,5.699999999999999,5.9,1.5666666666666667,1.0,2.95,3.747665940288701,,0.07071067811865477,0.0707106781186548,0.07071067811865324,1.6263455967290599,1.4142135623730951,2.7577164466275383,4.101219330881974,12.492797925204748,0.49497474683058323,3.818376618407357,38.39589821842953,2.715388247255507,1.0969655114602888,2.6870057685088806,0.5507570547286104,40.517218561989175,27.789296500631316,5.820652884342097,5.217598425840505,0.4949747468305833,3.2526911934581197,,,6.429100507328638,,8.555992052357237,0.5,11.584616235911023,0.1414213562373093,1.6970562748477134,1.4224392195567912,0.0,1.48492424049175,-5.300000000000001,0.0,-0.1,0.10000000000000003,0.10000000000000142,2.3000000000000007,-2.0,-3.900000000000002,5.799999999999997,19.10000000000001,-0.7,5.4,54.29999999999998,2.1999999999999993,-1.8999999999999995,3.8,-1.1,57.3,39.3,-8.799999999999999,-10.299999999999999,0.7000000000000001,-4.600000000000001,0.0,0.0,2.0,0.0,12.100000000000009,0.5,0.9000000000000057,-0.20000000000000018,2.3999999999999995,-2.6,0.0,-2.1,77,35,6.0,6.1619173936098095
967987B9-FFEF-4776-85CF-AE05CA81F583,2,1994-09-17 21:24:51.097,1994-10-06 17:55:04.573,18,1994,9,5,토,장기(15-30일),Male,1947-02-13 10:26:55.520,White,Widowed,English,88.66,79.0,70세~,Very High,B95.1,"Streptococcus, group B, as the cause of diseases classified elsewhere",1.0,1.0,0.0,3.0,1.0,2.0,2.0,2.0,0.0,0.0,1.0,2.0,5.0,2.0,1.0,4.0,1.0,3.0,3.0,1.0,4.0,1.0,1.0,2.0,1.0,1.0,2.0,2.0,2.0,2.0,1.0,3.0,1.0,0.0,1.0,21.81111111111111,70.4,0.08571428571428572,0.3214285714285715,41.986666666666665,15.916666666666666,2.24,32.04375,34.15624999999999,85.23125000000002,0.6749999999999999,5.336842105263159,317.5125,12.692857142857141,5.30625,7.3,4.076923076923077,78.47272727272727,46.706250000000004,10.514285714285716,25.115384615384617,0.6285714285714287,12.453846153846154,10.042857142857143,29.25882352941176,107.44166666666666,0.8666666666666666,103.7375,4.42,141.7875,7.7857142857142865,5.870588235294119,1.8944444444444446,1.0,3.2312499999999997,5.152256945648861,5.531210149170408,0.07703288865196434,0.15281246137553167,7.1609922164326845,2.2433065422327463,1.3189822916606142,5.532807454930392,3.136658253619604,8.75273052633672,0.3356585566713094,2.58267960036251,106.55514925771224,2.077152002035585,0.8241915230495074,2.8863904794743207,0.8936384859604825,34.310117776221375,19.350847311336693,4.1812506673072285,9.91361405289431,0.40464337846585824,5.346745955035858,1.3546014376727404,5.398154641116887,5.918147488612436,0.23094010767585033,26.10608805112963,0.752329714952161,9.576281463421317,1.4810895900067542,0.8060433501697917,0.9576148201604076,0.0,1.5860721925561898,-11.600000000000001,-5.700000000000003,0.1,-0.09999999999999998,-7.200000000000003,1.6999999999999993,-1.6999999999999997,-10.200000000000003,2.8999999999999986,-17.799999999999997,-0.10000000000000009,3.7,-192.8,-5.1,-0.8000000000000007,-3.3999999999999995,-0.6999999999999997,-6.5,34.900000000000006,0.8000000000000007,6.400000000000002,0.7,8.200000000000001,-0.5,12.700000000000003,-5.799999999999997,-0.10000000000000009,-52.7,-0.6000000000000001,-8.099999999999994,-0.7999999999999998,0.9000000000000004,-2.5,0.0,-0.3000000000000007,526,35,59.0,8.082520903830313
967987B9-FFEF-4776-85CF-AE05CA81F583,3,2004-01-08 15:30:51.650,2004-01-16 21:19:12.563,8,2004,1,3,목,중기(8-14일),Male,1947-02-13 10:26:55.520,White,Widowed,English,88.66,79.0,70세~,Very High,G30,Alzheimer's disease,1.0,2.0,0.0,1.0,0.0,2.0,1.0,1.0,0.0,1.0,1.0,0.0,3.0,1.0,1.0,1.0,0.0,2.0,1.0,1.0,2.0,1.0,0.0,3.0,1.0,0.0,1.0,0.0,1.0,1.0,0.0,1.0,0.0,0.0,0.0,23.785714285714285,70.42857142857142,0.0875,0.35714285714285715,41.17777777777778,15.566666666666668,3.1999999999999997,32.0625,34.940000000000005,86.94,0.775,6.155555555555555,259.68888888888887,12.65,5.371428571428572,7.257142857142855,4.314285714285714,118.43333333333334,54.39999999999999,12.7,24.4,0.8111111111111112,12.755555555555556,9.377777777777778,26.316666666666666,100.7375,0.7428571428571429,110.35000000000002,4.557142857142858,145.175,7.5,5.983333333333333,1.542857142857143,1.0,3.833333333333334,5.192439558765086,7.715506958006558,0.08345229603962802,0.15118578920369088,6.370003488573961,3.1309210572396537,1.2214745187681977,6.409354213067914,2.1384573879317794,11.013310129111957,0.3535533905932738,2.9753617893926414,117.25214757568882,2.822865818378803,1.376849405604798,2.5637584018111266,1.0542431272854338,38.992802754696484,19.344077474341677,5.444787809062378,8.65187840876188,0.2848001248439177,5.241686539442985,1.6895101196632252,4.895882623865351,6.401102025655983,0.22253945610567472,22.304147596355254,0.8847921466972584,7.719317142264405,1.0472185381603343,0.8328665359267755,1.2272695205986648,0.0,1.1860297916438127,2.3000000000000007,0.6000000000000085,0.2,-0.09999999999999998,14.799999999999997,-4.100000000000001,-0.3999999999999999,-12.8,2.5,25.799999999999997,-0.5,1.9000000000000004,37.7,-0.5999999999999996,-0.8999999999999995,-0.7999999999999998,-2.4,-62.29999999999998,-16.5,-9.100000000000001,-15.1,-0.10000000000000009,7.300000000000001,-3.3000000000000007,-10.600000000000001,7.799999999999997,-0.5,10.499999999999986,0.9000000000000004,-22.899999999999977,-2.4000000000000004,-2.0,-2.1,0.0,-1.9000000000000001,252,35,31.0,8.519874100387126
967987B9-FFEF-4776-85CF-AE05CA81F583,4,2007-01-18 18:47:05.583,2007-02-07 10:16:25.880,19,2007,1,3,목,장기(15-30일),Male,1947-02-13 10:26:55.520,White,Widowed,English,88.66,79.0,70세~,Very High,M90.511,"Osteonecrosis in diseases classified elsewhere, right shoulder",1.0,1.0,0.0,4.0,1.0,2.0,2.0,3.0,1.0,4.0,2.0,0.0,2.0,0.0,1.0,1.0,0.0,1.0,3.0,1.0,1.0,1.0,5.0,1.0,1.0,0.0,2.0,5.0,4.0,1.0,2.0,4.0,2.0,0.0,2.0,23.223076923076924,69.7,0.08571428571428572,0.3666666666666667,44.10833333333334,13.956249999999997,3.05,30.833333333333332,35.29333333333334,84.91176470588235,0.6578947368421053,5.483333333333333,236.2,13.421428571428573,4.592857142857142,7.6866666666666665,4.113333333333333,97.98666666666668,53.27272727272727,9.907142857142857,24.818749999999998,0.6705882352941176,16.03,8.907142857142857,27.581249999999997,102.25714285714285,0.9,104.81764705882355,4.1625000000000005,134.12500000000003,7.425,6.086666666666668,1.75,1.0,2.4909090909090903,4.928345538168944,5.593448548674304,0.07703288865196434,0.14950900031928038,7.058516240340565,2.9250569795019947,1.4167948659942597,6.187866915965223,3.2174672085501097,9.272262557821389,0.3150234373532727,2.679495655845885,71.01082257710384,1.746723777832075,0.7956267831225756,2.3089473998422085,0.8765734152830283,27.618985878420315,17.414137412406674,4.7983112871916935,8.57781780718927,0.3331004088153318,7.836896539346494,1.198373439750273,4.276325330623634,6.7543392645838365,0.20701966780270628,26.654742432025994,0.8570297544426331,6.804827831634081,1.4803152817333654,0.9687006515848705,1.0256330127892124,0.0,1.5076170239517366,0.29999999999999716,-2.700000000000003,-0.1,0.0,0.6000000000000014,1.0999999999999996,-0.6000000000000005,-5.800000000000001,7.700000000000003,12.700000000000003,-0.3999999999999999,4.0,73.5,1.6999999999999993,0.20000000000000018,-5.6000000000000005,-0.09999999999999964,-76.6,-34.1,-10.9,-17.0,-0.40000000000000013,-7.800000000000001,0.20000000000000107,2.3999999999999986,-14.700000000000003,-0.10000000000000009,6.899999999999999,-1.5999999999999996,-8.799999999999983,0.0,-0.40000000000000036,-2.4,0.0,-2.3000000000000003,515,35,61.0,6.824962480418943
967987B9-FFEF-4776-85CF-AE05CA81F583,5,2009-12-31 19:58:25.370,2010-01-03 01:23:31.680,2,2009,12,3,목,초단기(~3일),Male,1947-02-13 10:26:55.520,White,Widowed,English,88.66,79.0,70세~,Very High,H30.812,"Harada's disease, left eye",0.0,0.0,0.0,0.0,1.0,1.0,1.0,1.0,0.0,0.0,0.0,1.0,0.0,1.0,0.0,1.0,0.0,0.0,1.0,0.0,0.0,0.0,1.0,0.0,0.0,1.0,0.0,0.0,0.0,0.0,0.0,0.0,1.0,0.0,1.0,26.35,70.5,0.13333333333333333,0.30000000000000004,40.93333333333334,16.566666666666666,0.7,28.3,36.8,84.06666666666666,0.6666666666666666,9.333333333333334,211.0,11.933333333333332,4.466666666666667,5.7,4.6,95.66666666666667,34.05,16.200000000000003,32.9,0.35,22.866666666666664,9.4,26.866666666666664,112.76666666666665,0.6,96.03333333333335,4.6,142.1,7.3,5.85,2.2333333333333334,1.0,0.9,4.737615433949869,,0.11547005383792516,0.14142135623730953,11.386980869981885,1.9347695814575268,,7.636753236814716,3.252691193458117,3.557152419187761,0.41633319989322654,1.4843629385474877,83.58002153624992,2.8023799409311607,0.3785938897200184,3.111269837220809,1.5556349186104044,30.80281372429041,26.79934700697015,0.14142135623731025,5.939696961967002,0.0707106781186548,5.081666393353003,1.0,2.193931022920576,1.60727512683216,,21.9750616229701,0.5656854249492382,10.293687385966225,0.2828427124746193,1.3435028842544403,1.0503967504392486,0.0,0.9899494936611666,-6.699999999999999,0.0,0.0,-0.2,-14.300000000000004,0.09999999999999964,0.0,10.800000000000004,-4.600000000000001,7.0,-0.8,-0.9000000000000004,-118.20000000000002,-2.6000000000000014,0.6000000000000005,-4.4,-2.2,39.00000000000001,37.9,-0.1999999999999993,8.400000000000002,0.10000000000000003,-8.2,-1.0,-3.799999999999997,-2.5,0.0,43.099999999999994,0.7999999999999998,7.800000000000011,0.40000000000000036,1.8999999999999995,2.0999999999999996,0.0,-1.4000000000000001,84,35,12.0,7.38216996723445
9BBF3A51-443D-438B-9289-B98B8E0577C0,1,1971-09-16 03:52:41.700,1971-09-22 04:45:47.350,6,1971,9,3,목,단기(4-7일),Male,1944-11-25 06:12:56.860,White,Married,English,16.76,81.2,70세~,Medium,J66.1,Flax-dressers' disease,0.0,4.0,0.0,1.0,1.0,1.0,1.0,2.0,0.0,0.0,1.0,1.0,1.0,1.0,0.0,2.0,1.0,2.0,0.0,2.0,0.0,1.0,1.0,2.0,2.0,1.0,2.0,2.0,2.0,4.0,0.0,0.0,0.0,0.0,0.0,25.5,69.71666666666667,0.08333333333333333,0.24000000000000005,40.65,13.383333333333335,2.9000000000000004,34.57142857142857,34.28,82.89999999999999,0.55,7.566666666666667,351.81666666666666,12.971428571428573,5.050000000000001,6.85,4.242857142857143,86.88333333333334,50.779999999999994,12.083333333333334,26.339999999999996,0.6,20.116666666666664,9.416666666666666,30.75,97.975,1.0,80.22500000000001,4.42,136.5,8.1,6.183333333333334,1.475,1.0,3.0200000000000005,7.355270219373317,8.356414701692744,0.07527726527090811,0.1140175425099138,8.574555382059177,2.455537958710202,1.4370107863199915,5.277219686449259,3.0227470949452586,8.926925562588721,0.4509249752822894,3.629508690350986,66.94942618623901,2.596609510954804,1.3102162671355697,3.6628768293059855,1.3327379623131008,37.84914353940742,11.837525079170897,5.4053368689348735,9.18819895300488,0.41952353926806063,8.32187879427877,1.9093628954880908,6.158490074685515,7.61243500245925,0.282842712474619,18.817434291989258,1.1903780911962383,12.491116843581286,1.6093476939431086,0.6911343333004564,0.9912113800799505,0.0,2.2376326776305357,1.0999999999999979,-9.200000000000003,0.0,0.09999999999999998,-12.5,-0.1999999999999993,2.4,-1.7999999999999972,-3.3000000000000043,10.100000000000009,0.3,7.2,-108.9,1.0999999999999996,1.1999999999999997,-5.9,0.7000000000000002,-1.5,7.600000000000001,-6.199999999999999,19.699999999999996,0.4,-19.6,3.299999999999999,-13.799999999999997,13.700000000000003,0.19999999999999996,1.4000000000000057,1.5,21.200000000000017,3.1000000000000005,-1.5,-2.3,0.0,3.8,179,35,38.0,7.215436268354128
9BBF3A51-443D-438B-9289-B98B8E0577C0,2,2009-10-17 21:08:38.197,2009-11-02 10:36:05.957,15,2009,10,5,토,장기(15-30일),Male,1944-11-25 06:12:56.860,White,Married,English,16.76,81.2,70세~,Medium,E11.32,Type 2 diabetes mellitus with mild nonproliferative diabetic retinopathy,3.0,0.0,0.0,0.0,1.0,4.0,1.0,3.0,2.0,3.0,0.0,1.0,1.0,4.0,2.0,1.0,3.0,1.0,3.0,2.0,2.0,0.0,0.0,3.0,2.0,0.0,4.0,1.0,2.0,1.0,2.0,0.0,3.0,0.0,4.0,26.633333333333333,70.27272727272728,0.10000000000000002,0.35833333333333334,42.57142857142856,14.02142857142857,2.8899999999999997,32.63076923076923,35.63636363636363,85.15333333333334,0.7090909090909091,5.935714285714285,280.6571428571429,14.408333333333331,5.161538461538461,7.3999999999999995,4.841666666666667,79.08,44.95384615384615,12.027272727272726,27.428571428571423,0.5714285714285714,16.80909090909091,9.086666666666666,28.653846153846157,103.46000000000001,0.8733333333333332,98.68571428571428,4.938461538461539,142.66923076923075,7.9071428571428575,6.072727272727272,2.253846153846154,1.0,2.7583333333333333,6.60234446094358,4.407060450933459,0.07071067811865475,0.1164500152881315,7.530392631650304,2.8628062003319994,1.2870724748651707,5.482150523195651,3.8147798697363196,9.379450689571067,0.29139164522870403,2.8765917714858706,92.146444601771,2.507247071747792,1.2526894145121406,2.444994887520217,0.991287806417246,25.995332914454732,21.026317453159166,4.219500185825546,9.292712493911857,0.38516444325982163,6.433887556595088,1.6115062460171792,4.910467626172919,6.94249394830289,0.2463060426921489,21.842191251825415,0.8322043634613453,6.517973178755361,1.4430012984237914,0.8450927867292551,1.0564211475664622,0.0,2.0223561116737683,-10.700000000000003,-1.3000000000000114,0.0,0.3,0.5999999999999943,2.6999999999999993,0.2999999999999998,-6.5,-1.3999999999999986,-12.599999999999994,-0.09999999999999998,3.0999999999999996,110.20000000000005,3.0999999999999996,-2.6999999999999997,-0.9000000000000004,2.1000000000000005,-9.0,48.599999999999994,-8.0,-14.399999999999999,0.6,-15.900000000000002,-1.2000000000000002,-6.400000000000002,15.799999999999997,0.0,15.600000000000009,1.0,-2.5,-1.9000000000000004,-0.10000000000000053,-0.3999999999999999,0.0,-0.9,443,35,59.0,7.419622692632688
6D8008ED-D623-4BE4-B93B-335F9797C170,1,2001-05-13 14:49:12.153,2001-05-25 10:04:02.897,11,2001,5,6,일,중기(8-14일),Female,1978-03-14 13:41:28.337,White,Married,Icelandic,14.81,47.9,40대,Medium,N18.1,"Chronic kidney disease, stage 1",0.0,1.0,0.0,1.0,0.0,3.0,1.0,0.0,2.0,2.0,2.0,1.0,0.0,1.0,1.0,2.0,3.0,0.0,1.0,1.0,0.0,0.0,0.0,2.0,3.0,0.0,1.0,0.0,0.0,1.0,4.0,4.0,1.0,0.0,1.0,23.544444444444444,70.52222222222221,0.1571428571428571,0.34444444444444444,40.34285714285714,13.963636363636363,3.2874999999999996,31.771428571428576,34.93333333333334,85.76363636363637,0.5285714285714286,5.463636363636363,281.125,12.89,5.7444444444444445,6.933333333333334,4.3999999999999995,102.3111111111111,36.32857142857143,8.757142857142858,23.785714285714285,0.6454545454545454,14.736363636363636,8.99,26.320000000000004,100.93333333333334,0.8333333333333334,101.1222222222222,4.566666666666666,138.07777777777778,7.277777777777778,5.9818181818181815,1.7100000000000002,1.0,3.8,6.163422570112955,5.5910146167260555,0.07867957924694431,0.13333333333333336,3.711629086558956,3.411531247775031,1.2855654675778172,3.9449183708133866,4.292435206266953,8.808208981089486,0.330223589477825,2.6867350919927806,95.29205858082524,2.4446994816450456,0.7434902674398488,2.8570089254323303,1.1709445380166863,30.361589403572253,20.110089862696146,4.681117082797347,9.709690790035241,0.37246110230099566,5.334467682397697,1.643471934655411,7.00441130843826,5.551126011900646,0.2658320271650252,22.22705433575139,0.7681145747868608,9.39531502635459,2.1028419922677135,1.0293864015210048,1.0397114984456026,0.0,1.0728984626287388,-9.5,-16.9,0.1,0.09999999999999998,-5.0,1.1999999999999993,1.2000000000000002,-6.800000000000004,8.200000000000003,0.7000000000000028,-0.8,-0.5,92.0,-6.200000000000001,0.3000000000000007,-6.6,-0.20000000000000018,54.699999999999996,-18.499999999999996,-7.800000000000001,-10.6,0.8,-11.5,0.7000000000000002,-0.3999999999999986,2.700000000000003,0.10000000000000009,18.900000000000006,0.3000000000000007,14.099999999999994,-1.9000000000000004,-2.5,-0.8999999999999999,0.0,1.2999999999999998,314,35,39.0,7.589013669487017
6D8008ED-D623-4BE4-B93B-335F9797C170,2,2004-12-04 14:16:27.993,2004-12-17 11:07:24.303,12,2004,12,5,토,중기(8-14일),Female,1978-03-14 13:41:28.337,White,Married,Icelandic,14.81,47.9,40대,Medium,C10.2,Malignant neoplasm of lateral wall of oropharynx,1.0,0.0,0.0,2.0,0.0,2.0,1.0,1.0,2.0,1.0,0.0,0.0,0.0,2.0,1.0,1.0,4.0,1.0,0.0,4.0,1.0,0.0,0.0,0.0,0.0,1.0,0.0,0.0,0.0,0.0,3.0,2.0,0.0,0.0,2.0,24.79,71.39,0.07500000000000001,0.2888888888888889,43.239999999999995,14.837499999999999,3.53,30.6,35.925000000000004,86.86666666666666,0.7000000000000001,5.8375,293.1666666666667,11.766666666666667,5.427272727272728,7.13,4.380000000000001,99.02857142857144,44.775000000000006,9.98,23.428571428571423,0.4375,15.65,9.37777777777778,27.05,104.39000000000001,0.7999999999999999,106.43333333333334,4.637499999999999,135.63333333333335,7.0,6.125000000000001,2.1625,1.0,4.1000000000000005,5.415297262795871,4.935911488491485,0.07071067811865475,0.11666666666666667,6.2921820980924865,2.811170320601115,0.9440456674452896,4.411349000022556,2.767541456651682,7.366048239501737,0.27688746209726917,2.3676012574514558,90.22476101381481,2.3243278598338915,1.092786263723066,2.735385408554585,1.1262523893179734,36.549633572523184,20.877859085643813,5.617789205332963,7.7321222368580225,0.32486260832190933,5.578786350350509,1.5714466088430887,4.652896350064596,6.219405116247052,0.16329931618554525,21.16795927811654,0.6717514421272202,5.854912467321772,1.8103866990231674,1.0660340385881548,0.768927824961485,0.0,1.4745459349527619,-3.200000000000001,-14.899999999999999,0.1,0.0,3.5,8.9,-0.20000000000000018,-1.3999999999999986,3.299999999999997,-12.0,-0.4,1.6000000000000005,-6.100000000000023,-3.0,0.1999999999999993,-4.2,-1.5999999999999996,-73.3,46.99999999999999,-2.8,-4.899999999999999,0.0,12.1,-0.39999999999999947,-4.0,-2.6000000000000085,0.0,-6.5,-0.5999999999999996,12.599999999999994,-3.000000000000001,1.7999999999999998,1.5000000000000002,0.0,-2.4,302,35,32.0,7.353758361961211
6D8008ED-D623-4BE4-B93B-335F9797C170,3,2012-01-02 06:58:15.063,2012-01-20 14:29:55.523,18,2012,1,0,월,장기(15-30일),Female,1978-03-14 13:41:28.337,White,Married,Icelandic,14.81,47.9,40대,Medium,D41.4,Neoplasm of uncertain behavior of bladder,2.0,2.0,0.0,3.0,3.0,2.0,2.0,1.0,2.0,3.0,1.0,3.0,1.0,2.0,0.0,1.0,2.0,2.0,2.0,1.0,2.0,2.0,5.0,2.0,0.0,3.0,2.0,3.0,2.0,1.0,0.0,2.0,2.0,0.0,3.0,24.54375,68.56666666666666,0.11875000000000002,0.3071428571428571,43.14,14.309090909090907,2.3857142857142857,33.58571428571428,34.86923076923077,84.10666666666665,0.6866666666666668,6.656249999999999,261.375,12.921428571428569,5.406666666666667,6.238461538461538,4.315384615384615,72.75,34.74615384615384,11.135714285714284,27.493333333333332,0.6916666666666665,19.57058823529412,9.186666666666666,26.873333333333335,97.80714285714286,0.7916666666666666,94.69375000000001,4.761538461538462,142.38181818181818,7.407142857142858,5.880000000000001,2.1066666666666665,1.0,4.01764705882353,5.363825593734384,5.269544120518895,0.07500000000000001,0.1591529777593568,8.099100479153757,2.6908937345999173,1.5486257644252721,4.776200154106599,3.130065125889187,9.389162952701424,0.3522715402856696,3.1296365603692706,86.33333462033463,1.9795798199962191,1.061983768147858,2.2058779286029035,1.0823170775748925,27.849971437883177,15.423122002619712,4.995013997494386,7.797020187836108,0.2937479851639476,8.93768459291068,1.2141232384297886,5.138852938527188,7.093384164212373,0.16213537179739276,24.49379428208977,0.8322043634613451,7.131313789452573,1.2362874234604966,0.8645395140932377,0.8319226154488398,0.0,1.7621844732169953,-14.500000000000002,9.600000000000009,0.0,0.1,2.8999999999999986,-4.4,2.9,-6.800000000000004,-2.5,6.799999999999997,-0.8,0.40000000000000013,-152.09999999999997,-0.5999999999999996,1.2999999999999998,-3.1999999999999997,-1.7999999999999998,-73.19999999999999,2.8999999999999986,-1.5999999999999996,-14.699999999999996,-0.29999999999999993,-12.200000000000001,0.1999999999999993,6.199999999999999,2.0,0.0,39.900000000000006,1.3999999999999995,7.0,1.6000000000000005,1.2000000000000002,-0.40000000000000036,0.0,-0.5,500,35,64.0,7.220110702751378
B3892204-880B-40EF-B3BB-B824B50E99E5,1,2000-08-17 23:19:49.277,2000-09-03 06:21:54.673,16,2000,8,3,목,장기(15-30일),Male,1978-08-06 08:38:27.330,White,Single,Spanish,16.86,47.5,40대,Medium,C88.3,Immunoproliferative small intestinal disease,1.0,0.0,0.0,3.0,2.0,1.0,1.0,3.0,2.0,1.0,1.0,1.0,1.0,2.0,2.0,1.0,2.0,3.0,1.0,0.0,3.0,1.0,2.0,5.0,2.0,3.0,1.0,0.0,2.0,4.0,3.0,1.0,4.0,0.0,3.0,24.750000000000004,71.26666666666667,0.1,0.30000000000000004,43.541666666666664,14.115384615384613,3.0357142857142856,31.430769230769236,35.93571428571428,85.07857142857142,0.5466666666666667,6.333333333333334,267.82222222222225,12.492307692307692,4.98,8.500000000000002,4.3,106.72500000000001,41.66923076923077,12.15,25.164285714285715,0.7000000000000001,18.684615384615388,9.086666666666668,30.0,101.57857142857142,0.8833333333333333,101.5153846153846,4.1,141.95714285714286,6.935714285714285,6.1,1.5846153846153845,1.0,2.3363636363636364,4.9132082578103065,5.022188860684246,0.06666666666666668,0.15811388300841897,7.824025740491832,2.878902034296569,1.1803566233311684,4.986211757668109,3.1701994945373464,8.622972767013666,0.32041639575194447,3.1937438845342627,105.79205756787437,2.4516870172942613,1.3546627296530716,2.4718414188616546,1.0364775512695457,37.596231073195234,16.405455627899347,3.7686572911022003,8.970173409082513,0.2549509756796392,8.321242510771867,1.592781334946006,5.077097899087931,8.417763138966091,0.22087978356535665,20.63685401386906,0.8698658900466594,9.138903678207829,1.4964610266878333,0.7129749878735814,1.1838117487211623,0.0,1.7414205277719264,-1.8999999999999986,16.299999999999997,-0.1,-0.09999999999999998,-13.200000000000003,-5.600000000000001,2.6,11.5,6.900000000000002,2.4000000000000057,0.5,1.5,195.1,0.9000000000000004,-2.0999999999999996,0.5999999999999996,0.5,72.79999999999998,-15.100000000000001,-1.1000000000000014,-7.399999999999999,-0.30000000000000004,-18.2,-2.3000000000000007,-3.6000000000000014,-17.5,0.09999999999999987,-15.5,-0.9000000000000004,2.299999999999983,1.0,-1.1000000000000005,0.7,0.0,2.1999999999999997,446,35,62.0,8.052835930520619
B3892204-880B-40EF-B3BB-B824B50E99E5,2,2001-09-03 18:44:08.870,2001-09-23 15:26:58.383,19,2001,9,0,월,장기(15-30일),Male,1978-08-06 08:38:27.330,White,Single,Spanish,16.86,47.5,40대,Medium,C49.8,Malignant neoplasm of overlapping sites of connective and soft tissue,2.0,5.0,0.0,4.0,2.0,1.0,2.0,1.0,4.0,0.0,1.0,2.0,0.0,4.0,3.0,3.0,1.0,1.0,3.0,3.0,0.0,0.0,5.0,1.0,2.0,3.0,2.0,2.0,4.0,2.0,1.0,3.0,3.0,0.0,1.0,24.869230769230764,68.4470588235294,0.12000000000000001,0.3928571428571428,40.79285714285714,14.506249999999998,2.7214285714285715,31.10833333333333,33.276923076923076,85.26428571428572,0.5928571428571427,5.60625,261.80625,13.573333333333332,5.485714285714287,8.16923076923077,4.6000000000000005,97.23846153846155,46.10000000000001,11.166666666666666,28.75833333333333,0.6,16.546666666666667,9.056249999999999,27.84375,105.01764705882357,0.8176470588235294,106.68235294117646,4.246153846153846,142.74999999999997,7.1812499999999995,6.16,1.55,1.0,2.7499999999999996,6.869787067950094,6.372707200148428,0.06761234037828133,0.16391501416322993,7.5674875706451035,2.1022111375089487,1.2534129231996756,5.688658306958974,4.00731702559078,7.403804338400542,0.3269069162133647,2.6307080795861784,80.58692589372049,2.732206504082805,1.1223993138719484,2.501794227944089,1.0145101129268104,30.35167591368277,18.536527645242973,4.477000045986675,8.457536535092487,0.29871519752227077,8.796011000664421,1.346585187304044,4.856743593533978,7.715587736371548,0.20986690460160418,24.525783251868774,1.0243822403570724,8.77836063195261,1.45383114562868,0.9101020350959086,1.2476131057096431,0.0,1.2269202636411762,-6.400000000000002,-9.300000000000004,0.0,-0.5,-2.5,-6.6,-2.0,0.3999999999999986,6.399999999999999,-9.400000000000006,-0.2,4.700000000000001,28.700000000000017,-2.5000000000000018,0.7999999999999998,-0.20000000000000018,2.9000000000000004,64.6,17.300000000000004,-9.0,12.400000000000002,0.09999999999999998,-18.7,-2.1000000000000014,-7.900000000000002,-8.299999999999997,0.0,-26.599999999999994,0.5999999999999996,-6.099999999999994,2.6000000000000005,-1.2999999999999998,-0.19999999999999996,0.0,0.3999999999999999,519,35,71.0,7.3321601830727525
B3892204-880B-40EF-B3BB-B824B50E99E5,3,2012-02-24 06:24:35.893,2012-03-09 21:54:32.307,14,2012,2,4,금,중기(8-14일),Male,1978-08-06 08:38:27.330,White,Single,Spanish,16.86,47.5,40대,Medium,E09.41,Drug or chemical induced diabetes mellitus with neurological complications with diabetic mononeuropathy,0.0,3.0,0.0,0.0,2.0,2.0,0.0,2.0,2.0,2.0,5.0,0.0,0.0,0.0,1.0,0.0,1.0,1.0,2.0,3.0,4.0,3.0,1.0,1.0,1.0,2.0,0.0,2.0,1.0,1.0,3.0,1.0,0.0,0.0,3.0,26.45454545454546,69.38571428571429,0.12727272727272726,0.35454545454545444,42.918181818181814,14.324999999999998,2.7818181818181817,31.818181818181817,33.68461538461538,88.78,0.47500000000000003,5.714285714285714,255.1285714285714,12.955555555555556,5.053846153846154,8.299999999999999,3.9199999999999995,89.6090909090909,51.29090909090908,9.020000000000001,27.63333333333334,0.5357142857142858,17.98333333333333,9.430769230769231,27.666666666666668,103.10000000000001,0.8090909090909087,105.87692307692308,4.16,140.52727272727273,6.92857142857143,6.172727272727273,1.5555555555555556,1.0,2.885714285714286,5.510964277939684,6.995807221566265,0.09045340337332909,0.08201995322647246,7.0659490773452625,2.877222461143575,1.256039953041448,5.620821680469534,4.220356650380422,8.058094619008202,0.38168287645874055,2.6494867842244885,67.25846161889714,1.7791227551177509,0.9777656370652636,1.9935610635959244,0.9484490263348662,32.26835770675213,19.00539157952051,4.2783174262787,10.324668899232936,0.3835204193884754,7.13389264304028,1.4556697286728053,4.388069224061025,7.786118183256427,0.21658506621900533,24.40290808647451,0.9640193635676272,8.395009339969894,1.3764103655906894,0.8844104353646095,0.9514608650794724,0.0,2.0338887129593144,7.800000000000001,-7.099999999999994,0.1,0.0,-7.700000000000003,3.0,-2.7,8.100000000000001,6.300000000000004,-17.400000000000006,-0.19999999999999996,0.10000000000000053,-74.5,-1.299999999999999,2.0999999999999996,2.0999999999999996,-0.6999999999999997,-28.900000000000006,8.399999999999999,-0.20000000000000018,-6.100000000000001,0.9,9.399999999999999,-2.9000000000000004,11.2,5.700000000000003,0.09999999999999998,57.3,1.9,2.799999999999983,0.09999999999999964,0.40000000000000036,-0.30000000000000004,0.0,4.6000000000000005,406,35,49.0,6.971855917274765
49DADA25-F2C2-42BB-8210-D78E6C7B0D48,1,1983-06-01 19:50:33.977,1983-06-07 02:58:10.193,5,1983,6,2,수,단기(4-7일),Male,1962-04-08 10:18:26.263,African American,Married,English,19.5,63.8,60대,Medium,Z12,Encounter for screening for malignant neoplasms,1.0,0.0,0.0,1.0,0.0,0.0,0.0,1.0,1.0,1.0,0.0,1.0,1.0,0.0,0.0,2.0,1.0,1.0,2.0,0.0,0.0,0.0,0.0,0.0,0.0,2.0,0.0,2.0,0.0,0.0,1.0,1.0,0.0,0.0,0.0,27.083333333333332,68.02000000000001,0.09999999999999999,0.35000000000000003,43.01666666666667,15.033333333333333,2.516666666666667,30.48,36.833333333333336,84.5,0.6499999999999999,7.38,343.98,12.05,4.6,7.340000000000001,5.220000000000001,107.55,30.4,11.075000000000001,23.95,0.6,13.425,9.4,25.933333333333334,100.43333333333334,0.8250000000000001,82.975,5.066666666666667,139.76666666666665,7.275,5.233333333333333,1.8,1.0,3.1800000000000006,5.4034865287762734,4.905303252603251,0.0894427190999916,0.13784048752090222,6.359376279688653,0.8144527815247079,1.1703275894665848,5.565698518604831,3.764748774265466,11.63299904008707,0.23804761428476165,3.557667775383193,82.56604629022753,2.608320021265284,1.2980754985747172,3.2113859936170868,0.5805170109479996,36.32863884045203,19.09685838037241,3.823937760999779,5.195831662656775,0.45825756949558405,6.530122510336233,1.32098448136229,2.421432083155202,7.66568109607142,0.20615528128088306,31.4301739310067,0.35118845842842444,12.603306444474518,1.5085865349171503,0.5125101625008683,0.9674709297958259,0.0,1.3899640283115242,-8.2,-10.099999999999994,-0.1,-0.09999999999999998,-2.3999999999999986,1.5,0.6000000000000001,-8.100000000000001,-0.5999999999999943,-0.7000000000000028,-0.09999999999999998,0.3000000000000007,144.59999999999997,-1.1000000000000014,-2.3000000000000007,-6.7,0.7000000000000002,-75.19999999999999,47.0,-6.8,-7.400000000000002,-0.30000000000000004,-0.7000000000000011,3.0,4.5,-9.900000000000006,0.30000000000000004,0.7000000000000028,0.39999999999999947,-25.19999999999999,1.8000000000000007,-0.09999999999999964,0.30000000000000004,0.0,-1.9999999999999998,159,35,19.0,7.591852466615882
49DADA25-F2C2-42BB-8210-D78E6C7B0D48,2,2011-04-11 06:49:54.353,2011-04-30 03:04:12.240,18,2011,4,0,월,장기(15-30일),Male,1962-04-08 10:18:26.263,African American,Married,English,19.5,63.8,60대,Medium,H47.53,Disorders of visual pathways in (due to) vascular disorders,2.0,1.0,0.0,3.0,0.0,2.0,3.0,2.0,3.0,1.0,2.0,5.0,3.0,1.0,3.0,1.0,4.0,4.0,1.0,5.0,0.0,1.0,2.0,3.0,4.0,1.0,1.0,1.0,1.0,1.0,4.0,3.0,4.0,0.0,0.0,26.07857142857143,70.35,0.1230769230769231,0.32857142857142846,40.193333333333335,14.963636363636361,2.666666666666666,28.471428571428568,33.9,86.40909090909092,0.55,6.3764705882352954,284.1944444444445,12.382352941176473,4.907142857142857,8.35,3.8823529411764706,94.58,42.69285714285714,10.635714285714286,27.416666666666668,0.6529411764705882,16.060000000000002,9.707142857142857,29.339999999999996,103.85999999999997,0.8428571428571427,113.0153846153846,4.906666666666666,139.03571428571428,7.207692307692308,6.119999999999998,1.675,1.0,3.7066666666666666,5.651844977381425,5.87049336152357,0.05991446895152782,0.15898026693500447,5.938911235796225,2.757996637877837,1.1757469763435295,3.95424379066895,3.500329654805057,8.705567706411173,0.35802488486391304,3.1073560730476126,98.03520659449921,2.159929192739211,1.282104211361623,2.4812372844084183,1.0020200185859856,37.93709454949262,16.55872831821585,5.617364170122872,7.597228362230452,0.37100816544050536,8.431048062285699,1.797632753507656,5.317867456576394,7.163877641134222,0.20648816585306448,21.388776112478798,0.7887301427581163,8.243748880478805,1.6235052296710446,0.9221093830374542,1.0897247358851683,0.0,1.6862751286559998,-17.9,13.199999999999989,0.0,-0.4,-4.700000000000003,0.6999999999999993,2.0999999999999996,-3.1999999999999993,-4.0,5.200000000000003,-0.39999999999999997,-3.9000000000000004,-183.2,4.0,0.40000000000000036,-1.4000000000000004,-3.4000000000000004,20.0,-11.300000000000004,-9.399999999999999,11.200000000000003,0.39999999999999997,0.0,2.5999999999999996,-8.399999999999999,7.699999999999989,0.0,52.0,2.4999999999999996,-16.30000000000001,-2.9000000000000004,0.7999999999999998,0.7000000000000002,0.0,-3.5999999999999996,498,35,72.0,7.798317559829286
7548B6CF-79D9-461D-A0C5-20B861406FAC,1,1982-08-23 17:35:47.147,1982-09-05 16:20:45.987,12,1982,8,0,월,중기(8-14일),Male,1956-11-13 14:08:00.253,White,Married,Icelandic,14.03,69.2,60대,Medium,M05.261,Rheumatoid vasculitis with rheumatoid arthritis of right knee,2.0,0.0,0.0,2.0,2.0,1.0,1.0,2.0,2.0,1.0,1.0,1.0,0.0,3.0,0.0,1.0,0.0,3.0,3.0,1.0,2.0,0.0,2.0,0.0,3.0,2.0,0.0,1.0,2.0,1.0,4.0,1.0,1.0,0.0,2.0,25.76,70.46000000000001,0.09090909090909091,0.3333333333333333,42.9,14.099999999999996,2.472727272727272,28.962500000000002,32.587500000000006,83.04615384615384,0.7555555555555556,4.7875000000000005,336.84000000000003,11.950000000000001,4.908333333333333,7.354545454545455,4.441666666666667,98.25999999999999,46.127272727272725,9.72,31.52,0.7499999999999999,17.6875,9.375,25.009090909090904,102.35555555555555,0.8,96.88181818181819,4.209999999999999,140.6727272727273,7.825,5.872727272727274,1.5800000000000003,1.0,2.5,6.324766135333911,4.507820365148153,0.05393598899705937,0.17320508075688773,7.597008980812477,2.003496942847679,1.4415900312439103,6.387697438939055,3.3748809502812724,7.1664281415285505,0.3205897343611891,2.7776853159214623,74.12257415929373,2.3735814477048995,1.1587284043948844,2.4484132152737765,0.8436482823087025,33.86332660694884,17.393279788992693,4.0237627497985855,8.400502630464706,0.2563479777846623,9.762089574324897,1.5392589716542764,5.83685780972169,8.575417061448254,0.1,21.897982472447918,0.9374314789774119,8.083822228264411,1.7929787302901077,0.7630083998107872,1.018495622638278,0.0,1.829996964174774,15.899999999999999,1.0999999999999943,0.0,0.39999999999999997,-9.299999999999997,2.1999999999999993,-0.09999999999999998,-12.499999999999996,0.6000000000000014,-8.300000000000011,-0.4,-5.199999999999999,-190.3,-1.6000000000000014,-1.2000000000000002,1.2000000000000002,-0.39999999999999947,-99.1,-34.2,-1.5,10.599999999999998,-0.39999999999999997,0.0,-0.09999999999999964,-2.0,-0.10000000000000853,0.10000000000000009,7.799999999999997,0.5999999999999996,0.0,-0.5,0.20000000000000018,-1.0999999999999999,0.0,2.5999999999999996,359,35,47.0,7.118588848082569
7548B6CF-79D9-461D-A0C5-20B861406FAC,2,2000-09-22 02:19:57.300,2000-10-03 02:27:31.373,11,2000,9,4,금,중기(8-14일),Male,1956-11-13 14:08:00.253,White,Married,Icelandic,14.03,69.2,60대,Medium,E75.01,Sandhoff disease,1.0,1.0,0.0,1.0,1.0,1.0,1.0,1.0,0.0,0.0,1.0,1.0,1.0,0.0,1.0,0.0,2.0,0.0,0.0,1.0,1.0,0.0,1.0,3.0,0.0,3.0,0.0,1.0,1.0,1.0,1.0,4.0,2.0,0.0,0.0,25.79,69.23333333333333,0.08888888888888888,0.3333333333333333,42.17142857142858,14.81111111111111,2.8375,34.55714285714286,34.63333333333333,82.55,0.5714285714285714,5.3999999999999995,272.9,13.2,5.000000000000001,8.277777777777779,4.237500000000001,92.75000000000001,43.51111111111111,10.290909090909091,27.110000000000003,0.55,18.119999999999997,9.85,26.299999999999997,104.91428571428571,0.7875000000000001,108.61666666666667,4.5,142.4,7.577777777777778,5.544444444444445,1.7666666666666668,1.0,2.7714285714285714,6.7628807142781655,6.326729012688945,0.060092521257733164,0.15,9.47764286548688,2.3224149308663846,1.2374368670764582,3.8143838046955687,3.1847291878588355,6.823041029400963,0.3946064947695181,3.0664855018951798,89.88796200985821,2.6532998322843198,1.143459662602927,2.2537622865875724,1.192760902875581,25.68723974494507,14.417649292138822,4.191051072333656,7.768662118480319,0.2878491668515698,7.122078348347483,1.897366596101028,4.910957136852245,10.196638101424833,0.13562026818605377,25.083812841485383,0.9899494936611668,9.863641749953649,1.5122646740714554,1.0477489097001145,1.1979148550710939,0.0,1.0160614904526952,5.900000000000002,-7.200000000000003,-0.1,0.2,-18.0,-0.10000000000000142,2.7,-3.5,4.099999999999994,7.400000000000006,-0.6000000000000001,3.8000000000000003,85.09999999999997,-0.5999999999999996,1.3999999999999995,3.1,1.6,-80.7,5.200000000000003,-3.1000000000000014,-12.900000000000002,0.4,11.1,-2.7,-5.699999999999999,0.9000000000000057,0.09999999999999998,65.10000000000001,-2.2,20.799999999999983,-2.000000000000001,-2.1000000000000005,-0.7,0.0,1.4,294,35,32.0,7.373662670986852
7548B6CF-79D9-461D-A0C5-20B861406FAC,3,2003-04-14 06:42:17.997,2003-04-29 10:51:27.057,15,2003,4,0,월,장기(15-30일),Male,1956-11-13 14:08:00.253,White,Married,Icelandic,14.03,69.2,60대,Medium,M05.511,Rheumatoid polyneuropathy with rheumatoid arthritis of right shoulder,1.0,0.0,0.0,1.0,1.0,1.0,1.0,3.0,1.0,4.0,0.0,2.0,0.0,0.0,1.0,1.0,1.0,1.0,4.0,2.0,2.0,2.0,3.0,2.0,3.0,2.0,0.0,2.0,3.0,4.0,0.0,2.0,2.0,0.0,2.0,24.650000000000002,70.56363636363636,0.11666666666666668,0.3692307692307692,42.199999999999996,15.27,2.5200000000000005,32.99230769230769,34.68333333333334,88.85454545454546,0.609090909090909,7.618181818181819,311.33000000000004,13.516666666666666,4.921428571428572,7.0600000000000005,3.9923076923076923,86.74545454545454,46.416666666666664,7.966666666666667,27.255555555555553,0.5416666666666666,20.25384615384616,9.145454545454548,26.066666666666666,100.92,0.7916666666666666,90.15833333333335,4.493333333333331,141.42727272727274,7.381818181818182,5.991666666666667,1.688888888888889,1.0,2.758333333333333,5.646318188953674,4.187665871884412,0.07177405625652736,0.1377474463442389,7.696010098003473,2.535109026802945,1.3886844293951182,5.449841211518848,3.612310601095632,10.387912556078204,0.28793938756115134,3.1933738214678793,75.98048068053032,1.527227632811901,1.0962724053870858,2.71874153893958,0.726247820950877,26.549213307981976,19.796778127827373,4.967896939349688,9.826508931343716,0.4033007750445257,7.363040063340615,1.6518859744931769,6.0477268456834254,8.418735719281791,0.15642792899510302,21.76166179873275,0.9261800709416735,11.779820958664097,1.3219819830982429,0.7879297769048541,0.9212009070290319,0.0,1.619460254267302,-0.9000000000000021,2.299999999999997,0.0,-0.2,-7.599999999999998,4.199999999999999,0.20000000000000018,-14.7,3.799999999999997,-1.2000000000000028,0.09999999999999998,-1.0,-207.70000000000002,-1.4000000000000004,0.09999999999999964,-3.8,0.10000000000000053,-46.8,14.099999999999994,-9.8,3.0,-0.5,-15.7,-3.3999999999999995,3.1000000000000014,-4.0,-0.40000000000000013,52.900000000000006,-1.5,0.9000000000000057,-2.5999999999999996,-0.5,-0.7000000000000002,0.0,-0.7000000000000002,397,35,54.0,7.169811632484605
7548B6CF-79D9-461D-A0C5-20B861406FAC,4,2008-10-13 18:21:22.910,2008-10-23 18:38:15.857,10,2008,10,0,월,중기(8-14일),Male,1956-11-13 14:08:00.253,White,Married,Icelandic,14.03,69.2,60대,Medium,C02.1,Malignant neoplasm of border of tongue,2.0,2.0,0.0,3.0,2.0,0.0,0.0,1.0,1.0,2.0,1.0,0.0,0.0,0.0,0.0,1.0,1.0,2.0,1.0,3.0,2.0,0.0,0.0,1.0,1.0,1.0,0.0,3.0,1.0,2.0,0.0,0.0,0.0,0.0,2.0,25.537499999999998,70.92222222222222,0.13,0.2857142857142857,41.577777777777776,15.957142857142857,1.9444444444444449,30.25,34.06666666666667,82.17,0.8000000000000002,6.8999999999999995,247.47499999999997,12.633333333333335,4.74,7.62,3.922222222222222,95.37142857142855,43.43333333333333,9.462499999999999,31.125,0.5,13.628571428571428,9.566666666666666,26.542857142857144,100.01818181818182,0.8727272727272729,76.3,4.6875,139.84,7.157142857142858,5.971428571428571,1.822222222222222,1.0,3.571428571428572,7.23047864450006,6.263141739130971,0.0674948557710553,0.17728105208558365,8.05508810904291,2.2523004113255283,1.1147994338793763,4.922833098357666,3.320391543176799,7.797300102528369,0.31622776601683794,2.8183919765237295,91.03090134674049,2.616613587572049,1.5323185047502363,3.3214454684670045,1.0473511562243316,32.36709822673401,15.026476632930288,5.158055419854048,7.26709806495786,0.28784916685156975,5.262988468450945,1.7772638145944075,4.559918545638413,7.504907485348261,0.18488325554743512,23.46273641330013,0.9014868670305582,9.91533044218789,0.9606545387688246,0.6421689437998016,0.9756764035500932,0.0,2.091820806310685,-9.100000000000001,-7.400000000000006,0.1,-0.1,1.8000000000000043,-0.6000000000000014,-0.3999999999999999,-6.700000000000003,1.2999999999999972,-10.200000000000003,0.09999999999999998,-5.299999999999999,-27.599999999999994,-0.3000000000000007,-0.40000000000000036,-4.3,2.4999999999999996,-16.799999999999997,17.6,13.499999999999998,8.800000000000004,-0.7,-1.0,-2.799999999999999,6.799999999999997,-0.7999999999999972,-0.10000000000000009,-0.10000000000000142,1.2000000000000002,12.900000000000006,-0.7000000000000011,-1.2999999999999998,0.3999999999999999,0.0,-2.9,274,35,35.0,7.49230777976995
B5D31F01-7273-4901-B56F-8139769A11EF,1,1997-04-22 04:24:08.750,1997-05-06 08:20:43.170,14,1997,4,1,화,중기(8-14일),Female,1971-04-02 18:56:59.353,Asian,Unknown,Unknown,82.08,54.8,50대,Very High,B40.1,Chronic pulmonary blastomycosis,4.0,1.0,0.0,1.0,2.0,0.0,0.0,0.0,2.0,1.0,1.0,1.0,1.0,1.0,1.0,1.0,4.0,0.0,4.0,1.0,3.0,1.0,1.0,2.0,3.0,1.0,1.0,1.0,0.0,2.0,2.0,1.0,1.0,0.0,2.0,25.833333333333332,70.41999999999999,0.1,0.3111111111111111,43.21818181818182,14.45,2.7555555555555555,32.07272727272727,35.38333333333333,86.97999999999999,0.5272727272727272,5.525000000000001,251.6583333333333,12.571428571428573,5.172727272727273,7.242857142857142,4.540000000000001,111.14999999999998,45.17142857142858,11.950000000000003,29.75714285714286,0.6166666666666667,19.325,8.71111111111111,28.810000000000002,103.86000000000001,0.7769230769230769,95.57272727272726,4.6000000000000005,141.20909090909092,7.733333333333333,6.390909090909091,1.488888888888889,1.0,3.5818181818181825,6.761029148843773,5.6322089607699874,0.0632455532033676,0.1615893285805443,7.4456454631976925,2.3152873591750027,1.3992061241210239,4.044772158995092,3.1922728675046024,9.47450379820612,0.26111648393354675,2.8265381974808306,103.37782827467348,1.617418917919522,0.9100449539345943,2.0071848965133254,1.3141959941770902,20.24655173462526,20.99792768424939,3.57834395419801,9.171671627329472,0.33799766898963113,7.734292838668943,1.4649611295563822,6.3856523202845565,7.19400985388384,0.16408253082847346,23.943395369457974,0.8294576541331089,9.980927266086507,1.323448205074589,0.694916607161673,1.11292906831977,0.0,1.6708190696889844,8.099999999999998,-2.1999999999999957,0.0,0.3,1.6999999999999957,-2.700000000000001,2.3,-10.7,-0.8000000000000043,-18.299999999999997,-0.9,-7.299999999999999,85.69999999999999,-2.0,-0.2999999999999998,2.1000000000000005,0.8999999999999995,-29.19999999999999,-41.7,1.799999999999999,-20.3,-0.9,-0.8000000000000007,0.9999999999999991,-13.199999999999996,9.899999999999991,0.20000000000000007,6.5,-1.9000000000000004,26.5,0.7000000000000002,0.5,-0.6000000000000001,0.0,-1.9000000000000001,383,35,47.0,7.703870658964747
B5D31F01-7273-4901-B56F-8139769A11EF,2,2004-08-23 05:16:57.480,2004-08-27 11:50:54.573,4,2004,8,0,월,단기(4-7일),Female,1971-04-02 18:56:59.353,Asian,Unknown,Unknown,82.08,54.8,50대,Very High,E09.649,Drug or chemical induced diabetes mellitus with hypoglycemia without coma,1.0,0.0,0.0,1.0,2.0,0.0,0.0,0.0,0.0,0.0,1.0,1.0,0.0,1.0,0.0,1.0,2.0,1.0,2.0,1.0,1.0,0.0,2.0,0.0,2.0,0.0,0.0,1.0,0.0,0.0,1.0,0.0,0.0,0.0,0.0,23.049999999999997,71.15,0.1,0.275,44.959999999999994,12.680000000000001,2.58,33.875,31.66666666666666,82.88,0.5499999999999999,8.275,301.5333333333333,14.319999999999999,5.2250000000000005,8.040000000000001,4.0,86.1,63.96,13.020000000000001,24.3,0.6666666666666666,13.350000000000001,8.875,25.140000000000004,96.8,0.7999999999999999,71.35,4.880000000000001,141.4,6.133333333333333,5.266666666666667,0.8400000000000001,1.0,1.875,7.203008630657979,7.193747284969081,0.0,0.17078251276599332,10.557603894823863,0.672309452558864,1.1497825881443848,3.343027569933175,2.34591844132172,8.054005214798412,0.45092497528228936,2.8300471138598855,88.68271158085622,2.1087911228948206,1.3225606476327152,3.1532522893038544,1.559914527573012,40.55761334201014,11.379499110242065,4.697020332082883,11.347833860844691,0.4041451884327381,9.029027263960018,0.8261355820929153,6.451976441370504,2.4515301344262554,0.15811388300841903,7.716000691204401,0.901110426085505,9.00222194794152,1.5502687938977984,0.47258156262526063,0.5727128425310541,0.0,1.1954775893619531,10.7,-6.6000000000000085,0.0,-0.19999999999999998,6.399999999999999,-0.5999999999999996,1.4,3.799999999999997,-1.0999999999999979,3.200000000000003,-0.8999999999999999,1.0999999999999996,-120.69999999999999,-0.8000000000000007,1.1000000000000005,-0.39999999999999947,-2.5999999999999996,5.3999999999999915,14.200000000000003,-12.600000000000001,2.0,0.3,16.7,-1.7000000000000002,-15.399999999999999,2.6000000000000085,0.20000000000000007,11.5,0.0,2.3000000000000114,-2.9000000000000004,0.7000000000000002,-0.8,0.0,-2.3,144,35,21.0,7.128904481128411
B5D31F01-7273-4901-B56F-8139769A11EF,3,2010-07-03 10:53:49.617,2010-07-15 13:32:19.510,12,2010,7,5,토,중기(8-14일),Female,1971-04-02 18:56:59.353,Asian,Unknown,Unknown,82.08,54.8,50대,Very High,E11.5,Type 2 diabetes mellitus with circulatory complications,3.0,1.0,0.0,2.0,2.0,2.0,1.0,1.0,1.0,0.0,0.0,1.0,0.0,1.0,1.0,3.0,1.0,1.0,0.0,1.0,2.0,0.0,0.0,2.0,1.0,2.0,1.0,1.0,1.0,2.0,4.0,0.0,0.0,0.0,2.0,23.87272727272727,72.04,0.10909090909090913,0.27999999999999997,43.15384615384615,13.972727272727274,2.37,31.690909090909088,34.42,83.07272727272726,0.6333333333333333,7.133333333333332,287.2,13.52,5.111111111111111,8.000000000000002,4.1499999999999995,107.65454545454546,42.36,10.83076923076923,26.70909090909091,0.5166666666666667,17.66363636363636,9.299999999999999,27.20833333333333,102.97999999999999,0.9285714285714286,91.38999999999999,4.33,134.89999999999998,6.824999999999999,6.223076923076922,1.4375,1.0,4.09,6.0552606730166305,5.422422582819107,0.07006490497453707,0.14757295747452437,8.177980128024215,2.7626403707652245,1.3367040726270636,4.275851855584929,3.0716625972119895,6.590613159500551,0.3535533905932738,3.0573681492420905,81.56967223528257,2.0137306451238985,1.283982519784094,2.803893397013906,1.0841838153443104,35.47132260393919,14.31589637042993,3.723883415509633,8.017662320833242,0.4215052391924289,5.832370483306548,1.8242806801586204,4.920542899339708,7.220618625390301,0.25634797778466234,20.422833082388713,0.8957306142659933,9.004443347592339,1.548679789662502,0.7704477552629662,1.0126873724332275,0.0,1.7483007623276823,-8.600000000000001,0.7000000000000028,0.0,-0.09999999999999998,17.0,-2.0999999999999996,-1.9,-7.800000000000004,4.399999999999999,-23.599999999999994,-0.09999999999999998,-4.800000000000001,23.5,-0.20000000000000107,3.5,-2.4000000000000004,-1.6999999999999997,-37.80000000000001,12.100000000000001,-5.199999999999999,-9.4,0.7000000000000001,-1.200000000000001,0.5999999999999996,-13.399999999999999,4.199999999999989,0.5000000000000001,26.599999999999994,0.2999999999999998,-1.700000000000017,-2.000000000000001,1.5999999999999996,-0.19999999999999996,0.0,-5.1,361,35,40.0,7.0709917369771595
80D356B4-F974-441F-A5F2-F95986D119A2,1,1965-01-29 09:25:37.200,1965-02-10 00:57:57.970,11,1965,1,4,금,중기(8-14일),Female,1938-03-06 18:24:18.297,White,Single,English,18.88,87.9,70세~,Medium,H34,Retinal vascular occlusions,2.0,2.0,0.0,4.0,1.0,2.0,2.0,4.0,0.0,2.0,3.0,1.0,2.0,0.0,1.0,0.0,2.0,2.0,2.0,1.0,0.0,1.0,0.0,1.0,1.0,3.0,1.0,2.0,1.0,2.0,1.0,4.0,2.0,0.0,3.0,25.880000000000003,73.07000000000001,0.12222222222222223,0.31,42.23333333333333,14.549999999999999,1.844444444444444,28.91818181818182,34.230000000000004,80.56666666666666,0.7272727272727273,6.2666666666666675,284.93333333333334,12.054545454545455,4.74,7.875,4.254545454545456,116.0,51.458333333333336,11.45,30.419999999999998,0.5999999999999999,18.61818181818182,9.958333333333334,24.254545454545454,102.60909090909091,0.8900000000000002,101.78,4.137499999999999,139.84545454545452,7.590000000000001,5.781818181818182,1.4000000000000001,1.0,3.3699999999999997,6.451666451390681,5.880485618646738,0.06666666666666667,0.1911950719959998,6.067536567668959,2.7281362269372242,1.0619688214715992,6.084376415347457,3.6362526498214254,10.12348754135649,0.3926599268856171,3.342154993413681,82.9429742033463,1.508882789592112,1.1325487480310357,2.204592314403566,1.1801386667367832,24.088638400706667,15.261624978019118,5.270515471311448,7.826564451348441,0.232379000772445,5.989293477834957,1.6478406439576576,5.27226016739759,8.879690821808444,0.19119507199599972,24.89077473014182,0.9545941546018393,10.084677846749853,1.26442784601486,1.045770703183238,0.8707363654871767,0.0,2.069379939337707,10.600000000000001,-0.8000000000000114,0.0,0.3,3.9000000000000057,5.9,2.4,-11.900000000000002,-6.600000000000001,20.89999999999999,0.3999999999999999,4.299999999999999,150.4,4.0,0.5999999999999996,3.3000000000000007,2.6,-15.299999999999997,4.600000000000001,-1.0,-8.3,0.30000000000000004,-5.200000000000003,0.5999999999999996,9.7,19.0,-0.3999999999999999,42.8,-1.0999999999999996,-16.30000000000001,3.1000000000000005,-2.3,-1.0999999999999999,0.0,-3.5999999999999996,364,35,55.0,7.1667453641251875
80D356B4-F974-441F-A5F2-F95986D119A2,2,1970-09-05 18:51:46.390,1970-09-22 22:21:45.263,17,1970,9,5,토,장기(15-30일),Female,1938-03-06 18:24:18.297,White,Single,English,18.88,87.9,70세~,Medium,K50.014,Crohn's disease of small intestine with abscess,4.0,3.0,0.0,4.0,1.0,1.0,0.0,1.0,3.0,2.0,1.0,3.0,1.0,2.0,2.0,2.0,2.0,4.0,1.0,2.0,1.0,0.0,0.0,3.0,2.0,3.0,1.0,1.0,1.0,0.0,1.0,2.0,2.0,0.0,2.0,26.759999999999994,67.9,0.10714285714285716,0.43076923076923074,41.006666666666675,13.853333333333332,2.8214285714285716,30.692307692307697,34.14,90.92142857142856,0.5571428571428572,9.033333333333333,317.4307692307693,11.79090909090909,4.7250000000000005,7.015384615384615,4.484615384615385,80.42857142857144,43.021428571428565,10.687500000000002,27.549999999999997,0.6083333333333333,20.416666666666668,9.564285714285713,24.769230769230766,100.47333333333334,0.9416666666666665,99.53636363636365,4.523076923076923,141.85833333333332,7.345454545454544,5.906666666666666,1.6454545454545455,1.0,2.5769230769230775,6.066394551720392,6.004257748557359,0.07300459115473719,0.16012815380508713,7.524860384719693,1.8585196361876937,1.2819327784059695,4.655903338497901,3.79751798641466,7.206533208077298,0.27093651176353734,2.3584792223855273,81.40840849911619,2.235376722368982,1.2076460950581056,2.525155491531216,1.124608193880691,32.89705220769855,17.39417137440579,4.180410665632425,8.296384754819414,0.3423404295390331,4.58948072589191,1.5657915878887896,5.584261308263999,6.802254528218326,0.21087839379532694,24.997490783167528,0.9461799037479133,7.257780569008594,1.4801105609809266,0.866410218468519,1.1387393348467738,0.0,1.8230715135698172,14.0,-6.700000000000003,0.1,0.4,-2.0,-0.3000000000000007,3.2,-2.799999999999997,-7.600000000000001,4.099999999999994,-0.29999999999999993,-1.4000000000000004,-0.39999999999997726,-1.4000000000000004,0.5,-1.4,0.8999999999999995,2.6000000000000014,35.4,6.4,-16.2,0.20000000000000007,5.700000000000003,1.200000000000001,-4.800000000000001,-5.400000000000006,0.0,47.10000000000001,0.3999999999999999,-12.5,3.500000000000001,-1.9000000000000004,0.1,0.0,-2.1,458,35,58.0,7.146642056388248
80D356B4-F974-441F-A5F2-F95986D119A2,3,1984-05-31 18:34:12.660,1984-06-11 05:01:40.287,10,1984,5,3,목,중기(8-14일),Female,1938-03-06 18:24:18.297,White,Single,English,18.88,87.9,70세~,Medium,D68.3,Hemorrhagic disorder due to circulating anticoagulants,0.0,0.0,0.0,2.0,0.0,1.0,3.0,1.0,1.0,0.0,1.0,0.0,3.0,0.0,1.0,1.0,1.0,2.0,2.0,2.0,0.0,0.0,1.0,1.0,1.0,2.0,0.0,0.0,0.0,0.0,0.0,0.0,1.0,0.0,1.0,23.459999999999997,70.51666666666667,0.1,0.3666666666666667,40.72222222222222,14.300000000000002,3.177777777777778,32.63333333333333,34.01,89.575,0.7444444444444444,6.6375,246.47499999999997,13.18888888888889,4.5875,7.625,4.328571428571428,90.9875,42.725,9.8875,28.51666666666667,0.48888888888888893,11.277777777777779,8.790000000000001,30.022222222222222,103.17142857142856,0.9142857142857144,108.65000000000002,4.381818181818182,142.62222222222223,8.216666666666667,5.928571428571429,1.6666666666666663,1.0,1.9777777777777774,5.53899308940212,5.902344167080284,0.08164965809277261,0.16583123951776996,6.683707387703655,2.975231083462258,1.3980144650340511,4.857468476480317,3.823451029865268,7.237353502094929,0.3503966006938106,2.901692855657095,107.56058425703296,1.3914420976494535,0.9046506823867745,2.465041292033172,0.9638711630957839,34.130984561580654,21.704031883500356,5.378379336353497,7.851730170266084,0.19002923751652298,6.843204252719953,1.3059266612043898,4.844011193674561,9.364243035026785,0.19518001458970669,22.581174558566353,0.5758787751223028,6.808593426284496,1.2797135096054377,0.928644685754973,1.1183320914051722,0.0,1.6902498171703626,14.5,-10.5,0.1,-0.3,-10.699999999999996,-2.5,-1.6999999999999997,-14.399999999999999,-2.4000000000000057,6.0,-0.5,5.699999999999999,196.60000000000002,1.0999999999999996,-1.4999999999999996,-0.39999999999999947,-0.5999999999999996,-17.30000000000001,-36.3,10.399999999999999,6.900000000000002,0.2,-1.0999999999999996,0.1999999999999993,-0.7000000000000028,19.700000000000003,0.30000000000000004,10.099999999999994,1.0999999999999996,2.5,-2.8999999999999995,-1.0,-0.2999999999999998,0.0,4.5,285,35,28.0,8.05691515021783
80D356B4-F974-441F-A5F2-F95986D119A2,4,1990-05-02 22:55:11.220,1990-05-22 13:38:51.950,19,1990,5,2,수,장기(15-30일),Female,1938-03-06 18:24:18.297,White,Single,English,18.88,87.9,70세~,Medium,J66.1,Flax-dressers' disease,1.0,5.0,0.0,4.0,4.0,3.0,3.0,2.0,4.0,3.0,1.0,2.0,4.0,2.0,3.0,3.0,3.0,6.0,4.0,3.0,2.0,1.0,1.0,2.0,2.0,3.0,3.0,1.0,3.0,1.0,1.0,3.0,1.0,0.0,2.0,26.466666666666672,72.45882352941176,0.12352941176470589,0.3076923076923077,40.964705882352945,14.328571428571431,2.9062500000000004,33.300000000000004,36.57142857142857,86.50588235294119,0.6642857142857144,6.7555555555555555,317.89333333333326,12.988235294117645,4.55,7.43125,4.370588235294116,93.87333333333332,41.875,10.48125,29.040000000000003,0.4571428571428572,16.142105263157898,9.62307692307692,25.711764705882356,101.59285714285714,0.942857142857143,107.76249999999999,4.447058823529412,138.30769230769232,6.628571428571427,5.8066666666666675,1.9416666666666667,1.0,3.7142857142857144,4.657814733889498,6.392677336563434,0.06642111641550716,0.16563785025137653,7.323501653620912,2.7381713638087772,1.2503166265657135,5.214083492490954,2.8909483595495815,10.197761432554405,0.3248837492849566,2.88020061029706,97.70249643445048,2.2183559094916374,1.2116855277595,2.91495425921803,1.1601533874246721,42.01894924005234,20.327173930480352,4.855679664063518,8.85226363302469,0.3274946522506089,6.309016104792119,1.651339782395821,5.393385109666885,7.954337402730887,0.1696797241605749,18.51020889491346,0.8193882222875367,8.172052122780167,1.1411388181101374,0.9121925444198928,1.101617268410679,0.0,1.67555140997599,-11.600000000000001,-11.100000000000009,-0.1,0.09999999999999998,3.5,-2.3000000000000007,1.4000000000000004,-1.5,-2.9000000000000057,-17.0,0.09999999999999998,7.8,-82.40000000000003,-0.9000000000000021,-2.0,5.299999999999999,1.5999999999999996,10.0,47.99999999999999,-2.5000000000000018,4.100000000000001,0.0,-0.1999999999999993,0.6999999999999993,-15.0,15.200000000000003,-0.09999999999999998,-27.700000000000003,0.20000000000000018,-7.400000000000006,1.6999999999999993,-0.40000000000000036,-2.6,0.0,2.4000000000000004,531,35,86.0,7.985758067661489
80D356B4-F974-441F-A5F2-F95986D119A2,5,1991-12-11 07:04:48.687,1991-12-26 05:07:29.543,14,1991,12,2,수,중기(8-14일),Female,1938-03-06 18:24:18.297,White,Single,English,18.88,87.9,70세~,Medium,C31.3,Malignant neoplasm of sphenoid sinus,1.0,2.0,0.0,2.0,3.0,1.0,2.0,0.0,3.0,0.0,1.0,2.0,0.0,3.0,2.0,0.0,0.0,1.0,2.0,1.0,1.0,1.0,1.0,2.0,1.0,1.0,1.0,2.0,2.0,0.0,1.0,0.0,1.0,0.0,3.0,24.377777777777776,67.07272727272726,0.09999999999999999,0.3909090909090909,43.16153846153846,14.29090909090909,3.8249999999999997,33.708333333333336,33.93333333333333,80.07000000000001,0.47000000000000003,5.816666666666667,232.0545454545455,12.80909090909091,4.66,7.155555555555556,4.875,94.64285714285714,39.93076923076923,10.366666666666667,25.69090909090909,0.6181818181818182,16.04444444444444,8.889999999999999,27.32,99.83636363636364,0.8636363636363636,103.37500000000001,4.592307692307692,144.7875,7.075,5.858333333333334,1.5818181818181818,1.0,3.353846153846154,6.266733155675647,6.646065137973127,0.0632455532033676,0.15782614139961385,8.549418933621402,2.4353457846698263,0.8481071360893705,3.991914175915959,3.7371192924578414,8.031057768992135,0.2869378562220979,2.990236638046419,78.25885718097811,2.759512473410673,1.0532489417670132,2.1581885408318198,0.9082951062292476,34.306017797798354,15.70288639154092,5.073953093988946,6.746622050397449,0.4190899230909324,7.741141891076393,1.6189502771858062,4.475811534111876,6.800334216385653,0.22033033051637388,23.63930182786901,0.9340427706673275,4.197086574552124,1.4280356138016004,0.9727732925959054,1.116080805155417,0.0,1.9350346183877367,4.199999999999999,-12.299999999999997,0.0,0.2,18.0,-6.6,-0.5,-4.199999999999996,-6.599999999999994,5.3999999999999915,-0.2,0.0,-10.5,5.0,1.0999999999999996,-1.0999999999999996,0.5999999999999996,8.800000000000011,-40.300000000000004,4.5,-7.199999999999999,0.30000000000000004,-5.800000000000001,0.8000000000000007,4.5,3.5,-0.40000000000000013,36.0,0.39999999999999947,-5.199999999999989,-1.5,0.0,-1.9,0.0,-2.7,371,35,43.0,7.041988652188728
80D356B4-F974-441F-A5F2-F95986D119A2,6,2007-09-19 18:38:24.610,2007-10-06 16:49:16.640,16,2007,9,2,수,장기(15-30일),Female,1938-03-06 18:24:18.297,White,Single,English,18.88,87.9,70세~,Medium,M05.561,Rheumatoid polyneuropathy with rheumatoid arthritis of right knee,4.0,0.0,0.0,0.0,2.0,1.0,0.0,2.0,1.0,1.0,2.0,2.0,3.0,2.0,1.0,1.0,1.0,2.0,3.0,3.0,2.0,0.0,2.0,1.0,3.0,2.0,2.0,3.0,2.0,3.0,1.0,3.0,2.0,0.0,3.0,28.29090909090909,72.32000000000001,0.07857142857142858,0.3666666666666666,39.06250000000001,14.607692307692307,2.936363636363637,31.471428571428568,34.375,85.83333333333333,0.5,5.5888888888888895,282.65714285714284,13.690000000000001,5.478571428571429,7.9416666666666655,4.3,90.75714285714285,45.54166666666668,9.342857142857143,27.908333333333335,0.5272727272727273,14.024999999999999,9.944444444444445,27.672727272727272,102.51249999999999,0.8166666666666668,105.53846153846153,4.646666666666666,140.44000000000003,7.1923076923076925,6.081818181818182,2.2916666666666665,1.0,2.5615384615384618,6.412090851735421,3.8484628966207617,0.08017837257372733,0.1118033988749895,7.112699909317139,2.6001479247860555,1.2800568169208173,6.027811003548924,3.192925418369922,8.355546153014268,0.35118845842842467,3.9646703660091482,108.789130638382,2.427367115026302,1.016160625876843,2.3838312681797587,1.0018165319240662,28.619942328752145,20.356524901382507,4.3706563995168235,9.253349107051442,0.3196589091231749,6.996478706157426,1.4808030854160785,6.519369740870802,6.7585871304585545,0.22087978356535665,23.178277850232185,0.6468237413553652,10.719261701655181,1.2990134323539142,0.8600211413891892,1.1688831758511535,0.0,1.8122446769768061,-2.8999999999999986,4.599999999999994,-0.1,-0.09999999999999998,-0.20000000000000284,-3.9000000000000004,-1.3,7.099999999999998,6.600000000000001,18.900000000000006,0.7,8.3,-103.79999999999998,4.199999999999999,-2.0,-1.0,-0.8999999999999995,-49.6,-8.300000000000004,3.700000000000001,-11.399999999999999,0.1,-7.1,-3.6999999999999993,10.8,4.200000000000003,-0.09999999999999998,25.400000000000006,-0.20000000000000018,-24.5,0.0,0.0,1.8,0.0,-1.2999999999999998,430,35,60.0,8.10104753033419
80D356B4-F974-441F-A5F2-F95986D119A2,7,2012-10-28 00:36:29.513,2012-11-09 06:05:58.093,12,2012,10,6,일,중기(8-14일),Female,1938-03-06 18:24:18.297,White,Single,English,18.88,87.9,70세~,Medium,Q61.01,Congenital single renal cyst,1.0,1.0,0.0,2.0,1.0,2.0,0.0,0.0,4.0,1.0,1.0,1.0,1.0,0.0,1.0,1.0,2.0,1.0,3.0,3.0,1.0,1.0,0.0,0.0,0.0,0.0,1.0,2.0,2.0,1.0,0.0,2.0,0.0,0.0,3.0,28.144444444444446,68.67272727272727,0.09999999999999999,0.38,43.65555555555555,14.341666666666667,3.0857142857142854,32.96,33.74999999999999,86.5090909090909,0.7000000000000001,7.811111111111111,226.8909090909091,12.928571428571429,4.654545454545455,6.222222222222222,4.90909090909091,81.07142857142857,47.26666666666667,10.999999999999998,22.587500000000002,0.64,14.3875,10.08,25.388888888888893,104.66249999999998,0.78,110.15000000000002,4.257142857142857,140.14444444444445,8.4625,5.827272727272728,1.875,1.0,3.409090909090909,3.9153898628077606,4.889599351499242,0.0894427190999916,0.14757295747452437,7.5360983126401555,2.8649792426134706,1.3801311186847085,3.918106118465343,5.077674445824367,7.031849620896984,0.38544964466377263,3.0026839845563353,94.66225704625319,2.05808510166958,1.012288137205644,2.6304836902068875,0.9954441676503464,29.13541454917677,24.28960683090609,5.483383991660624,6.734227604452602,0.3687817782917155,7.513880013491223,1.20904002323239,4.1480249651022,6.257324279822574,0.24899799195977462,21.50887413758951,1.1282097069504158,9.859907594788995,1.296079252426883,0.7798601273188788,0.9676923950453322,0.0,1.943941637732237,-6.899999999999999,11.5,0.1,-0.19999999999999996,12.600000000000001,1.299999999999999,-0.30000000000000027,-3.6999999999999993,6.400000000000002,6.700000000000003,0.5,-4.1000000000000005,84.89999999999998,2.6000000000000014,-1.4000000000000004,-5.3,1.7999999999999998,70.10000000000001,51.5,-2.1000000000000014,-10.9,0.3,15.299999999999999,-1.1999999999999993,-6.699999999999999,-5.200000000000003,0.20000000000000007,-53.39999999999999,2.4,-11.200000000000017,-1.0999999999999996,0.39999999999999947,0.0,0.0,-0.10000000000000009,321,35,39.0,7.5563080686331565
A0A976C8-9B30-4492-B8C4-5B25095B9192,1,1949-07-10 00:17:08.037,1949-07-26 11:53:13.577,16,1949,7,6,일,장기(15-30일),Male,1931-05-26 14:54:15.847,Asian,Single,English,19.52,94.7,70세~,Medium,M24.251,"Disorder of ligament, right hip",1.0,0.0,0.0,3.0,2.0,2.0,2.0,1.0,1.0,3.0,2.0,2.0,1.0,1.0,4.0,2.0,2.0,3.0,3.0,0.0,3.0,0.0,2.0,2.0,3.0,1.0,2.0,2.0,1.0,2.0,2.0,2.0,2.0,0.0,1.0,24.34166666666667,68.9090909090909,0.11818181818181817,0.4307692307692308,39.23076923076923,12.981818181818182,2.9692307692307693,30.775000000000002,34.261538461538464,81.81818181818181,0.607142857142857,6.021428571428573,260.73333333333335,13.730769230769228,5.164285714285714,7.536363636363637,4.3076923076923075,83.62307692307692,41.4,9.89285714285714,30.390000000000004,0.5666666666666665,17.592857142857145,9.036363636363639,28.46153846153846,103.56363636363636,0.7999999999999999,112.18000000000002,4.392307692307692,139.64,6.923076923076923,6.281818181818181,1.9000000000000001,1.0,3.4071428571428575,5.528349800361002,4.494764631313756,0.06030226891555273,0.16012815380508716,7.484582443862473,2.3046987576766647,1.5553052301636354,5.202643558807387,3.520544101304623,9.30868607074255,0.389208834025535,2.716949242590517,86.86191061191042,2.005153616469577,1.201029777929144,3.021017288024922,1.0789358480014297,31.29273488224154,22.471871306146266,3.809596038692552,11.3419036223104,0.34572215654165056,6.9920244989135005,1.4719189701017694,6.569187984007671,6.972556593857482,0.21742292260184362,25.595780902328414,0.9647638212377323,8.468074498626338,1.7828599899009858,0.9724383598132907,1.047218538160334,0.0,1.6121959633294656,7.600000000000001,0.7999999999999972,0.1,-0.4,-9.799999999999997,3.0,-3.1,6.0,-6.600000000000001,-5.300000000000011,-0.09999999999999998,-6.9,79.80000000000001,-1.3000000000000007,2.8000000000000007,-7.699999999999999,-0.5,50.199999999999996,-54.599999999999994,1.0,-3.6999999999999957,-0.9000000000000001,-5.799999999999997,-4.299999999999999,11.699999999999996,10.700000000000003,0.0,11.299999999999997,1.7000000000000002,6.399999999999977,-3.3,2.3,-3.0,0.0,2.0,435,35,60.0,7.680642322420442
A0A976C8-9B30-4492-B8C4-5B25095B9192,2,1951-08-12 17:27:34.267,1951-08-17 10:50:34.113,4,1951,8,6,일,단기(4-7일),Male,1931-05-26 14:54:15.847,Asian,Single,English,19.52,94.7,70세~,Medium,T46.0X5,Adverse effect of cardiac-stimulant glycosides and drugs of similar action,0.0,0.0,0.0,0.0,1.0,0.0,0.0,2.0,1.0,1.0,0.0,0.0,0.0,1.0,0.0,1.0,0.0,1.0,0.0,0.0,0.0,0.0,0.0,1.0,1.0,1.0,1.0,2.0,2.0,0.0,1.0,1.0,2.0,0.0,0.0,28.5,67.975,0.13999999999999999,0.36,39.675,14.459999999999999,3.4200000000000004,27.575,31.2,84.57499999999999,0.64,7.119999999999999,240.26666666666665,10.674999999999999,3.7,7.85,4.3999999999999995,109.03999999999999,44.900000000000006,9.2,30.275,0.5,16.2,10.649999999999999,25.220000000000002,102.2,1.0400000000000003,82.28,3.9799999999999995,132.5,7.12,6.375,2.5,1.0,3.8,1.8330302779823364,3.564991818597442,0.05477225575051662,0.1140175425099138,6.597663727916625,2.4265201420964972,1.380941707676323,5.652359389375967,1.8129166187849555,10.419972808665737,0.15165750888103102,2.965973701838908,51.14140527335297,1.4974979131871935,0.23094010767585016,3.390673482756289,1.34350288425444,37.10340954683276,17.06302044383311,5.2668776329054765,6.992078851576737,0.31622776601683794,3.827096375408733,1.7175564037317674,4.1396859784287985,8.722767145044436,0.15165750888103102,21.429349033510093,0.8927485648266253,6.173329733620256,1.4923136399564263,0.8015609770940701,1.0653637876331257,0.0,0.6782329983125268,-3.6000000000000014,5.300000000000011,-0.1,0.0,10.100000000000001,-5.200000000000001,3.4999999999999996,-0.1999999999999993,4.400000000000002,13.099999999999994,-0.09999999999999998,-4.3999999999999995,101.30000000000001,1.200000000000001,0.3999999999999999,6.700000000000001,2.9000000000000004,-28.0,-27.200000000000003,6.200000000000001,-11.299999999999997,-0.2,-1.0999999999999996,3.0999999999999996,4.300000000000001,-0.7000000000000028,0.0,26.5,1.5,1.0999999999999943,-2.299999999999999,0.6000000000000005,2.5,0.0,-1.2000000000000002,153,35,20.0,6.0689175299690215
A0A976C8-9B30-4492-B8C4-5B25095B9192,3,1954-01-06 06:36:07.547,1954-01-18 06:04:00.080,11,1954,1,2,수,중기(8-14일),Male,1931-05-26 14:54:15.847,Asian,Single,English,19.52,94.7,70세~,Medium,F33.1,"Major depressive disorder, recurrent, moderate",3.0,3.0,0.0,4.0,2.0,1.0,2.0,2.0,3.0,1.0,0.0,1.0,2.0,2.0,1.0,2.0,0.0,0.0,1.0,2.0,1.0,0.0,2.0,0.0,2.0,3.0,0.0,3.0,2.0,1.0,1.0,1.0,1.0,0.0,0.0,21.8625,78.56000000000002,0.09999999999999999,0.34166666666666673,43.36666666666666,14.355555555555558,2.9000000000000004,31.11111111111111,34.712500000000006,89.07142857142857,0.8,4.957142857142857,274.25000000000006,12.31,4.61,8.920000000000002,3.8375000000000004,100.93333333333332,40.88888888888889,11.316666666666668,30.890000000000004,0.6300000000000001,22.533333333333335,9.511111111111111,22.428571428571427,102.43333333333334,0.8875000000000001,85.64545454545454,4.388888888888889,139.35555555555555,7.033333333333333,6.525,2.1100000000000003,1.0,2.7555555555555555,6.636465819352087,1.1991663771137078,0.06666666666666668,0.1880924981991251,9.093404203047397,2.505050454138155,1.2298373876248843,6.295920195738754,4.686588006520003,7.3051840692561845,0.2720294101747089,3.223278425690807,120.17892910156921,2.6768347809389437,1.1327939893123649,2.6355686715056814,0.767067700495111,26.656096863569505,18.007112792202726,4.556281045951508,7.959403941948865,0.35605867181937556,6.827517850580839,1.426923652866933,4.103540863577164,8.962282075453773,0.18850918886280932,23.173578214698033,1.0493384159131462,8.640039223161995,1.4168627315304756,0.6819090848492926,1.0104454463255301,0.0,1.3694078201097648,-0.29999999999999893,-2.1000000000000085,0.1,0.2,15.5,-1.8000000000000007,0.10000000000000009,5.300000000000001,6.400000000000002,-0.4000000000000057,-0.6000000000000001,7.8999999999999995,-146.6,6.1,-0.3999999999999999,1.9000000000000004,2.0000000000000004,0.30000000000001137,-22.299999999999997,7.9,-8.500000000000004,-0.6000000000000001,17.5,-2.5,10.0,14.799999999999997,0.0,5.700000000000003,-0.09999999999999964,-0.799999999999983,2.8999999999999995,-0.3000000000000007,-2.1,0.0,2.0999999999999996,315,35,49.0,8.185091018307586
A0A976C8-9B30-4492-B8C4-5B25095B9192,4,1967-12-01 13:31:48.583,1967-12-08 11:12:29.007,6,1967,12,4,금,단기(4-7일),Male,1931-05-26 14:54:15.847,Asian,Single,English,19.52,94.7,70세~,Medium,M90,Osteopathies in diseases classified elsewhere,2.0,3.0,0.0,3.0,1.0,0.0,1.0,2.0,0.0,3.0,1.0,0.0,3.0,0.0,0.0,1.0,0.0,1.0,1.0,3.0,0.0,1.0,0.0,0.0,1.0,0.0,3.0,1.0,0.0,0.0,1.0,1.0,2.0,0.0,0.0,29.339999999999996,69.60000000000001,0.06666666666666667,0.26666666666666666,43.3,14.8,2.0599999999999996,32.6,32.74,84.71428571428571,0.46666666666666673,6.2,324.06,14.2,5.2,7.459999999999999,4.733333333333333,88.9,50.04,13.239999999999998,32.42,0.9666666666666668,16.3,9.879999999999999,28.925000000000004,102.7,1.0571428571428572,114.45,4.8,137.89999999999998,8.483333333333333,5.783333333333334,1.8,1.0,4.5,5.926887884885287,8.479976415061543,0.05773502691896258,0.28867513459481287,6.659579566308972,3.275159029217768,1.3011533345459325,7.092601779319069,2.730018314956881,11.362427641343283,0.33862466931200785,2.6166135875720484,133.62740362665136,2.111871208194288,1.283225103661344,3.7420582571627605,0.2875181153713042,37.54244264828809,17.077997540695453,6.1796440026914174,6.5293184942993845,0.20655911179772896,7.389632376963463,1.3989281611290836,5.348753748927565,6.849087530467111,0.18126539343499312,26.021081197111442,1.036018017861337,3.8183766184073504,0.932559202767667,0.8060190237622602,1.3165611772087666,0.0,0.5477225575051662,-0.20000000000000284,-15.0,0.1,0.0,15.800000000000004,1.9000000000000004,1.4000000000000001,-1.3999999999999986,0.10000000000000142,-0.5,-0.49999999999999994,-3.4,47.69999999999999,-0.5,0.5,-0.8000000000000007,0.20000000000000018,56.6,-12.700000000000003,-0.7999999999999972,-16.799999999999997,-0.09999999999999987,-9.5,0.3000000000000007,6.199999999999999,3.9000000000000057,-0.19999999999999996,-46.7,0.5999999999999996,-5.400000000000006,1.5,-0.39999999999999947,1.8,0.0,-0.10000000000000053,172,35,35.0,8.981814157097025
A0A976C8-9B30-4492-B8C4-5B25095B9192,5,1996-04-20 01:55:09.940,1996-04-29 16:13:32.697,9,1996,4,5,토,중기(8-14일),Male,1931-05-26 14:54:15.847,Asian,Single,English,19.52,94.7,70세~,Medium,K57.5,Diverticular disease of both small and large intestine without perforation or abscess,1.0,1.0,0.0,2.0,1.0,0.0,1.0,0.0,2.0,1.0,2.0,2.0,1.0,0.0,2.0,1.0,1.0,0.0,0.0,0.0,2.0,3.0,2.0,2.0,1.0,0.0,3.0,1.0,1.0,3.0,0.0,3.0,1.0,0.0,2.0,26.185714285714287,68.85,0.1285714285714286,0.21111111111111114,42.919999999999995,14.957142857142857,3.2285714285714286,35.6,33.55555555555556,82.6111111111111,0.75,4.699999999999999,240.56249999999997,13.611111111111112,4.4625,6.055555555555555,3.7749999999999995,94.7125,46.24444444444445,10.688888888888888,30.55,0.44000000000000006,17.9875,9.700000000000001,26.812499999999996,104.22222222222223,0.8444444444444446,89.175,4.55,137.69,7.111111111111111,6.2625,1.5666666666666669,1.0,2.8099999999999996,6.222922296217582,5.094254466693686,0.07559289460184546,0.07817359599705714,5.785383882394208,2.4192678939830423,1.3744262872368307,2.6217042802980925,4.471607963336877,10.094112695582066,0.39641248358604597,2.939873661036668,84.01089959046982,1.989625872145593,1.1562717179427533,1.8915014612148144,0.9765098200076784,29.613531535431576,14.127111444940816,2.4080305461333156,8.50245062712314,0.35962943891363136,7.5995183118029646,1.6832508230603458,5.1825083557234,7.487285519094655,0.2505549396395485,22.370819641411696,0.9853933224860008,9.78927417579511,1.0301024760241628,1.0979689040613647,1.1180339887498947,0.0,1.7071418609281812,4.699999999999999,7.799999999999997,0.1,-0.1,11.599999999999998,1.799999999999999,1.3000000000000003,4.200000000000003,-7.9999999999999964,-21.5,0.5000000000000001,0.2999999999999998,-137.00000000000003,-4.199999999999999,-0.7000000000000002,-0.7999999999999998,-1.1,-71.6,-7.399999999999999,3.0999999999999996,-17.9,0.7,-1.9000000000000021,0.8999999999999986,-1.6999999999999993,-6.5,-0.09999999999999998,17.700000000000003,-1.6999999999999997,-8.400000000000006,0.40000000000000036,2.0,0.0,0.0,1.6,298,35,42.0,7.054604193544699
A0A976C8-9B30-4492-B8C4-5B25095B9192,6,2005-06-20 15:16:06.220,2005-07-06 18:13:08.123,16,2005,6,0,월,장기(15-30일),Male,1931-05-26 14:54:15.847,Asian,Single,English,19.52,94.7,70세~,Medium,H43,Disorders of vitreous body,1.0,4.0,0.0,5.0,4.0,1.0,0.0,2.0,3.0,3.0,0.0,0.0,1.0,0.0,0.0,1.0,1.0,2.0,4.0,2.0,2.0,1.0,4.0,2.0,2.0,1.0,1.0,2.0,0.0,1.0,3.0,1.0,3.0,0.0,0.0,23.166666666666668,68.70769230769231,0.08181818181818183,0.2416666666666667,43.53076923076924,15.029999999999998,2.892307692307693,29.878571428571423,35.85999999999999,87.64166666666667,0.5714285714285715,6.324999999999999,258.10833333333335,12.63,5.533333333333334,6.8090909090909095,4.208333333333333,104.83333333333333,43.17,8.61111111111111,27.425,0.6222222222222222,13.85,10.007692307692308,25.638461538461538,104.60833333333333,0.8866666666666665,118.42,4.36,138.73076923076923,8.30909090909091,5.857142857142857,1.4000000000000001,1.0,2.516666666666667,6.779749257900322,6.117387996313127,0.08738628975053031,0.15050420310248863,7.76567067455484,2.887155462850358,1.4659817748193749,5.347347087960617,3.175531451584128,9.76845184843287,0.3860668582611296,3.3396039503891095,95.37472943684566,1.8227268948839628,1.0856641592438552,2.8963613536485897,0.701243484278053,30.78264957977976,23.25831034275706,4.090368089929207,9.20865276325944,0.34197140881138655,8.682581541351755,1.2841738839045762,4.791926971747806,6.05271664526589,0.21668498091095506,13.468052733949502,0.9155447680054877,8.370422591421194,1.15451682140586,0.8045201969203429,1.092120539467724,0.0,1.3979422106233237,5.800000000000001,-4.200000000000003,0.0,-0.10000000000000003,-1.6000000000000014,-2.5,-2.0,10.100000000000001,-6.799999999999997,-11.0,0.10000000000000003,1.9999999999999996,10.399999999999977,-1.799999999999999,0.5,7.5,-0.5,22.0,10.399999999999999,5.800000000000001,23.0,1.0999999999999999,11.7,-1.1999999999999993,-1.6999999999999993,-14.0,0.10000000000000009,-13.500000000000014,-0.7000000000000002,24.700000000000003,1.5,-1.1000000000000005,0.6000000000000001,0.0,1.4,398,35,57.0,7.573277664409436
A0A976C8-9B30-4492-B8C4-5B25095B9192,7,2012-11-09 22:54:29.000,2012-11-27 09:39:56.087,17,2012,11,4,금,장기(15-30일),Male,1931-05-26 14:54:15.847,Asian,Single,English,19.52,94.7,70세~,Medium,F31.6,"Bipolar disorder, current episode mixed",0.0,0.0,0.0,6.0,4.0,2.0,0.0,5.0,3.0,1.0,1.0,2.0,4.0,4.0,5.0,1.0,1.0,4.0,2.0,2.0,3.0,3.0,2.0,1.0,3.0,2.0,2.0,2.0,2.0,2.0,5.0,0.0,4.0,0.0,3.0,24.518181818181816,68.47857142857144,0.1,0.35624999999999996,40.78571428571428,14.75625,2.660000000000001,30.858823529411765,34.27142857142858,88.50769230769232,0.5692307692307692,6.799999999999999,336.12857142857143,11.89230769230769,5.0600000000000005,8.15,4.8428571428571425,103.4846153846154,42.48571428571429,13.707142857142854,28.261538461538457,0.7933333333333334,18.425,9.626666666666665,26.711764705882352,102.35882352941177,0.8727272727272727,104.06923076923077,4.707142857142856,141.1076923076923,6.885714285714285,5.871428571428572,1.8571428571428572,1.0,3.230769230769231,4.997763136007585,3.296193275566547,0.08451542547285167,0.17876893839068725,7.369986655123825,2.8059386427123925,1.3372680039115998,6.503370167029688,4.188891641808509,7.246661477128797,0.2594372608313854,2.7643133996398768,94.7704630111126,2.2407073059124056,1.3563606768534267,3.0808162183792414,0.756219632030359,35.05668852382395,17.58237129114785,2.7339642352379885,9.941624486767614,0.4043807729403186,6.86270112030727,1.2406603464438184,5.132967264767666,6.957465309249609,0.19021518914592017,25.49259319277479,0.8835803787512972,9.587966550009583,1.601373037238858,0.6730282556973614,1.147381155712223,0.0,1.9054241065025461,11.700000000000003,7.299999999999997,-0.2,-0.19999999999999998,10.399999999999999,7.799999999999999,-0.10000000000000009,6.100000000000001,-9.900000000000002,-3.8999999999999915,0.10000000000000003,1.7999999999999998,-193.40000000000003,5.299999999999999,-2.5999999999999996,-3.700000000000001,-0.6000000000000005,13.100000000000009,14.100000000000001,5.299999999999999,11.599999999999998,-0.30000000000000004,18.1,-2.4000000000000004,-5.899999999999999,-7.900000000000006,0.29999999999999993,-57.900000000000006,-1.8000000000000003,-6.800000000000011,-3.1000000000000005,0.6999999999999993,-1.1,0.0,-2.4,492,35,81.0,7.7323445738408685
016A590E-D093-4667-A5DA-D68EA6987D93,1,1986-11-30 19:41:09.330,1986-12-06 09:59:54.020,5,1986,11,6,일,단기(4-7일),Male,1960-12-06 06:37:05.640,White,Unknown,English,15.02,65.1,60대,Medium,O99.712,"Diseases of the skin and subcutaneous tissue complicating pregnancy, second trimester",1.0,1.0,0.0,0.0,0.0,1.0,1.0,1.0,1.0,1.0,0.0,0.0,0.0,0.0,1.0,1.0,0.0,0.0,0.0,2.0,0.0,0.0,1.0,4.0,0.0,0.0,2.0,2.0,1.0,0.0,1.0,0.0,1.0,0.0,1.0,21.050000000000004,69.30000000000001,0.125,0.275,43.5,13.059999999999999,3.65,29.283333333333335,32.28,82.99999999999999,0.66,5.280000000000001,295.125,14.200000000000001,6.1000000000000005,6.583333333333333,3.62,70.26666666666667,44.6,13.433333333333332,38.5,0.72,14.34,8.25,25.860000000000003,108.40000000000002,0.8200000000000001,98.53999999999999,4.525,144.52000000000004,6.666666666666667,6.25,1.575,1.0,3.5,8.708042259888272,6.678822251465203,0.05,0.15000000000000002,7.5382358678937615,2.718087562975115,1.1445523142259597,5.219738179896256,3.319186647358056,10.436953578511316,0.28809720581775866,2.6414011433328337,105.61699279314226,1.0816653826391969,1.1269427669584646,3.145419950764391,0.5069516742254633,23.008766445277626,22.061731573020285,7.043673284113434,0.9899494936611706,0.4494441010848847,8.640775428166155,1.9232784509789524,5.937002610745594,2.666458325194676,0.2588435821108957,33.11567604624734,1.0904891868637059,9.89959595135074,1.6776968339562033,0.6454972243679031,1.217579566188592,0.0,2.1435951110226017,-17.5,3.4000000000000057,0.1,0.0,11.799999999999997,1.4000000000000004,1.5000000000000004,-12.300000000000004,5.800000000000001,19.5,-0.49999999999999994,-4.1,194.2,-0.5999999999999996,0.09999999999999964,-6.1,0.0,-32.400000000000006,-31.200000000000003,-12.2,-1.4000000000000057,0.0,13.899999999999999,0.10000000000000053,0.5999999999999979,5.1000000000000085,0.20000000000000007,55.0,1.8000000000000003,24.19999999999999,4.1000000000000005,-0.20000000000000018,-2.4,0.0,-0.5,150,35,24.0,8.08974693695557
016A590E-D093-4667-A5DA-D68EA6987D93,2,1998-06-04 23:05:09.147,1998-06-11 22:43:02.203,6,1998,6,3,목,단기(4-7일),Male,1960-12-06 06:37:05.640,White,Unknown,English,15.02,65.1,60대,Medium,E11.64,Type 2 diabetes mellitus with hypoglycemia,1.0,0.0,0.0,0.0,0.0,0.0,0.0,0.0,1.0,0.0,2.0,0.0,0.0,0.0,0.0,1.0,1.0,0.0,1.0,1.0,0.0,0.0,1.0,1.0,1.0,1.0,2.0,0.0,2.0,3.0,0.0,2.0,0.0,0.0,0.0,29.849999999999998,72.35999999999999,0.08,0.4,39.38,14.875,3.5,34.53333333333333,33.6,85.475,0.4428571428571429,6.1499999999999995,270.32,13.200000000000001,4.88,7.716666666666666,5.159999999999999,98.26,33.625,9.133333333333333,24.174999999999997,0.44000000000000006,14.414285714285715,10.7,26.71666666666667,103.72,0.8142857142857142,102.58,4.92,137.38000000000002,6.75,6.1428571428571415,2.1,1.0,2.4,7.00035713374682,5.331322537607342,0.0447213595499958,0.1,8.404582083601776,2.4088378940891815,1.4651507317223942,5.499393905998493,4.123590668337488,8.513273949153364,0.3735288603626359,2.414539293529927,30.91014396601866,2.7025913490574194,0.8814760348415605,3.1707517510310805,1.0644247272588139,39.64313307497277,14.50985297421491,7.193283904680346,7.642589002861967,0.39749213828703583,6.063395245632756,1.867261809888122,6.45458493372476,7.182757130795941,0.26726124191242434,16.734903644777873,1.1166915420114905,12.513073163695642,1.3809417076763233,1.0309496315810693,0.824621125123532,0.0,0.5,9.899999999999999,-5.099999999999994,0.0,-0.2,-18.1,-2.1000000000000014,-3.8,8.3,-7.600000000000001,6.900000000000006,-0.4,-0.9000000000000004,14.5,-0.7000000000000011,0.9000000000000004,-6.2,0.09999999999999964,74.39999999999999,-34.4,11.7,-1.6000000000000014,0.1,9.3,-3.6999999999999993,6.700000000000003,-18.89999999999999,-0.5,3.3000000000000114,0.2999999999999998,-11.5,0.6000000000000005,-0.5,1.9000000000000001,0.0,-0.5,173,35,21.0,5.9923279576498265
016A590E-D093-4667-A5DA-D68EA6987D93,3,1999-10-28 17:26:06.743,1999-11-09 01:25:13.733,11,1999,10,3,목,중기(8-14일),Male,1960-12-06 06:37:05.640,White,Unknown,English,15.02,65.1,60대,Medium,I25.812,Atherosclerosis of bypass graft of coronary artery of transplanted heart without angina pectoris,0.0,3.0,0.0,2.0,2.0,2.0,0.0,1.0,1.0,1.0,1.0,2.0,0.0,2.0,1.0,1.0,1.0,0.0,1.0,0.0,1.0,0.0,2.0,0.0,2.0,0.0,1.0,1.0,2.0,1.0,2.0,2.0,0.0,0.0,1.0,24.240000000000002,67.56666666666666,0.07777777777777778,0.3222222222222222,35.7125,14.35,2.85,29.228571428571428,32.21111111111111,85.46,0.5571428571428572,5.6899999999999995,275.76666666666665,13.442857142857141,4.925,7.4799999999999995,4.499999999999999,85.9375,46.68749999999999,10.888888888888891,26.78571428571428,0.7000000000000001,13.087500000000002,9.983333333333334,23.509999999999998,97.38888888888889,0.8777777777777778,97.01250000000002,4.0125,139.33999999999997,7.525,5.75,0.8166666666666665,1.0,2.625,5.329915571563962,6.344682813190903,0.044095855184409845,0.14813657362192648,4.32449419007587,2.999523771724916,1.0690078473883053,5.0969645495184315,2.2696059374065594,9.975369667335645,0.3552329886011098,3.4040661959877734,79.89147326216984,2.880310829787382,1.2291111771171417,2.7675902073022938,1.0214368964029708,22.153422018795585,17.917703735212754,4.033126716470872,8.782070479377962,0.30550504633038933,8.70261660159091,1.4062953696384928,4.99765500565571,5.480749137764939,0.21666666666666665,22.21983910832839,0.8043409014306594,10.238077076395852,1.8911447780190103,0.9319717960171475,0.5419102016632152,0.0,1.9188656687078058,7.0,18.4,0.0,0.09999999999999998,-7.5,-6.700000000000001,1.3000000000000003,-4.600000000000001,0.6999999999999957,9.200000000000003,0.09999999999999998,-3.0999999999999996,115.0,6.499999999999998,0.10000000000000009,4.5,0.6000000000000005,-36.5,-1.2000000000000028,9.4,-8.299999999999997,0.7,21.5,3.1999999999999993,-11.0,-1.7999999999999972,0.0,-54.599999999999994,-0.2999999999999998,-0.29999999999998295,2.3,-1.8999999999999995,0.09999999999999998,0.0,2.4,287,35,36.0,6.905513675498452
016A590E-D093-4667-A5DA-D68EA6987D93,4,2001-03-18 18:39:56.843,2001-03-27 18:22:45.747,8,2001,3,6,일,중기(8-14일),Male,1960-12-06 06:37:05.640,White,Unknown,English,15.02,65.1,60대,Medium,O24.1,"Pre-existing diabetes mellitus, type 2, in pregnancy, childbirth and the puerperium",0.0,2.0,0.0,2.0,0.0,0.0,1.0,3.0,0.0,1.0,0.0,1.0,1.0,2.0,1.0,2.0,0.0,2.0,2.0,0.0,0.0,1.0,1.0,2.0,1.0,0.0,2.0,0.0,0.0,2.0,2.0,1.0,1.0,0.0,1.0,22.571428571428573,70.92500000000001,0.08333333333333333,0.2333333333333333,41.199999999999996,15.087499999999997,3.733333333333334,32.25555555555556,33.25714285714285,84.82000000000001,0.8166666666666668,7.471428571428572,319.64,12.544444444444444,5.279999999999999,7.114285714285715,4.3,100.06666666666666,35.41428571428571,10.2375,30.079999999999995,0.7625,17.95,9.9125,24.75,100.65714285714286,0.8999999999999999,106.55000000000001,4.3374999999999995,137.58333333333334,7.9,6.2875000000000005,1.1333333333333335,1.0,3.9111111111111114,5.636403784244668,6.654912256585892,0.09831920802501751,0.1505545305418162,4.114365078599613,1.7868068086473619,0.8594571930391105,6.188923798026421,2.9832069672625474,10.188081271760648,0.1329160135825126,2.8117102065672213,125.08650206956784,2.8853557454459198,1.2008330441822461,3.401190267846719,1.167618659209133,38.04287055415245,20.457551871409944,4.168225898731634,6.997642460143274,0.2825268634509444,7.478435665297923,1.5169871456278068,6.289912559010657,6.278231476792689,0.2683281572999748,26.49579211874973,0.79988838507096,11.112050515843892,1.7161002301730517,0.8442029207652456,0.9486832980505138,0.0,1.6089161292967114,-4.700000000000003,-3.200000000000003,0.2,0.3,2.799999999999997,-1.299999999999999,-0.3999999999999999,-0.19999999999999574,6.599999999999998,8.700000000000003,0.09999999999999998,-1.5999999999999996,-294.1,5.199999999999999,1.3000000000000007,-2.8,-2.1,26.400000000000006,33.5,-5.399999999999999,2.0,-0.3999999999999999,-16.599999999999998,0.0,2.0,13.100000000000009,0.30000000000000004,-7.300000000000011,1.1000000000000005,9.299999999999997,1.4000000000000004,-1.4000000000000004,-1.4,0.0,3.3,241,35,34.0,8.87581437580006
016A590E-D093-4667-A5DA-D68EA6987D93,5,2008-02-22 06:52:39.087,2008-03-03 19:20:29.737,10,2008,2,4,금,중기(8-14일),Male,1960-12-06 06:37:05.640,White,Unknown,English,15.02,65.1,60대,Medium,F13.151,"Sedative, hypnotic or anxiolytic abuse with sedative, hypnotic or anxiolytic-induced psychotic disorder with hallucinations",1.0,3.0,0.0,0.0,3.0,0.0,3.0,1.0,2.0,2.0,1.0,1.0,2.0,2.0,0.0,2.0,1.0,1.0,1.0,2.0,1.0,0.0,0.0,2.0,0.0,0.0,1.0,0.0,1.0,0.0,0.0,0.0,1.0,0.0,1.0,28.383333333333336,66.58888888888889,0.16666666666666666,0.35714285714285715,44.25,13.155555555555557,3.28,30.528571428571436,32.94444444444444,80.06666666666666,0.7571428571428571,6.7625,278.7,11.988888888888887,4.9,6.590000000000001,4.171428571428572,98.93333333333334,44.333333333333336,9.3875,21.0,0.577777777777778,16.92,10.757142857142856,28.74,100.775,0.9125,108.86999999999998,4.58,139.31666666666666,7.4799999999999995,5.999999999999999,1.8888888888888888,1.0,3.2249999999999996,4.095566708853205,6.191212410433933,0.051639777949432225,0.09759000729485331,9.425194200348646,2.2074369249828587,1.5746604572273846,5.925570095136921,3.4964664702779222,9.114274518577988,0.3457221565416505,2.337848522527864,95.52962309613123,1.7891649200426192,0.9957050624700927,2.6714332399585725,0.9707630773679808,30.081306487584612,18.164213901698766,5.056943599787185,8.855318552523485,0.2682246156571847,6.80192783130064,0.8657504314314894,5.352382647008713,6.361435148050885,0.17268882005337974,20.0131095923536,0.9577751997902918,5.794278787447732,1.3281566172707193,0.7483314773547883,1.2771496040445345,0.0,2.033674834710144,6.200000000000003,-3.200000000000003,0.0,0.09999999999999998,17.2,0.8000000000000007,2.6,1.7000000000000028,7.599999999999998,-22.599999999999994,0.0,-1.0999999999999996,76.60000000000002,-0.9000000000000004,-1.3999999999999995,-3.5999999999999996,-2.4,33.60000000000001,3.799999999999997,3.9999999999999996,-1.7000000000000028,-0.19999999999999996,-7.400000000000002,-2.200000000000001,-0.3999999999999986,13.5,0.19999999999999996,48.3,2.2,9.099999999999994,-1.7999999999999998,0.20000000000000018,0.29999999999999993,0.0,-0.5999999999999996,281,35,35.0,7.45578685126261
3B11D6B3-A36A-4B69-A437-C29BF425A941,1,1980-12-21 14:53:39.143,1981-01-01 03:11:53.817,10,1980,12,6,일,중기(8-14일),Female,1954-05-18 10:19:19.110,Asian,Separated,English,10.8,71.7,70세~,Medium,I79.0,Aneurysm of aorta in diseases classified elsewhere,1.0,0.0,0.0,5.0,0.0,2.0,0.0,2.0,1.0,2.0,1.0,0.0,3.0,1.0,1.0,0.0,3.0,0.0,1.0,0.0,1.0,0.0,0.0,0.0,0.0,0.0,0.0,2.0,1.0,1.0,1.0,2.0,1.0,0.0,0.0,26.957142857142856,69.47500000000001,0.1,0.49000000000000005,44.88,14.950000000000001,3.0500000000000003,31.544444444444448,35.3125,84.54444444444445,0.5555555555555556,5.5636363636363635,283.05555555555554,13.714285714285717,4.4444444444444455,6.9125,3.9888888888888894,92.875,47.58888888888889,10.462499999999999,25.275000000000002,0.775,18.366666666666667,9.559999999999999,29.0625,100.5,0.8999999999999999,91.4375,4.29,135.87142857142857,7.040000000000001,6.188888888888888,1.7857142857142858,1.0,3.96,5.88836625413681,6.687986742411102,0.09258200997725516,0.1449137674618944,7.479869279903523,3.097003159738228,1.0169983846032962,6.309538634304237,4.4681212095082135,8.830644244775002,0.3320809807528546,2.136479687370197,114.05120682297833,2.709507071669784,1.1886032886450286,2.0951900697959194,1.2404076390893077,26.571937399121975,17.211511006042176,3.5696888619918368,7.512418290499309,0.28157719063467174,4.629524813628285,1.1964763079792076,3.2941235556669706,2.960694899126603,0.19999999999999998,23.142535822284348,0.7109461614246498,7.599060092255764,2.0525593779474445,0.9346716595206634,0.973701821963602,0.0,1.324009063413087,-1.0999999999999979,1.9000000000000057,-0.2,-0.19999999999999996,7.200000000000003,8.7,2.6,-4.900000000000002,0.6999999999999957,-22.400000000000006,-0.8,-4.0,271.90000000000003,-3.6999999999999993,2.8,2.6,-2.0,-14.0,-33.8,-2.5999999999999996,-4.199999999999999,-0.09999999999999998,7.0,-1.4000000000000004,-2.1999999999999957,4.599999999999994,-0.40000000000000013,-8.5,-1.5,-14.699999999999989,-0.7000000000000002,1.8999999999999995,1.1,0.0,2.3,289,35,32.0,7.769569587732045
3B11D6B3-A36A-4B69-A437-C29BF425A941,2,2004-05-11 15:14:37.337,2004-05-28 00:23:17.697,16,2004,5,1,화,장기(15-30일),Female,1954-05-18 10:19:19.110,Asian,Separated,English,10.8,71.7,70세~,Medium,T82.4,Mechanical complication of vascular dialysis catheter,0.0,0.0,0.0,3.0,1.0,1.0,2.0,2.0,0.0,3.0,2.0,3.0,0.0,2.0,2.0,2.0,2.0,3.0,3.0,4.0,1.0,1.0,1.0,1.0,1.0,2.0,2.0,1.0,2.0,2.0,4.0,3.0,4.0,0.0,3.0,24.263636363636362,70.02500000000002,0.13333333333333333,0.3727272727272727,42.67333333333333,14.453846153846152,2.623529411764706,28.65,33.959999999999994,84.23076923076923,0.7083333333333334,4.990909090909091,301.75,12.657142857142858,5.4875,8.618181818181819,4.1,92.29230769230769,42.169230769230765,10.838461538461539,25.70714285714286,0.7454545454545454,18.2,9.200000000000001,27.5625,100.61666666666666,0.846153846153846,100.76923076923075,4.7,140.37272727272725,8.045454545454547,6.053333333333334,1.238461538461538,1.0,2.76,5.51203641629348,6.566737809182385,0.0778498944161523,0.17372915179041826,6.597560876855137,2.6525507801031147,1.2842942671778468,4.897998021169937,2.819456212345447,10.046756078073546,0.33967453227875044,3.092718721595789,78.87554391933809,2.3660139429052354,1.1848347282778866,2.6449265327483795,0.9983319421247957,33.938656954827124,17.71583023811306,5.528191154066349,7.527535533545571,0.37779263191236634,5.683628802414559,1.572683481611393,5.266355476038433,6.451755692457014,0.20254787341673333,21.882808496450078,0.9285592184789413,10.619895565314275,1.598976945652211,0.9164112198186596,1.1056962071763214,0.0,1.7116408167937238,-3.1999999999999993,10.799999999999997,-0.2,-0.39999999999999997,4.600000000000001,-1.299999999999999,1.2000000000000002,7.699999999999999,1.5,21.200000000000003,-0.8999999999999999,0.2999999999999998,-9.300000000000011,1.8000000000000007,1.8999999999999995,-0.09999999999999964,-1.1999999999999997,2.0999999999999943,14.199999999999996,14.299999999999999,8.799999999999997,-0.19999999999999996,7.099999999999998,2.8000000000000007,4.699999999999999,3.299999999999997,-0.40000000000000013,11.899999999999999,0.6000000000000005,-20.599999999999994,-2.3999999999999995,-1.0999999999999996,-3.1,0.0,2.5,442,35,63.0,7.233142289564663
3B11D6B3-A36A-4B69-A437-C29BF425A941,3,2009-01-20 01:06:17.317,2009-02-06 20:05:00.943,17,2009,1,1,화,장기(15-30일),Female,1954-05-18 10:19:19.110,Asian,Separated,English,10.8,71.7,70세~,Medium,D12.1,Benign neoplasm of appendix,0.0,1.0,0.0,7.0,2.0,3.0,2.0,1.0,0.0,1.0,0.0,2.0,1.0,4.0,1.0,2.0,3.0,2.0,2.0,1.0,3.0,1.0,2.0,3.0,1.0,2.0,2.0,1.0,0.0,3.0,1.0,4.0,3.0,0.0,1.0,26.740000000000002,70.33076923076923,0.10625000000000001,0.3117647058823529,43.98461538461538,14.671428571428569,2.4916666666666667,30.109999999999996,35.64666666666667,85.61764705882354,0.6833333333333335,6.992857142857143,325.5416666666667,13.653333333333334,4.392307692307693,7.864285714285715,3.8285714285714287,94.91428571428571,45.75,9.833333333333334,25.638461538461538,0.54375,18.107692307692307,10.023529411764708,24.16923076923077,105.74285714285715,0.9083333333333333,100.52142857142857,4.625,140.17692307692306,7.266666666666667,6.0600000000000005,1.55,1.0,3.0583333333333336,5.859313573752096,5.503541983030052,0.07719024117939607,0.17636025962917662,6.178301567292603,2.7460260997775205,1.2866152446939172,5.515523547225595,2.221282340922746,8.440100361823133,0.2855085839605379,3.109900885315079,91.171381657477,2.462538372918326,1.0758419481670611,2.2510193051344345,0.8461938052502842,34.04544151442433,18.38366369658374,4.1081589181736495,8.378796498855356,0.3687252816574059,7.961099331380218,1.4947948905137054,3.535153135623362,7.083318896774774,0.20207259421636903,20.338526479090348,0.6890375369112534,9.292932246798625,1.423108602755986,0.8982522712785888,1.118033988749895,0.0,1.593428740645515,-4.100000000000001,-4.200000000000003,0.0,-0.30000000000000004,-3.3999999999999986,-5.100000000000001,1.2000000000000002,14.0,-1.1000000000000014,-3.5,0.30000000000000004,-7.0,-94.39999999999998,2.799999999999999,-0.09999999999999964,-3.1999999999999993,-1.5,61.80000000000001,-20.499999999999993,-1.6999999999999993,-23.799999999999997,-0.5,-1.0999999999999996,0.09999999999999964,-1.5,-11.100000000000009,0.0,23.60000000000001,0.2999999999999998,18.19999999999999,-0.7999999999999998,2.2,-0.3999999999999999,0.0,1.5999999999999996,470,35,62.0,7.432033840056631
E483DE6E-D4E6-47FD-905B-22EE86EC7ACE,1,1971-05-26 20:08:10.073,1971-06-04 14:43:59.993,8,1971,5,2,수,중기(8-14일),Male,1945-11-18 04:14:31.573,African American,Single,English,16.88,80.2,70세~,Medium,A98.3,Marburg virus disease,1.0,2.0,0.0,1.0,1.0,0.0,0.0,1.0,0.0,0.0,0.0,1.0,0.0,1.0,0.0,1.0,1.0,0.0,2.0,1.0,0.0,1.0,2.0,2.0,0.0,1.0,1.0,0.0,0.0,1.0,0.0,3.0,1.0,0.0,2.0,26.560000000000002,68.7,0.12000000000000002,0.4,46.98571428571428,14.42222222222222,2.04,33.628571428571426,34.660000000000004,81.96666666666667,0.625,5.54,268.0571428571429,13.4,4.557142857142857,7.15,4.433333333333333,82.25,54.45,8.375,25.425000000000004,0.42857142857142855,25.775,10.84,28.814285714285713,105.15714285714286,0.925,87.03750000000001,4.459999999999999,139.3,7.82,6.228571428571429,1.5999999999999999,1.0,2.8166666666666664,5.5966954535690085,7.318128175975057,0.08366600265340757,0.1414213562373095,8.296872617926303,2.0656583561771407,1.0691117808723276,5.2414102064598,3.289832822500257,9.127065976168547,0.17078251276599327,3.2898328225002564,98.48415874550345,2.228388270861765,1.0814452411120081,3.722454387452809,0.9266426855410161,6.454197600528408,23.38382631934589,3.821321760857099,8.880831417534436,0.4070801956792859,4.943935679193248,1.8256505689753442,4.698378646380249,8.05767897574671,0.22173557826083448,15.69321395653912,0.7402702209328701,9.64330510423337,1.5959323293924468,1.0919619738713218,0.9678154093971983,0.0,2.355773050755668,0.40000000000000213,-7.5,0.1,0.0,1.0,-3.200000000000001,-1.9000000000000001,-8.899999999999999,2.6000000000000014,-11.100000000000009,0.19999999999999996,8.8,-94.5,-3.3000000000000007,2.8999999999999995,-2.5,0.40000000000000036,-0.10000000000000853,20.499999999999996,-1.8000000000000007,6.099999999999998,-0.1,2.1999999999999993,4.4,4.200000000000003,-16.5,-0.19999999999999996,-13.299999999999997,0.7000000000000002,6.900000000000006,-2.5999999999999996,2.9000000000000004,0.30000000000000004,0.0,0.8,201,35,27.0,7.054756462911427
E483DE6E-D4E6-47FD-905B-22EE86EC7ACE,2,2003-04-09 18:42:15.223,2003-04-29 16:41:43.547,19,2003,4,2,수,장기(15-30일),Male,1945-11-18 04:14:31.573,African American,Single,English,16.88,80.2,70세~,Medium,F14.180,Cocaine abuse with cocaine-induced anxiety disorder,0.0,1.0,0.0,5.0,1.0,4.0,2.0,2.0,3.0,2.0,2.0,1.0,3.0,2.0,0.0,2.0,2.0,2.0,2.0,3.0,1.0,0.0,3.0,2.0,3.0,0.0,2.0,1.0,4.0,0.0,3.0,2.0,2.0,0.0,2.0,24.399999999999995,67.875,0.09230769230769233,0.35882352941176476,40.83529411764705,15.288888888888888,3.6692307692307695,33.864285714285714,33.82000000000001,84.8357142857143,0.6833333333333333,7.807142857142857,252.79333333333335,11.853846153846153,4.733333333333333,7.078571428571428,4.576470588235293,93.42500000000001,44.44615384615384,9.176923076923078,24.582352941176474,0.44,13.7125,9.192307692307693,26.942857142857143,101.62666666666668,0.85,97.90555555555555,4.78125,139.575,7.841176470588236,5.771428571428571,2.023076923076923,1.0,3.2571428571428576,5.094793722705863,4.845410199353611,0.075955452531275,0.16605279103876786,6.539203045523836,2.869697440270107,0.9339741389929875,4.786456396454984,3.6666839826430957,10.186764198466795,0.33475188353377755,2.8513058508243296,88.39579390984835,2.2250900298697225,1.0948917201202495,2.7837933641895,0.9065934947405492,35.4565931809586,18.461022695786898,5.003191289259593,8.941702529029193,0.3135055251278903,6.683798820032413,1.586117659812547,5.512044753323158,5.87749541734848,0.17431183374807166,20.030578747687755,0.9181276236631449,7.6726788020873204,1.4908298123567842,0.9730432605044791,0.9833224684319365,0.0,2.0171244901570176,-5.600000000000001,3.799999999999997,0.1,0.0,-7.399999999999999,3.9000000000000004,1.0000000000000004,-3.1000000000000014,-1.0000000000000036,4.6000000000000085,0.5,2.3000000000000003,-167.79999999999998,0.9000000000000004,-1.8000000000000007,-0.7999999999999998,-0.09999999999999964,104.30000000000001,-52.0,0.40000000000000036,-12.2,0.09999999999999998,-19.200000000000003,-0.40000000000000036,-6.199999999999999,5.900000000000006,0.09999999999999998,49.900000000000006,-0.7000000000000002,7.0,-1.9000000000000004,0.6000000000000005,-1.5,0.0,-0.7000000000000001,522,35,64.0,7.424362872297802
E483DE6E-D4E6-47FD-905B-22EE86EC7ACE,3,2007-07-10 16:11:25.767,2007-07-12 16:31:49.420,2,2007,7,1,화,초단기(~3일),Male,1945-11-18 04:14:31.573,African American,Single,English,16.88,80.2,70세~,Medium,M05.252,Rheumatoid vasculitis with rheumatoid arthritis of left hip,0.0,0.0,0.0,0.0,0.0,0.0,0.0,0.0,1.0,0.0,0.0,0.0,0.0,0.0,0.0,0.0,1.0,1.0,0.0,0.0,1.0,0.0,1.0,0.0,0.0,0.0,0.0,0.0,0.0,0.0,0.0,0.0,0.0,0.0,0.0,21.5,69.2,0.15000000000000002,0.3,45.56666666666666,13.1,3.1,25.95,35.2,82.6,0.44999999999999996,6.95,331.85,14.4,5.35,9.0,3.6333333333333333,61.8,33.1,11.533333333333333,31.25,0.5,21.166666666666668,11.3,19.4,103.2,0.8,87.0,4.699999999999999,136.86666666666665,7.6000000000000005,5.266666666666667,2.433333333333333,1.0,4.1000000000000005,3.417601498127011,6.421059102671462,0.07071067811865475,,4.82631674606354,2.4637369989509827,2.2627416997969525,1.7677669529663689,3.973663297261103,0.282842712474618,0.21213203435596428,4.737615433949869,77.71103525240157,0.9643650760992959,0.777817459305203,1.4730919862656233,0.8962886439832499,21.07178207935912,3.6715119501371625,5.614564393907449,12.940054095713817,0.30000000000000004,10.193298452087694,0.4242640687119276,,6.646803743153551,0.0,27.84079740237338,0.8999999999999997,12.026775683171858,0.45825756949558366,0.40414518843273767,0.47258156262526074,0.0,1.4730919862656238,-6.800000000000001,-12.800000000000004,0.1,0.0,-6.600000000000001,-4.899999999999999,-3.2,2.5,3.200000000000003,0.3999999999999915,0.3,-6.700000000000001,109.90000000000003,-0.3000000000000007,1.1000000000000005,0.9999999999999991,1.4999999999999996,29.800000000000004,1.0,-11.2,18.299999999999997,0.30000000000000004,19.5,0.5999999999999996,0.0,9.400000000000006,0.0,-51.30000000000001,-0.8999999999999995,23.200000000000017,-0.2999999999999998,0.5,-0.19999999999999973,0.0,-2.9000000000000004,88,35,5.0,6.566567083279595
E483DE6E-D4E6-47FD-905B-22EE86EC7ACE,4,2011-01-21 12:43:55.883,2011-01-29 04:31:59.350,7,2011,1,4,금,단기(4-7일),Male,1945-11-18 04:14:31.573,African American,Single,English,16.88,80.2,70세~,Medium,M06.051,"Rheumatoid arthritis without rheumatoid factor, right hip",2.0,3.0,0.0,2.0,1.0,1.0,1.0,0.0,1.0,0.0,1.0,2.0,1.0,2.0,0.0,1.0,1.0,0.0,1.0,0.0,1.0,1.0,1.0,1.0,2.0,0.0,2.0,0.0,0.0,1.0,0.0,2.0,0.0,0.0,2.0,24.020000000000003,71.18333333333335,0.1,0.3625,41.03333333333334,15.085714285714285,2.4625,30.78333333333333,34.025,89.59999999999998,0.6,7.742857142857143,228.37500000000003,14.500000000000002,4.819999999999999,8.457142857142857,4.6375,88.60000000000001,57.800000000000004,12.549999999999999,32.125,0.48571428571428565,18.116666666666667,8.6125,26.857142857142858,101.82499999999999,0.8875000000000002,103.24285714285715,4.2,146.06,7.571428571428571,5.485714285714286,1.7833333333333332,1.0,1.92,6.754035830523851,7.31585037208025,0.09258200997725514,0.15979898086569355,9.338022631513946,2.8591540540449905,1.636143112846271,5.726226215114688,3.776525235867338,6.97137002317335,0.3651483716701107,3.3984590345513666,88.44836669734819,2.4337899115029087,1.0034938963441686,2.278784136959256,1.126229486891041,36.40597478436747,19.07362926486025,2.85014619508076,8.181817821067815,0.3716116764786032,8.458703604375003,1.6003905773279221,6.218750448671916,6.674204072396944,0.23566016694748032,20.196027426440175,0.6899275324264137,8.605695788255588,1.2605743211122538,0.8687703406320367,1.24646165872307,0.0,1.7369513522260778,12.400000000000002,-5.400000000000006,0.1,0.0,8.300000000000004,3.5999999999999996,-0.7,-5.100000000000001,9.300000000000004,6.300000000000011,-0.30000000000000004,8.600000000000001,-268.8,0.8000000000000007,2.4000000000000004,-4.9,1.1999999999999997,-49.2,-10.400000000000006,-4.299999999999999,-12.700000000000003,-0.5,-19.0,2.799999999999999,-6.599999999999998,1.0,-0.29999999999999993,55.19999999999999,-0.5,11.5,-0.9000000000000004,-0.2999999999999998,-1.9,0.0,-3.0,236,35,33.0,7.667407915218985
B2EB15FA-5431-4804-9309-4215BDC778C0,1,1970-02-27 17:16:23.907,1970-03-04 08:16:49.903,4,1970,2,4,금,단기(4-7일),Male,1951-04-13 20:14:02.953,White,Divorced,English,19.41,74.8,70세~,Medium,M05.722,Rheumatoid arthritis with rheumatoid factor of left elbow without organ or systems involvement,1.0,0.0,0.0,0.0,1.0,1.0,0.0,0.0,0.0,0.0,0.0,0.0,1.0,1.0,1.0,1.0,0.0,1.0,2.0,3.0,0.0,1.0,0.0,2.0,1.0,2.0,0.0,1.0,0.0,0.0,1.0,0.0,1.0,0.0,0.0,28.4,72.33333333333333,0.13999999999999999,0.3,40.225,15.875,2.4999999999999996,34.25,31.575000000000003,88.2,0.9,5.25,366.2,11.200000000000001,5.220000000000001,4.699999999999999,5.2,91.83333333333333,54.03333333333333,10.625,26.066666666666663,0.575,17.125,8.58,28.22,106.2,0.775,91.82000000000001,4.279999999999999,145.60000000000002,7.38,5.859999999999999,2.72,1.0,2.6399999999999997,6.291263784010332,1.7009801096230797,0.08944271909999159,0.14142135623730948,6.907182252312925,2.557831112485733,1.539480431834065,4.54935892919724,1.9517086531208165,4.613025037868323,0.2,3.651940123642044,56.472161283237625,1.5198684153570656,1.0207840124139878,1.734935157289747,0.3605551275463987,49.38849393667854,30.871075998956265,7.651307077878916,6.073988255942986,0.38622100754188227,7.285316282312892,1.9344249791604735,7.289170048777844,10.28040206736423,0.12583057392117925,14.728781348095303,0.8757853618324528,6.421318660005391,1.804716044146558,0.9099450532861861,0.5357238094391547,0.0,1.8447222013083704,8.099999999999998,-1.5999999999999943,-0.1,-0.2,-2.700000000000003,-4.299999999999999,-3.0,1.5,-2.0,6.800000000000011,-0.40000000000000013,-6.7,15.899999999999977,-2.0999999999999996,-1.3999999999999995,-1.0999999999999996,0.5,-96.7,-1.7000000000000028,-0.19999999999999973,-8.399999999999999,0.10000000000000009,-5.5,-1.3000000000000007,-10.600000000000001,1.0999999999999943,0.30000000000000004,-31.5,2.1999999999999997,5.599999999999994,-0.6999999999999993,1.7999999999999998,0.7999999999999998,0.0,0.5,145,35,22.0,6.963118891769295
B2EB15FA-5431-4804-9309-4215BDC778C0,2,1984-03-03 02:15:39.583,1984-03-16 05:06:14.467,13,1984,3,5,토,중기(8-14일),Male,1951-04-13 20:14:02.953,White,Divorced,English,19.41,74.8,70세~,Medium,H75.03,"Mastoiditis in infectious and parasitic diseases classified elsewhere, bilateral",1.0,2.0,0.0,2.0,0.0,3.0,2.0,2.0,1.0,0.0,1.0,2.0,2.0,0.0,1.0,2.0,6.0,1.0,4.0,0.0,0.0,0.0,0.0,1.0,2.0,2.0,2.0,1.0,3.0,3.0,0.0,1.0,1.0,0.0,1.0,26.95,67.90833333333333,0.15555555555555556,0.4111111111111111,43.12500000000001,13.233333333333333,2.400000000000001,30.366666666666667,32.611111111111114,87.94615384615386,0.7875000000000001,6.846153846153848,267.5111111111112,12.15,5.063636363636364,6.366666666666667,4.290909090909091,76.36,38.391666666666666,11.384615384615385,26.159999999999997,0.5363636363636364,14.855555555555554,9.0625,27.209999999999997,99.53999999999999,0.8400000000000001,93.78571428571429,4.2375,139.44,7.883333333333334,5.96,2.21,1.0,2.3499999999999996,5.411356371352546,5.7157610379042465,0.052704627669472995,0.13642254619787417,6.864947195718259,3.009177880277521,1.4628738838327795,5.948949487094339,3.3824711545127952,7.759683776268994,0.24748737341529167,2.880860804405339,104.88574074253901,1.7328524974093387,0.9552724504273398,2.9650489290254813,1.4645508154069258,29.025437119878138,23.749582133485035,4.237500472732747,7.112305455257729,0.27666849214439754,4.619283253685335,1.2816702272537077,4.952092711392044,7.371295679865244,0.25905812303633935,28.982893148167513,1.0253048327204939,10.966636271487772,1.2290671505682924,0.9203863922891903,0.6471304179049057,0.0,1.2545472844372543,2.599999999999998,9.300000000000004,-0.1,0.09999999999999998,3.200000000000003,-4.200000000000001,-1.5,1.4000000000000021,7.700000000000003,-4.3999999999999915,0.7,-1.3999999999999995,-204.09999999999997,-1.700000000000001,-0.20000000000000018,-0.20000000000000018,1.2000000000000002,71.6,52.7,0.6999999999999993,-18.599999999999998,0.09999999999999998,1.7000000000000002,-2.3999999999999986,5.300000000000001,-12.299999999999997,0.5000000000000001,-3.0999999999999943,0.09999999999999964,9.700000000000017,2.5,2.0,-1.3,0.0,0.10000000000000009,360,35,49.0,8.079629163993248
B2EB15FA-5431-4804-9309-4215BDC778C0,3,2010-04-25 17:59:39.993,2010-05-10 05:48:23.413,14,2010,4,6,일,중기(8-14일),Male,1951-04-13 20:14:02.953,White,Divorced,English,19.41,74.8,70세~,Medium,C91.1,Chronic lymphocytic leukemia of B-cell type,3.0,4.0,0.0,1.0,0.0,1.0,1.0,0.0,1.0,0.0,1.0,2.0,1.0,1.0,0.0,1.0,3.0,1.0,1.0,4.0,3.0,0.0,2.0,2.0,1.0,1.0,0.0,1.0,1.0,0.0,0.0,0.0,0.0,0.0,0.0,25.724999999999998,69.27692307692308,0.13076923076923078,0.29166666666666663,41.333333333333336,14.592857142857142,3.09,27.224999999999998,32.112500000000004,84.4125,0.6,6.341666666666666,322.90909090909093,13.65,4.736363636363636,7.9909090909090885,4.054545454545455,82.03,37.25454545454546,10.983333333333334,28.616666666666664,0.6727272727272727,17.639999999999997,9.033333333333333,27.075000000000003,103.47,0.8076923076923077,98.84166666666665,4.616666666666666,142.96363636363637,7.7125,6.05,1.8909090909090907,1.0,2.7272727272727275,6.663349553544921,6.891559311475873,0.06304251719561153,0.13113721705515066,6.932444581732181,2.6429774252402667,1.1425604773684606,3.4557405656592417,3.251565556993826,8.827948718214701,0.32659863237109044,3.0785056390555745,88.33081517279747,1.9979534984123588,1.0902043177980238,2.439038558717162,1.0810769041688353,29.404612261042004,18.121609400732797,5.335955794646751,9.961456021114888,0.3319364670864263,9.868716003389476,1.5023214359682469,4.900115954101123,8.681020165344108,0.1754116038614059,22.610152921895843,0.8277387964518247,9.132170905898853,1.5366359360629307,0.6775624761532395,0.9491623100972199,0.0,1.4859952281827211,-9.7,-4.200000000000003,-0.1,0.3,-4.5,-7.5,-2.0,0.8000000000000007,8.300000000000004,-1.5,-0.7,6.199999999999999,169.5,-3.0999999999999996,-0.7999999999999998,3.0999999999999996,2.8000000000000003,-28.799999999999997,-0.6999999999999957,-0.7000000000000011,-13.799999999999997,-0.9,21.900000000000002,-0.5,-7.599999999999998,1.2999999999999972,0.10000000000000009,48.0,-0.9999999999999996,19.900000000000006,2.4000000000000004,0.6000000000000005,-0.7000000000000002,0.0,-1.5,392,35,37.0,7.538545495138018
53B9FFDD-F80B-43BE-93CF-C34A023EE7E9,1,1942-07-30 04:45:36.667,1942-08-10 21:35:50.310,11,1942,7,3,목,중기(8-14일),Male,1921-08-22 19:17:09.227,White,Divorced,Icelandic,18.17,104.4,70세~,Medium,H16.433,"Localized vascularization of cornea, bilateral",2.0,2.0,0.0,2.0,1.0,2.0,1.0,0.0,1.0,0.0,0.0,3.0,3.0,0.0,0.0,2.0,2.0,1.0,2.0,2.0,3.0,1.0,1.0,2.0,1.0,2.0,0.0,1.0,2.0,0.0,0.0,3.0,1.0,0.0,2.0,25.45,68.4875,0.09,0.3888888888888889,43.8125,13.175,3.677777777777778,29.409999999999997,36.31111111111111,80.58571428571429,0.6375000000000001,6.839999999999999,292.61249999999995,12.785714285714286,5.18,8.555555555555555,4.300000000000001,108.06999999999998,39.9,11.333333333333336,28.53636363636364,0.5444444444444445,21.133333333333336,9.842857142857143,25.2375,100.15,0.8142857142857142,93.0375,4.511111111111111,143.13,7.525000000000001,6.344444444444444,2.4333333333333336,1.0,3.2099999999999995,6.93641758322615,4.828616335378666,0.07378647873726218,0.1615893285805443,8.04264304460027,2.348707851442698,1.048543964001722,5.296634151358137,3.737794953058701,7.972960255645029,0.25035688811888407,3.6049965325919526,114.16944096385862,1.87565861448592,1.0545141061171253,2.7037525363423662,1.1738824472663352,25.872037672617385,19.171593569654036,5.88153891426385,10.585109609944785,0.3811532208676424,6.822756041366275,1.540408109189622,5.730354638738713,8.080841540334768,0.21157009420498157,22.090329978780957,0.9360080721399312,6.893644415933658,1.2487136238088035,1.0001388792451666,0.8306623862918076,0.0,1.8699079002869512,3.299999999999997,0.0,0.1,0.3,13.100000000000001,0.1999999999999993,0.3000000000000007,5.299999999999997,5.100000000000001,15.900000000000006,-0.5,-4.1000000000000005,-177.9,-0.6000000000000014,-2.5,-0.10000000000000053,1.3000000000000003,32.0,-1.7000000000000028,-11.5,-19.699999999999996,0.0,17.7,-3.5,-8.400000000000002,-8.099999999999994,0.5000000000000001,5.299999999999997,-1.6,-2.5,-0.7000000000000002,0.20000000000000018,-0.7999999999999998,0.0,0.3999999999999999,306,35,45.0,8.12648756292799
53B9FFDD-F80B-43BE-93CF-C34A023EE7E9,2,1976-12-12 03:22:51.097,1976-12-20 09:34:30.910,8,1976,12,6,일,중기(8-14일),Male,1921-08-22 19:17:09.227,White,Divorced,Icelandic,18.17,104.4,70세~,Medium,Q60.4,"Renal hypoplasia, bilateral",2.0,1.0,0.0,2.0,2.0,0.0,1.0,4.0,1.0,0.0,1.0,1.0,0.0,3.0,0.0,0.0,1.0,0.0,1.0,1.0,1.0,0.0,1.0,1.0,1.0,0.0,4.0,0.0,1.0,1.0,1.0,2.0,1.0,0.0,3.0,21.875,67.5,0.12857142857142856,0.26666666666666666,45.9375,14.320000000000002,3.06,30.785714285714285,32.95,82.93333333333334,0.6428571428571429,5.614285714285715,243.74,12.399999999999999,4.98,8.183333333333332,4.0874999999999995,111.83333333333333,49.916666666666664,10.84,26.300000000000004,0.4222222222222223,15.5,9.566666666666668,25.557142857142857,108.16666666666667,0.8571428571428573,108.95,4.783333333333333,140.86666666666667,8.399999999999999,5.9,2.357142857142857,1.0,2.1222222222222222,5.071700193933278,6.4301373754117135,0.048795003647426664,0.17511900715418263,7.030939278848674,1.151954860226737,1.4099645385611654,7.856298655946613,3.3689761055846037,7.664376469528794,0.3408672412985387,3.0591003968642867,81.72455567331032,2.6880688766685816,1.0183319694480775,1.393436997738565,0.9448166866797872,21.79299581669915,21.92691648788463,4.5064398365006495,7.753524544176207,0.22236106773543884,7.1908274906299905,1.7328204369370375,6.605517174518369,5.081207205641854,0.29920529661723827,15.926675736009688,0.932559202767667,12.841469282497759,1.048808848170152,1.1067971810589325,1.0549204438521147,0.0,1.8301487492672401,-11.5,-7.699999999999996,0.0,-0.3,2.8999999999999986,2.5,0.6000000000000001,-14.599999999999998,7.799999999999997,0.5999999999999943,-0.7,-3.4999999999999996,12.599999999999994,-4.000000000000002,1.2999999999999998,0.7999999999999998,1.4,-26.599999999999994,3.700000000000003,12.700000000000001,2.1999999999999993,0.3,8.399999999999999,1.7999999999999998,4.399999999999999,-3.4000000000000057,0.7,-17.200000000000003,1.7999999999999998,-24.900000000000006,2.0999999999999996,-0.8999999999999995,2.0,0.0,-1.7,221,35,38.0,6.949446689480442
53B9FFDD-F80B-43BE-93CF-C34A023EE7E9,3,1983-06-22 05:57:03.520,1983-07-09 21:05:20.913,17,1983,6,2,수,장기(15-30일),Male,1921-08-22 19:17:09.227,White,Divorced,Icelandic,18.17,104.4,70세~,Medium,O9A.53,Psychological abuse complicating the puerperium,2.0,2.0,0.0,5.0,1.0,3.0,1.0,0.0,0.0,3.0,1.0,1.0,1.0,1.0,1.0,4.0,3.0,1.0,2.0,0.0,0.0,2.0,4.0,3.0,1.0,1.0,3.0,1.0,4.0,2.0,0.0,6.0,1.0,0.0,1.0,24.180000000000007,71.57333333333334,0.10625,0.36666666666666675,45.45454545454545,14.566666666666666,2.9461538461538463,32.69230769230769,34.986666666666665,86.05384615384615,0.5272727272727272,6.58,286.59999999999997,14.02142857142857,5.085714285714286,7.293333333333333,4.666666666666667,111.37333333333332,53.285714285714285,10.07777777777778,27.35,0.5333333333333333,18.268750000000004,9.066666666666668,25.32,103.475,0.8785714285714284,90.33076923076922,4.43125,135.65333333333334,7.576923076923078,5.861538461538462,1.6933333333333336,1.0,2.3714285714285714,5.383068694660007,6.125178325878321,0.07719024117939607,0.16761634196950514,6.195863722898308,2.800935217965259,1.4373676081732332,5.379042904095724,2.5221494989865474,8.690475186913485,0.30689056385268376,2.7820056713737222,67.79031017664805,1.9576982447717568,1.101647118466877,3.0781410593006258,0.9542474706773488,24.384991480904997,18.633132489563486,3.7798074612927635,7.437562324668838,0.4228331571528879,8.44375262151452,1.6907950434005536,5.0305069327056895,6.823733093647006,0.21901377346421153,16.700468287615205,1.0044691798822567,7.597919514734343,1.546584325836479,1.1332390609358511,1.1410938778624826,0.0,1.380874066239636,7.000000000000002,-0.8999999999999915,-0.1,0.09999999999999998,4.399999999999999,4.100000000000001,2.5000000000000004,-11.400000000000002,-0.20000000000000284,16.299999999999997,-0.49999999999999994,-3.0,38.89999999999998,5.199999999999999,3.4,3.3,0.5,-65.49999999999999,33.89999999999999,-0.20000000000000107,-0.8999999999999986,-1.0,8.700000000000003,-2.4000000000000004,-9.399999999999999,2.6000000000000085,-0.09999999999999998,-49.7,-2.4000000000000004,-13.599999999999994,-0.09999999999999964,1.2999999999999998,-2.4,0.0,2.1999999999999997,490,35,61.0,6.4034458496923445
53B9FFDD-F80B-43BE-93CF-C34A023EE7E9,4,1991-09-13 04:27:45.010,1991-09-23 16:08:23.257,10,1991,9,4,금,중기(8-14일),Male,1921-08-22 19:17:09.227,White,Divorced,Icelandic,18.17,104.4,70세~,Medium,I25.711,Atherosclerosis of autologous vein coronary artery bypass graft(s) with angina pectoris with documented spasm,4.0,1.0,0.0,2.0,0.0,0.0,1.0,2.0,0.0,1.0,1.0,1.0,0.0,4.0,2.0,1.0,0.0,2.0,0.0,2.0,0.0,0.0,1.0,1.0,4.0,2.0,0.0,0.0,2.0,1.0,1.0,2.0,2.0,0.0,2.0,25.611111111111114,70.25555555555555,0.11000000000000001,0.3625,41.114285714285714,15.100000000000001,2.7875,27.428571428571427,34.05,88.31,0.4636363636363636,5.122222222222223,298.35,14.655555555555557,4.688888888888889,7.716666666666666,3.8999999999999995,78.51428571428572,48.58,12.059999999999999,27.21428571428572,0.6666666666666666,15.775000000000002,9.0,27.869999999999997,98.98750000000001,0.775,106.8,3.771428571428572,140.26,6.4142857142857155,6.0375,2.375,1.0,2.8,7.388410594377599,5.304976699079628,0.056764621219754674,0.1597989808656935,6.98484754580193,3.3803352890899263,1.37782177989131,4.024389927146013,3.307986967594912,7.453776075102997,0.3042128441493793,2.214598032249745,76.42875040774177,2.559839404684946,1.3733576049635106,2.3844636014556118,0.758287544405155,35.57852482286792,18.071164876675773,5.057931065827871,6.053216382339935,0.25495097567963926,7.083733882232288,1.7153716798408443,5.933155428044453,7.901254421202461,0.0707106781186548,18.709142150296472,0.6848705126136028,9.736169678061291,1.1950293879630065,0.9884150371753181,1.088577052853862,0.0,2.1633307652783933,0.29999999999999716,10.900000000000006,0.0,-0.19999999999999996,-5.600000000000001,-7.000000000000002,2.8,7.799999999999997,3.5,14.400000000000006,-0.5,-0.19999999999999973,-102.10000000000002,0.1999999999999993,-3.5,-1.5,-0.20000000000000018,20.39999999999999,11.400000000000002,2.0,-8.600000000000001,0.29999999999999993,4.199999999999999,-0.5,7.200000000000003,6.5,-0.10000000000000009,31.5,-1.2000000000000002,-4.900000000000006,-0.40000000000000036,0.20000000000000018,3.0,0.0,-0.5999999999999999,281,35,42.0,7.078519049054047
53B9FFDD-F80B-43BE-93CF-C34A023EE7E9,5,2007-05-16 22:50:17.000,2007-05-27 00:08:37.830,10,2007,5,2,수,중기(8-14일),Male,1921-08-22 19:17:09.227,White,Divorced,Icelandic,18.17,104.4,70세~,Medium,E10.630,Type 1 diabetes mellitus with periodontal disease,3.0,1.0,0.0,3.0,1.0,1.0,0.0,2.0,3.0,0.0,1.0,2.0,3.0,2.0,1.0,0.0,0.0,0.0,1.0,0.0,1.0,1.0,1.0,0.0,1.0,1.0,1.0,0.0,0.0,1.0,0.0,1.0,1.0,0.0,2.0,25.411111111111115,69.77000000000001,0.14285714285714285,0.26666666666666666,39.12222222222223,13.74,3.644444444444444,37.24999999999999,34.19,87.1875,0.55,5.975,300.26666666666665,13.000000000000004,4.2,7.0200000000000005,4.242857142857143,94.83333333333333,40.34285714285715,7.788888888888888,29.17142857142857,0.675,19.771428571428572,8.844444444444443,26.590909090909086,101.41,0.9299999999999999,96.24444444444444,4.4375,135.1375,7.177777777777777,6.014285714285715,1.2222222222222223,1.0,2.8375000000000004,6.377390619298077,5.696402373428338,0.09759000729485333,0.17320508075688773,7.71439851475437,2.828112837604296,0.9850267903858136,1.8875910574062362,3.9784000134057234,5.996531735690462,0.31358146203711296,3.627572978492054,113.47173656906817,2.54209012865835,1.0315037566582101,2.322259436171784,0.892295061171178,29.64270567947534,14.886891005496208,2.4080305461333147,10.070371440636187,0.3453776401067595,7.742892285985964,1.0760008261045981,4.875952121474235,5.282981060811116,0.18885620632287062,21.284919022109953,0.8551315688243535,7.050012664628948,1.2306276627983155,1.035098339013531,0.6629060600450447,0.0,1.866958948205802,-8.8,-7.0,0.0,0.3,7.100000000000001,5.200000000000001,0.6000000000000005,1.5,3.200000000000003,2.0999999999999943,-0.5,1.1000000000000005,-19.5,4.5,0.8000000000000007,-3.9000000000000004,1.4999999999999996,68.49999999999999,36.9,6.8999999999999995,5.700000000000003,0.19999999999999996,-5.099999999999998,2.7,3.099999999999998,5.799999999999997,-0.09999999999999998,22.200000000000003,1.2999999999999998,13.400000000000006,-1.9999999999999991,2.3,0.7000000000000001,0.0,3.4000000000000004,300,35,35.0,7.726897185727272
53B9FFDD-F80B-43BE-93CF-C34A023EE7E9,6,2010-01-07 01:04:58.483,2010-01-20 06:37:13.387,13,2010,1,3,목,중기(8-14일),Male,1921-08-22 19:17:09.227,White,Divorced,Icelandic,18.17,104.4,70세~,Medium,H42,Glaucoma in diseases classified elsewhere,3.0,1.0,0.0,1.0,0.0,2.0,0.0,4.0,1.0,4.0,2.0,0.0,3.0,2.0,2.0,2.0,1.0,0.0,2.0,2.0,0.0,0.0,1.0,0.0,4.0,1.0,3.0,2.0,2.0,2.0,2.0,2.0,2.0,0.0,0.0,24.30909090909091,69.11,0.09999999999999999,0.31999999999999995,39.25714285714286,14.41818181818182,2.8727272727272726,28.23333333333333,34.66666666666667,87.30714285714286,0.73,6.418181818181818,302.3444444444444,12.254545454545456,4.890000000000001,8.1,4.254545454545455,88.1,51.4,11.700000000000001,21.823076923076922,0.6375,17.2375,9.681818181818182,27.7,103.56666666666668,0.9363636363636363,97.0,4.880000000000001,143.82500000000002,7.466666666666667,5.808333333333333,1.3800000000000001,1.0,4.2,6.735941589036315,6.081565953308774,0.07071067811865477,0.13984117975602023,5.214037828419587,3.099296107769692,0.9177046464859041,5.7490447164303005,3.9537956446938445,10.20636786790213,0.3529242915351047,2.5910685756336833,129.35815698199235,2.1625742236342482,1.5117686477912038,2.8213471959331766,1.1138793797926567,32.11870344691876,17.737248941140788,5.73211504221111,6.901950671869733,0.2669269563007828,8.504610094363109,1.1461397661875115,6.028719146340667,7.734025569853742,0.24605985967941732,25.13254861728113,1.0778579580713674,9.22369724725887,1.7051392904979932,0.850089121887532,1.018495622638278,0.0,1.1952286093343936,-15.5,6.0,0.0,0.10000000000000003,-6.5,1.1000000000000014,2.1,9.399999999999999,-6.800000000000001,3.5999999999999943,-0.5,0.39999999999999947,181.40000000000003,-4.9,1.6000000000000005,-5.500000000000001,-1.8000000000000003,6.100000000000001,-0.30000000000000426,-0.2999999999999998,6.699999999999999,0.29999999999999993,9.2,1.1999999999999993,-1.0,-16.5,-0.19999999999999996,53.5,2.4,-11.599999999999994,0.0,2.0,-0.7,0.0,1.8000000000000003,360,35,53.0,8.819988042001967
C5D09468-574F-4802-B56F-DB38F4EB1687,1,1959-09-12 08:02:27.580,1959-09-24 09:25:08.323,12,1959,9,5,토,중기(8-14일),Male,1939-07-07 19:39:49.753,African American,Married,Icelandic,10.87,86.6,70세~,Medium,N25.1,Nephrogenic diabetes insipidus,1.0,0.0,0.0,1.0,1.0,0.0,2.0,3.0,2.0,0.0,2.0,1.0,1.0,1.0,1.0,1.0,0.0,2.0,2.0,0.0,1.0,2.0,1.0,0.0,1.0,4.0,0.0,1.0,1.0,0.0,0.0,2.0,2.0,0.0,1.0,24.618181818181814,70.47777777777777,0.13333333333333333,0.33749999999999997,48.15714285714286,14.424999999999999,3.4099999999999993,31.744444444444444,35.45,85.55454545454545,0.5,6.07,285.5285714285714,13.280000000000001,4.6000000000000005,7.0,4.872727272727272,96.02857142857144,36.95714285714286,10.977777777777776,29.78,0.625,17.866666666666667,9.799999999999999,24.81,100.63333333333333,0.8,90.58000000000001,4.666666666666667,138.78,8.030000000000001,5.82,2.2333333333333334,1.0,2.4916666666666667,5.506508545679045,2.672441663431486,0.08660254037844388,0.11877349391654209,7.23552742672275,2.576511030620496,1.585664949897466,6.385943765629149,4.161387131371322,7.675202099796933,0.4,3.1759687935774457,97.23714506788227,1.9640095043897658,1.2476644848141936,2.5719642299223375,0.6958317455978984,42.89287875182834,14.586050087081736,4.233136478362639,7.548480347431233,0.40970372570571395,6.8170741524498615,0.9055385138137418,4.463792607687374,9.705024471890834,0.16329931618554525,22.74729776381264,1.03440804327886,7.049791171060003,1.2147702114666246,0.9101892355133873,0.9949874371066197,0.0,1.5054195025931734,-10.7,7.599999999999994,0.1,0.10000000000000003,0.20000000000000284,-2.9999999999999982,0.09999999999999964,-13.5,-5.100000000000001,-4.599999999999994,0.09999999999999998,1.0,90.19999999999999,-0.5,2.5000000000000004,4.800000000000001,0.40000000000000036,97.0,-12.0,3.299999999999999,-14.299999999999997,-0.09999999999999987,-9.6,0.6999999999999993,-1.2999999999999972,7.099999999999994,-0.09999999999999998,39.599999999999994,-2.6999999999999997,4.300000000000011,0.40000000000000036,0.9000000000000004,-0.8999999999999999,0.0,-1.8999999999999995,319,35,37.0,7.785113951168453
C5D09468-574F-4802-B56F-DB38F4EB1687,2,1975-04-14 01:27:24.847,1975-04-26 05:52:48.173,12,1975,4,0,월,중기(8-14일),Male,1939-07-07 19:39:49.753,African American,Married,Icelandic,10.87,86.6,70세~,Medium,H61.192,"Noninfective disorders of pinna, left ear",1.0,2.0,0.0,2.0,5.0,2.0,1.0,3.0,2.0,4.0,1.0,0.0,1.0,3.0,0.0,1.0,2.0,1.0,2.0,0.0,2.0,1.0,1.0,2.0,0.0,1.0,1.0,0.0,0.0,1.0,5.0,2.0,1.0,0.0,2.0,25.025000000000002,69.1888888888889,0.12,0.3625,46.022222222222226,14.766666666666667,2.5,29.67777777777778,33.72,89.15714285714286,0.7625000000000001,6.425,253.55999999999995,12.841666666666663,4.8545454545454545,7.509090909090909,3.866666666666667,105.08749999999998,56.51428571428571,11.072727272727274,31.190000000000005,0.5636363636363636,15.366666666666665,9.940000000000001,28.609090909090913,101.06,0.89,101.93333333333334,4.8100000000000005,142.45555555555558,7.1899999999999995,5.78,2.1625,1.0,3.0,4.872580984913998,6.786465288433374,0.09189365834726813,0.18468119248354134,9.092136407052218,2.864000698323937,1.1614167593456228,6.1391729446599275,3.8806643188448495,11.485767590494644,0.3204349722308279,2.763408867943462,109.35979557812317,2.473664316659629,0.8465974679428665,2.385562636132007,1.143459662602927,30.990617819868366,18.905680678165538,3.639530439243752,9.398398208678374,0.35853236192212073,7.227011620974258,1.4206414826486737,5.807487330240944,6.527582502989398,0.19119507199599983,22.21440973782558,0.8633912464488185,7.57943123049335,2.1314835730594366,1.0304260176149367,0.8846912294289864,0.0,1.7600505043258778,-5.100000000000001,1.8000000000000043,0.2,0.09999999999999998,-0.3999999999999986,0.9000000000000004,0.10000000000000009,-4.5000000000000036,-1.1000000000000014,21.60000000000001,0.0,-7.8999999999999995,-12.100000000000023,-5.800000000000001,-0.5,-3.4000000000000004,-0.7000000000000002,26.299999999999983,5.900000000000006,6.1,-22.6,0.2,11.200000000000001,-0.1999999999999993,-13.600000000000001,-4.299999999999997,-0.19999999999999996,-43.89999999999999,-1.6000000000000005,2.9000000000000057,0.39999999999999947,-0.2999999999999998,1.0,0.0,2.6000000000000005,338,35,52.0,8.19377898287025
C5D09468-574F-4802-B56F-DB38F4EB1687,3,2006-05-22 23:29:02.183,2006-06-01 19:53:07.043,9,2006,5,0,월,중기(8-14일),Male,1939-07-07 19:39:49.753,African American,Married,Icelandic,10.87,86.6,70세~,Medium,O99.611,"Diseases of the digestive system complicating pregnancy, first trimester",0.0,1.0,0.0,0.0,3.0,2.0,0.0,1.0,0.0,0.0,1.0,1.0,1.0,2.0,1.0,3.0,1.0,2.0,0.0,0.0,1.0,2.0,1.0,0.0,2.0,1.0,2.0,1.0,0.0,0.0,1.0,0.0,2.0,0.0,3.0,23.985714285714288,72.47999999999999,0.1375,0.39999999999999997,42.46666666666667,14.125,2.8666666666666663,30.724999999999998,33.78571428571429,85.35714285714286,0.7142857142857143,5.9,292.72499999999997,12.971428571428572,4.585714285714286,7.21111111111111,3.8428571428571425,108.49999999999997,53.82857142857143,11.885714285714284,21.14,0.6444444444444444,17.11111111111111,9.171428571428573,27.322222222222223,97.19999999999999,0.7875000000000001,98.9,4.6571428571428575,137.675,7.775,6.1,1.6666666666666667,1.0,2.4875,5.308304365623286,5.4015738447234085,0.0744023809142845,0.1,8.974547342345465,2.9070112290313372,0.8845903006477065,6.034602602610097,3.5002040756830985,8.936229097118673,0.37606990231680515,3.2226874322084487,86.18096823379442,2.621522640066447,1.388558690907676,3.3721078142774603,0.8560707580902076,32.65621795965619,9.369403091217404,3.939724428361528,6.265221464561329,0.49272484996981614,8.609942573043744,1.1294752258081118,4.401641108091895,5.2668776329054765,0.21001700611413082,23.84806071780261,0.8323804075404123,5.195109880134074,1.3802173741842259,0.85146931829632,1.1532562594670794,0.0,2.0897282803547172,-6.699999999999999,-3.299999999999997,-0.1,-0.09999999999999998,22.900000000000002,0.40000000000000036,0.2999999999999998,-3.0,-2.6000000000000014,-14.099999999999994,0.8999999999999999,0.40000000000000036,-87.69999999999999,0.5,-2.0,1.8999999999999995,0.3999999999999999,77.1,-4.300000000000004,-0.40000000000000036,-9.900000000000002,-0.1,16.2,2.8999999999999995,-5.899999999999999,4.700000000000003,-0.20000000000000007,-24.799999999999997,0.20000000000000018,4.299999999999983,-0.10000000000000053,-1.1999999999999993,0.6999999999999997,0.0,3.6,265,35,35.0,7.080883379653368
C5D09468-574F-4802-B56F-DB38F4EB1687,4,2011-03-30 14:44:18.413,2011-04-15 03:37:15.953,15,2011,3,2,수,장기(15-30일),Male,1939-07-07 19:39:49.753,African American,Married,Icelandic,10.87,86.6,70세~,Medium,H47.0,"Disorders of optic nerve, not elsewhere classified",3.0,1.0,0.0,3.0,2.0,1.0,2.0,2.0,2.0,2.0,0.0,2.0,2.0,1.0,1.0,2.0,3.0,0.0,1.0,2.0,2.0,1.0,0.0,0.0,1.0,1.0,2.0,2.0,0.0,1.0,1.0,2.0,1.0,0.0,2.0,24.08,72.4857142857143,0.09999999999999999,0.3499999999999999,39.56363636363636,12.881818181818183,3.115384615384615,31.00833333333334,34.59166666666666,89.00833333333333,0.6153846153846154,6.435714285714286,255.57333333333335,12.975000000000001,5.1,9.375000000000002,3.8250000000000006,86.3153846153846,44.279999999999994,11.375,26.026666666666664,0.6444444444444445,19.01818181818182,9.718181818181817,26.799999999999997,102.79285714285716,0.95,109.73333333333332,4.263636363636364,134.04,7.75,6.2272727272727275,1.3153846153846152,1.0,3.3000000000000003,5.561114996113639,5.377997503054192,0.07385489458759964,0.15075567228888181,8.409788668839749,2.5482614394202896,1.4622164419390595,5.384904546015368,3.1378795194825257,10.271979390850655,0.29677756498246816,2.8939212532099448,102.71786926658217,2.5484843980830503,0.9626352718795769,2.2591732196455494,1.0091625691181234,21.96276569385279,17.17586346342698,4.596466033813369,8.846263671877576,0.43906466241064973,5.795656680966909,1.419731088494002,5.2222600471443394,6.290097747279424,0.18408935028645435,22.160324907365414,0.7864766077547727,5.6087629850281795,1.4866068747318506,0.9034278157007444,1.089989414204066,0.0,1.8806709113832425,7.400000000000002,2.0,0.0,-0.39999999999999997,1.3000000000000043,-0.3999999999999986,-1.9999999999999998,-1.7999999999999972,-2.8999999999999986,-19.39999999999999,0.30000000000000004,3.000000000000001,-177.9,-3.1999999999999993,-1.0,-0.4999999999999991,-0.7000000000000002,4.0,16.700000000000003,-6.1,4.199999999999999,0.7000000000000001,-7.700000000000003,-1.3999999999999986,0.5999999999999979,2.700000000000003,0.30000000000000004,33.7,1.1,6.799999999999983,1.4000000000000004,0.7999999999999998,0.6000000000000001,0.0,-0.20000000000000018,423,35,48.0,7.454722702051817
EA7C2F0F-DA1C-4CE8-9700-4BB1FC7AF3FB,1,1993-09-17 22:24:49.573,1993-09-23 00:29:45.467,5,1993,9,4,금,단기(4-7일),Male,1969-01-05 00:15:09.627,Unknown,Married,English,3.3,57.1,50대,Low,M02.37,"Reiter's disease, ankle and foot",0.0,0.0,0.0,2.0,1.0,0.0,1.0,0.0,1.0,0.0,0.0,0.0,0.0,0.0,0.0,1.0,1.0,0.0,1.0,0.0,1.0,2.0,1.0,0.0,0.0,0.0,1.0,0.0,3.0,0.0,0.0,0.0,1.0,0.0,0.0,28.28,69.83333333333334,0.05,0.15,42.525,13.725,3.0833333333333335,35.45,36.06666666666666,81.88333333333333,0.7333333333333334,5.619999999999999,245.51999999999998,13.0,4.15,9.325000000000001,4.0,88.6,52.166666666666664,9.333333333333334,30.0,0.6666666666666666,14.3,8.966666666666667,25.375,101.125,0.8799999999999999,96.5,4.375,140.85999999999999,6.966666666666666,5.72,3.0666666666666664,1.0,3.66,4.055490106016781,6.115444927939968,0.1,0.05773502691896258,8.957817814624274,2.3128265535198844,1.7982398801791342,4.09430498782557,5.3144457221175285,6.82419714447544,0.28867513459481287,3.118012187275733,111.41100484243019,1.4730919862656235,0.7778174593052022,1.7056279391082538,1.163328557774343,30.44240463563941,20.347153773112016,3.1085902485424697,12.441061047997474,0.6110100926607787,7.602631123499286,1.3735598518691012,3.1298296013254996,8.057449968817677,0.23874672772626646,14.23165485809714,1.4522970311429637,5.692363305341644,1.767295485574875,0.7395944834840239,0.2516611478423585,0.0,1.8782971010998235,7.899999999999999,-3.9000000000000057,0.0,0.0,2.1000000000000014,-5.299999999999999,3.1999999999999997,-3.8999999999999986,-9.899999999999999,-12.800000000000011,0.0,0.9000000000000004,182.8,2.5999999999999996,1.1,1.700000000000001,2.6999999999999997,-13.900000000000006,-23.0,-5.7,-17.700000000000003,-1.2,18.900000000000002,0.7000000000000011,-7.300000000000001,18.299999999999997,0.19999999999999996,14.899999999999991,2.1,-1.299999999999983,0.2999999999999998,-0.7999999999999998,-0.30000000000000027,0.0,4.2,152,35,17.0,7.798104592975556
EA7C2F0F-DA1C-4CE8-9700-4BB1FC7AF3FB,2,1994-02-06 17:58:00.583,1994-02-26 11:44:26.100,19,1994,2,6,일,장기(15-30일),Male,1969-01-05 00:15:09.627,Unknown,Married,English,3.3,57.1,50대,Low,O99.411,"Diseases of the circulatory system complicating pregnancy, first trimester",1.0,2.0,0.0,2.0,3.0,2.0,2.0,3.0,3.0,2.0,0.0,1.0,1.0,0.0,0.0,1.0,2.0,1.0,0.0,3.0,2.0,0.0,2.0,4.0,3.0,1.0,2.0,2.0,2.0,3.0,4.0,2.0,2.0,0.0,3.0,25.626666666666665,70.33125,0.09999999999999999,0.3333333333333333,41.025,14.000000000000002,2.5411764705882356,33.973333333333336,34.00769230769232,86.75714285714288,0.7230769230769231,5.091666666666668,291.47058823529414,13.023529411764702,5.38,7.805555555555555,4.5928571428571425,100.93124999999999,48.86000000000001,8.90625,26.972727272727276,0.56875,15.4,9.733333333333333,27.56,100.60000000000001,0.86875,102.87368421052632,4.206666666666667,137.21176470588236,7.113333333333332,5.805555555555555,2.225,1.0,2.329411764705883,4.961633755509321,5.702481185121672,0.07385489458759965,0.14474937289114917,6.997189912148063,2.890035932701822,1.3720690687468196,4.929135923504335,3.6165041910804634,7.1979392655349415,0.29198700357449175,2.492701467496781,85.7968149518521,1.9724760492096942,1.0685103114683947,2.462297402169775,0.7819741149702568,28.908216104307325,17.31909763403229,4.8547528258398485,10.401547087726026,0.3092329219213245,6.454610755111419,1.6551506908809874,5.41397662140712,5.90411478788916,0.21823152842795193,24.355055192922322,0.843857356485821,8.26837970470493,1.5792704765477124,0.8235305788973989,1.0401922899156677,0.0,1.9719168041154629,4.099999999999998,8.599999999999994,-0.1,-0.10000000000000003,11.399999999999999,3.6999999999999993,0.30000000000000004,0.0,-3.6999999999999993,3.0,-0.5000000000000001,-7.5,-109.80000000000001,-2.200000000000001,0.1999999999999993,5.3999999999999995,1.1000000000000005,33.79999999999998,14.400000000000006,3.1000000000000005,24.999999999999996,0.2,8.8,-1.3000000000000007,-0.7999999999999972,-1.0999999999999943,-0.19999999999999996,21.000000000000014,1.8000000000000003,19.400000000000006,2.4000000000000004,-2.2,-0.5,0.0,4.7,532,35,61.0,7.230671090391442
EA7C2F0F-DA1C-4CE8-9700-4BB1FC7AF3FB,3,2002-03-06 21:09:42.670,2002-03-23 05:43:46.137,16,2002,3,2,수,장기(15-30일),Male,1969-01-05 00:15:09.627,Unknown,Married,English,3.3,57.1,50대,Low,D39.11,Neoplasm of uncertain behavior of right ovary,4.0,3.0,0.0,3.0,1.0,1.0,1.0,1.0,3.0,0.0,3.0,1.0,1.0,1.0,0.0,0.0,0.0,2.0,5.0,1.0,0.0,0.0,3.0,5.0,2.0,1.0,2.0,2.0,2.0,0.0,0.0,1.0,2.0,0.0,1.0,25.319999999999997,68.20000000000002,0.14285714285714285,0.4272727272727273,41.315384615384616,14.616666666666667,3.158333333333333,32.371428571428574,36.199999999999996,85.38999999999999,0.5166666666666666,6.6499999999999995,277.23636363636365,13.093333333333335,4.74,6.88,4.381818181818183,93.14285714285714,38.76153846153846,7.6230769230769235,26.96666666666667,0.61,15.645454545454545,9.715384615384615,28.16923076923077,102.98333333333335,0.82,107.47857142857143,4.785714285714286,138.875,7.233333333333333,6.126666666666666,1.9307692307692306,1.0,3.2153846153846155,6.643493057119877,6.3107844203395205,0.07559289460184546,0.14893561757289014,5.808735684846598,2.5055695535903193,1.4513055773295571,5.082008774767437,3.656349120213889,4.355698693793121,0.30100840620497726,2.1432362302045798,96.10769243642542,2.101518725203502,0.8946756084997758,2.520934570969884,0.6853001996471061,26.150002626436525,22.391424640605102,3.311634502314994,7.15314616095603,0.2643650674519781,7.821810996995981,1.705308453939323,4.823274236343435,7.478312076608701,0.2440400695696417,21.0832846138805,0.8319182123790247,8.246004542145903,1.268021603869109,0.7914423241026172,1.1571405960272756,0.0,1.6077137773072636,11.399999999999999,-3.9000000000000057,-0.1,-0.2,5.0,0.5,3.0999999999999996,-5.100000000000001,0.3999999999999986,6.5,0.20000000000000007,0.7999999999999998,-67.80000000000001,-4.399999999999999,-0.20000000000000018,-2.9,0.7000000000000002,27.200000000000003,53.1,6.199999999999999,14.100000000000001,0.5,-5.9,-0.09999999999999964,-7.899999999999999,7.400000000000006,0.4,-44.3,1.0,4.599999999999994,-0.8000000000000007,-1.4000000000000004,-1.7000000000000002,0.0,2.3,429,35,52.0,7.346333830636105
EA7C2F0F-DA1C-4CE8-9700-4BB1FC7AF3FB,4,2008-03-22 11:25:37.977,2008-03-26 17:58:11.653,4,2008,3,5,토,단기(4-7일),Male,1969-01-05 00:15:09.627,Unknown,Married,English,3.3,57.1,50대,Low,E08.641,Diabetes mellitus due to underlying condition with hypoglycemia with coma,0.0,1.0,0.0,2.0,0.0,3.0,1.0,0.0,0.0,0.0,0.0,1.0,1.0,0.0,0.0,0.0,2.0,0.0,0.0,0.0,1.0,1.0,0.0,0.0,0.0,1.0,0.0,1.0,0.0,2.0,0.0,1.0,0.0,0.0,0.0,26.46666666666667,76.8,0.125,0.3333333333333333,39.2,14.45,1.25,31.866666666666664,36.900000000000006,87.33333333333333,0.49999999999999994,3.3666666666666667,271.56666666666666,13.419999999999998,4.833333333333333,7.566666666666666,4.18,90.9,26.95,9.02,25.025,0.975,17.96,9.266666666666666,28.5,100.48,0.6666666666666666,101.35,4.35,137.775,6.5,5.6499999999999995,2.125,1.0,3.1,5.33135379930214,3.080584360149872,0.05,0.2516611478423583,3.818376618407353,4.68365953786851,0.660807586719967,2.0647840887931426,1.5121728296285024,10.96099143934222,0.31622776601683794,2.8112867753634334,130.0598451995593,1.9057806799314547,1.5011106998930273,2.100793500878497,1.2597618822618821,28.08475268421165,3.6062445840513933,3.6162134892729996,8.778524933039717,0.14999999999999997,8.124838459932604,1.040832999733066,6.513831437794504,6.098114462684345,0.1154700538379252,27.73836092249624,0.919238815542512,13.655371348545113,1.1313708498984758,0.8812869377601524,0.5852349955359809,0.0,1.2708265027138834,10.600000000000001,-5.799999999999997,0.1,0.19999999999999998,5.399999999999999,-8.3,1.0,0.5,-1.3000000000000043,-10.099999999999994,-0.7,0.5,258.0,-1.1999999999999993,3.0,2.0,-1.0,-15.100000000000009,5.100000000000001,3.3000000000000007,-20.5,0.0,12.999999999999998,-1.5,12.800000000000004,5.299999999999997,0.0,34.800000000000004,1.2999999999999998,-19.60000000000001,1.5999999999999996,1.5,-0.5999999999999999,0.0,1.6999999999999997,126,35,18.0,8.133706039685972
35FE7491-1A1D-48CB-810C-8DC2599AB3DD,1,1989-09-23 21:57:50.250,1989-10-12 23:31:11.120,19,1989,9,5,토,장기(15-30일),Male,1969-11-02 06:34:34.527,White,Married,English,4.51,56.2,50대,Low,M10.31,"Gout due to renal impairment, shoulder",1.0,2.0,0.0,2.0,1.0,2.0,3.0,1.0,1.0,3.0,0.0,1.0,2.0,2.0,2.0,1.0,3.0,1.0,1.0,1.0,3.0,0.0,0.0,1.0,1.0,4.0,2.0,3.0,1.0,4.0,4.0,1.0,5.0,0.0,1.0,24.206666666666667,71.15000000000002,0.09999999999999999,0.34,41.25625,14.906666666666665,3.523076923076923,32.10625,34.5,87.25,0.7266666666666667,6.718750000000001,295.08,13.346153846153847,5.05,6.376923076923077,4.345000000000001,99.20000000000002,48.92666666666666,11.584615384615384,27.82777777777778,0.5176470588235292,16.082352941176474,9.15625,24.78125,102.9125,0.7647058823529411,108.06153846153846,4.013333333333333,135.02777777777774,7.764705882352941,5.7875,1.9105263157894736,1.0,3.5000000000000004,5.0503842380932715,5.834952156330562,0.08660254037844387,0.13522468075656263,5.225701707267009,2.898636789612531,1.5067370076613933,4.119299090864852,3.1121880222303875,8.608699430364203,0.3217511608740667,3.3823500213116127,92.22251971648325,2.149657098475392,1.0788065301117549,2.333150175961621,1.0570440413072475,31.741117992732573,16.682645673473576,3.013814347811909,8.13560117852072,0.33210558207753577,5.392846569080846,1.43711226654937,4.4990693482096935,8.579578466723563,0.19020113193205584,26.276559213537915,0.6457184997755454,7.50778463099199,1.5980226752421993,0.7553145040312677,1.0908176020470481,0.0,1.2951190421476062,-11.100000000000001,9.300000000000011,0.1,-0.3,1.9000000000000057,4.299999999999999,0.0,2.0,4.100000000000001,-13.700000000000003,-0.4,7.199999999999999,-34.69999999999999,5.199999999999999,1.2000000000000002,1.2999999999999998,-1.9,-62.3,46.1,-1.8000000000000007,-1.2999999999999972,0.6000000000000001,-5.400000000000002,-1.1999999999999993,7.0,-14.0,0.0,75.0,0.0,-10.0,4.4,-0.3000000000000007,-0.3999999999999999,0.0,-0.7000000000000002,556,35,60.0,7.379918089513416
35FE7491-1A1D-48CB-810C-8DC2599AB3DD,2,1994-04-01 07:22:17.723,1994-04-12 00:43:17.050,10,1994,4,4,금,중기(8-14일),Male,1969-11-02 06:34:34.527,White,Married,English,4.51,56.2,50대,Low,D48.4,Neoplasm of uncertain behavior of peritoneum,1.0,1.0,0.0,2.0,0.0,2.0,1.0,2.0,1.0,0.0,2.0,4.0,1.0,0.0,0.0,1.0,0.0,3.0,1.0,0.0,1.0,2.0,1.0,3.0,0.0,2.0,2.0,0.0,2.0,0.0,2.0,1.0,1.0,0.0,1.0,27.085714285714285,70.05,0.08750000000000001,0.21428571428571427,41.17,16.35,2.3000000000000003,29.622222222222224,31.61428571428571,87.95555555555556,0.575,6.5,247.94999999999996,12.166666666666666,4.672727272727273,7.985714285714286,4.6571428571428575,86.74000000000001,45.837500000000006,11.37,28.181818181818183,0.46249999999999997,15.233333333333333,9.042857142857143,27.420000000000005,101.65555555555554,0.8800000000000001,99.75555555555555,4.971428571428571,141.14285714285714,7.433333333333334,5.9125,1.0714285714285714,1.0,2.5300000000000002,5.9299883562079545,5.630275304103699,0.08345229603962803,0.10690449676496976,7.356033049288334,2.0064182728719078,1.2970050972229148,5.314315049415535,2.7254532170072627,5.9046826991615555,0.3770183777256185,3.555629339512205,82.65665732413814,2.236626924634504,0.879876024324915,2.0251984029789702,0.842332362861483,34.078967120498234,14.68711169699475,4.166813330752091,8.764224801066913,0.42405356804468536,5.949789912257407,2.071116561066472,4.723887288146396,7.426491619720436,0.20439612955674522,19.720554702588306,0.8118174789000415,5.936569475956392,1.4177446878757827,0.9417878135303545,0.9159954252329098,0.0,1.7340062796246665,10.399999999999999,1.5,0.1,0.2,6.899999999999999,5.800000000000001,-2.1999999999999997,-5.199999999999999,7.799999999999997,18.200000000000003,-0.19999999999999996,0.5999999999999996,-173.7,2.0,1.0,1.4000000000000004,0.6000000000000005,57.39999999999999,18.199999999999996,-5.5,-3.3000000000000007,-0.4,-3.5,3.999999999999999,12.899999999999999,3.3999999999999915,0.5,-45.0,-0.5,-1.0999999999999943,3.499999999999999,-2.4000000000000004,-0.19999999999999996,0.0,-0.7,296,35,40.0,6.940091271030634
35FE7491-1A1D-48CB-810C-8DC2599AB3DD,3,2003-04-21 00:40:36.057,2003-05-09 02:14:42.870,18,2003,4,0,월,장기(15-30일),Male,1969-11-02 06:34:34.527,White,Married,English,4.51,56.2,50대,Low,M05.741,Rheumatoid arthritis with rheumatoid factor of right hand without organ or systems involvement,6.0,3.0,0.0,0.0,0.0,2.0,0.0,2.0,3.0,0.0,0.0,2.0,2.0,3.0,1.0,3.0,3.0,5.0,1.0,3.0,4.0,2.0,2.0,0.0,2.0,2.0,1.0,0.0,4.0,2.0,1.0,3.0,1.0,0.0,1.0,24.853846153846156,69.76470588235294,0.12,0.30999999999999994,41.43846153846154,13.77142857142857,3.2857142857142856,30.91875,35.019999999999996,86.62857142857142,0.6909090909090909,6.8999999999999995,294.84000000000003,13.438461538461535,4.875000000000001,8.05,4.446153846153846,108.11764705882354,39.344444444444456,10.940000000000001,23.82941176470588,0.5416666666666666,15.799999999999999,9.479999999999999,29.07692307692308,103.76923076923079,0.93125,101.46249999999999,4.833333333333334,137.98749999999998,7.625,5.707142857142857,1.71875,1.0,2.7266666666666666,7.559939967201612,6.344578510081519,0.07888106377466156,0.11972189997378647,6.673522116236479,2.898654481340921,1.227165052441629,5.271713035943188,3.1062609585894645,8.91312157797347,0.29139164522870403,2.954318872430666,84.37486761894377,2.5734343011944376,0.9430366810565652,2.532192725682625,1.1391629855698029,35.403023092917465,16.281516445889732,5.601825099415764,7.866365481107075,0.3848455022552045,7.750483855863452,0.9354737361952555,5.77323621639167,7.156393949397586,0.15798206649279323,22.31719441745908,0.9611501047232548,8.876851919458835,1.462330021202154,0.891381197670469,0.862723401019508,0.0,1.709413711801575,-8.700000000000003,-16.299999999999997,-0.2,-0.2,12.5,-2.5,2.4000000000000004,7.199999999999999,10.099999999999998,-10.0,-0.09999999999999998,1.7000000000000002,-73.0,-1.3000000000000007,1.6,-2.5999999999999996,-3.0000000000000004,55.00000000000001,-13.2,11.5,10.400000000000002,-0.20000000000000007,12.4,0.09999999999999964,-1.1999999999999957,4.400000000000006,0.09999999999999998,-5.1000000000000085,0.0,-7.800000000000011,3.2,1.0999999999999996,-1.2,0.0,-0.8000000000000003,478,35,64.0,7.468404391797833
35FE7491-1A1D-48CB-810C-8DC2599AB3DD,4,2005-02-04 17:30:47.467,2005-02-12 12:00:54.490,7,2005,2,4,금,단기(4-7일),Male,1969-11-02 06:34:34.527,White,Married,English,4.51,56.2,50대,Low,F94.2,Disinhibited attachment disorder of childhood,1.0,0.0,0.0,1.0,3.0,0.0,3.0,2.0,0.0,1.0,1.0,0.0,0.0,1.0,0.0,0.0,0.0,0.0,2.0,0.0,1.0,0.0,0.0,0.0,2.0,1.0,0.0,0.0,1.0,0.0,0.0,0.0,2.0,0.0,0.0,28.47142857142857,72.17142857142856,0.08,0.2714285714285714,43.142857142857146,12.475,3.0625,31.839999999999996,33.48571428571428,87.225,0.9142857142857144,5.9399999999999995,226.175,13.319999999999999,4.7,8.74,4.16,125.94000000000001,46.15,11.066666666666668,26.099999999999998,0.5857142857142856,15.819999999999999,9.366666666666667,25.614285714285717,101.14285714285714,0.8800000000000001,94.39999999999999,4.514285714285714,139.71666666666667,8.040000000000001,5.98,1.3666666666666665,1.0,2.9799999999999995,4.915863534081707,4.792603428101223,0.044721359549995794,0.12535663410560174,10.040062606520797,2.0966242709015206,1.6672796491804935,5.9078760989039045,2.8591540540449927,10.50765027423897,0.21930626551751342,3.5753321524020674,76.22757047158201,2.920102737918651,1.2509996003196804,1.7812916661793483,1.2136721138759017,12.289751828251045,22.62377068483501,3.847510017314229,8.272363628371279,0.26095064302514775,8.650260111696065,2.040424792373719,6.5813951336142935,7.352291511915893,0.1923538406167135,20.17949454272827,1.0431180365113235,9.306216560271242,1.556598856481656,0.8671793355471517,1.094836365246728,0.0,0.8786353054595517,-1.6000000000000014,-13.5,0.0,0.0,7.600000000000001,-4.0,-0.9,2.099999999999998,0.5,-1.5999999999999943,-0.6,6.799999999999999,-163.8,4.299999999999999,2.0000000000000004,4.699999999999999,1.2000000000000002,17.799999999999997,-22.900000000000006,-6.9,4.799999999999997,-0.40000000000000013,-4.699999999999999,1.3000000000000007,0.8000000000000007,1.7999999999999972,0.5000000000000001,-21.89999999999999,0.6000000000000001,-3.9000000000000057,0.3000000000000007,0.6000000000000005,0.1,0.0,1.9000000000000004,202,35,22.0,6.77664623176239
35FE7491-1A1D-48CB-810C-8DC2599AB3DD,5,2012-11-19 11:46:10.477,2012-11-28 08:51:41.647,8,2012,11,0,월,중기(8-14일),Male,1969-11-02 06:34:34.527,White,Married,English,4.51,56.2,50대,Low,C47,Malignant neoplasm of peripheral nerves and autonomic nervous system,1.0,1.0,0.0,2.0,1.0,2.0,1.0,1.0,2.0,0.0,2.0,0.0,1.0,0.0,1.0,0.0,0.0,1.0,1.0,1.0,1.0,1.0,1.0,1.0,1.0,0.0,0.0,1.0,0.0,2.0,2.0,1.0,0.0,0.0,2.0,23.685714285714283,66.36666666666666,0.12,0.36666666666666664,46.86666666666667,13.85,2.1857142857142855,30.849999999999994,32.262499999999996,86.67500000000001,0.55,5.6875,226.92857142857142,14.283333333333333,5.6000000000000005,6.08,4.51111111111111,89.88749999999999,39.279999999999994,10.4,29.099999999999998,0.45000000000000007,19.12222222222222,10.514285714285714,27.560000000000002,101.96000000000001,0.775,87.57142857142857,4.6,137.65,8.22857142857143,6.499999999999999,1.8199999999999998,1.0,3.3875,5.604887323110244,5.2110139768251065,0.08366600265340757,0.196638416050035,7.306344275126014,2.95296461204668,1.2562226069034255,5.001499775067476,3.4280096265909172,10.02143535960127,0.38913824205360675,3.5962033551272614,99.09261180474412,2.0701851769024597,1.2583057392117918,2.2554378732299414,0.7623064417352846,33.82773323346225,13.36345763640533,4.933220719435393,9.89484714384209,0.3295017884191656,6.3837249662281375,0.980524640908413,5.539223772334893,5.339756548757632,0.1832250762625809,14.649313326991843,0.8535639569308374,12.388341293328985,1.5531841334436014,0.552914356581818,0.8843076387773657,0.0,1.9924410727977448,9.3,-3.5999999999999943,-0.1,0.09999999999999998,13.399999999999999,-4.0,-0.4,11.099999999999998,5.799999999999997,-12.900000000000006,-0.7000000000000001,-8.5,24.599999999999994,0.5,1.5,3.500000000000001,0.5999999999999996,-58.5,2.3000000000000043,3.799999999999999,-5.899999999999999,-0.30000000000000004,-10.299999999999997,-1.6999999999999993,-5.9999999999999964,0.7999999999999972,0.10000000000000009,6.699999999999989,0.0,-28.799999999999997,-1.9999999999999991,0.0,1.2,0.0,0.7,239,35,31.0,7.546747197482491
868E700E-3C56-458F-A477-078D671DCB20,1,2002-11-29 12:35:04.863,2002-12-13 14:44:44.223,14,2002,11,4,금,중기(8-14일),Female,1978-09-21 15:29:44.770,African American,Married,Icelandic,5.94,47.4,40대,Low,M10.37,"Gout due to renal impairment, ankle and foot",2.0,1.0,0.0,3.0,1.0,1.0,0.0,2.0,3.0,0.0,1.0,1.0,1.0,2.0,1.0,0.0,1.0,4.0,2.0,1.0,0.0,1.0,1.0,2.0,0.0,2.0,2.0,1.0,2.0,1.0,2.0,3.0,2.0,0.0,3.0,27.845454545454547,70.80769230769232,0.13846153846153847,0.3727272727272728,45.8909090909091,13.991666666666667,3.0083333333333333,29.853846153846156,33.15833333333333,87.00833333333334,0.790909090909091,5.857142857142857,275.976923076923,13.333333333333336,4.981818181818182,8.209090909090909,3.9300000000000006,105.21333333333332,43.96363636363636,9.963636363636365,26.91818181818182,0.5615384615384615,21.936363636363637,9.24,26.90909090909091,100.45833333333333,0.8300000000000001,102.98181818181816,3.9749999999999996,139.44166666666663,7.081818181818181,6.045454545454546,1.7714285714285711,1.0,2.8000000000000003,4.62111753504791,4.81273684065895,0.05063696835418333,0.17939291563999452,6.324469075812538,2.61897215554407,1.1032664998525832,5.198976723775456,3.7589791489743916,6.070114321723099,0.34191971412758715,2.97598446173422,89.43734449179264,2.3070379802734586,0.9282436984091861,1.4466890097422773,0.8692908987598265,34.80638009385772,17.42671929694587,4.2005410906864675,6.6803919318881535,0.4292211192739347,6.168026058192803,1.3656093471007327,4.745409264848406,7.431561481990583,0.24517567397911058,16.16439409206656,0.8955699048904302,5.926590056429564,1.3422504846847194,1.0308866439755986,1.0447145885018412,0.0,2.0334699407662757,14.899999999999999,8.299999999999997,0.1,0.19999999999999996,-16.700000000000003,7.799999999999999,1.2000000000000002,2.700000000000003,2.8999999999999986,-18.0,-0.8,2.0999999999999996,-134.10000000000002,3.8999999999999986,2.6,-1.6000000000000014,0.9999999999999996,-64.4,-5.200000000000003,-8.0,2.5,-1.1,4.699999999999999,0.09999999999999964,8.400000000000002,5.5,0.20000000000000007,20.299999999999997,0.0,7.900000000000006,-0.5,2.8000000000000007,1.1,0.0,3.6999999999999997,409,35,49.0,6.999488100294319
868E700E-3C56-458F-A477-078D671DCB20,2,2008-12-27 02:32:08.560,2009-01-03 03:40:33.080,7,2008,12,5,토,단기(4-7일),Female,1978-09-21 15:29:44.770,African American,Married,Icelandic,5.94,47.4,40대,Low,B33.4,Hantavirus (cardio)-pulmonary syndrome [HPS] [HCPS],0.0,1.0,0.0,4.0,0.0,0.0,0.0,1.0,0.0,1.0,1.0,1.0,0.0,1.0,0.0,0.0,2.0,1.0,0.0,2.0,0.0,1.0,1.0,0.0,0.0,0.0,1.0,0.0,2.0,1.0,1.0,1.0,2.0,0.0,1.0,25.242857142857144,65.075,0.08571428571428573,0.21428571428571433,45.03333333333333,14.219999999999999,3.5799999999999996,32.25,33.983333333333334,79.91666666666667,0.6499999999999999,7.52857142857143,295.71666666666664,13.457142857142856,5.2625,6.32,4.2142857142857135,92.15000000000002,43.62,8.085714285714285,30.512500000000003,0.6375000000000002,11.725000000000001,9.559999999999999,24.966666666666665,107.98333333333333,0.7833333333333332,101.8,4.5,139.76666666666668,7.5249999999999995,5.783333333333332,1.5999999999999999,1.0,2.6571428571428575,4.174868118818105,4.49916658949188,0.08997354108424374,0.14638501094227999,4.354155103652907,2.680858071588274,1.0232301793829188,5.534166603925109,3.426611543006688,9.155854229216773,0.3507135583350036,2.2216467508841915,54.79694942847337,2.7639688510408007,1.1575065565997584,1.0825894882179488,1.1653734328940395,36.986308277523456,14.151219028762151,4.643069592208934,7.505319542069574,0.4138236339311713,5.424865589732769,0.7700649323271379,3.065072049180355,3.6361609792013714,0.19407902170679517,27.187987543521253,1.115048578911849,11.403098993986974,1.3997448747131433,0.7413950813612582,1.2909944487358056,0.0,1.6081636969508035,-7.900000000000002,-6.599999999999994,0.2,0.19999999999999998,-9.399999999999999,3.299999999999999,0.9000000000000004,4.5,3.6999999999999993,0.4000000000000057,0.29999999999999993,0.1999999999999993,116.60000000000002,4.999999999999998,1.2000000000000002,1.5,2.6,-73.89999999999999,-21.8,-2.5000000000000004,-10.800000000000004,-1.1,-3.1000000000000005,0.9000000000000004,-7.100000000000001,1.2999999999999972,-0.20000000000000007,18.10000000000001,1.9000000000000004,-4.900000000000006,-4.1,-1.2999999999999998,1.6,0.0,3.1999999999999997,220,35,26.0,6.290298083496546
56A35E74-90BE-44A0-B7BA-7743BB152133,1,1993-04-08 18:51:30.217,1993-04-16 12:24:50.617,7,1993,4,3,목,단기(4-7일),Female,1968-11-09 15:29:19.557,White,Married,English,8.81,57.2,50대,Low,C67.5,Malignant neoplasm of bladder neck,1.0,1.0,0.0,2.0,3.0,1.0,1.0,0.0,1.0,0.0,1.0,0.0,0.0,2.0,1.0,0.0,2.0,2.0,1.0,1.0,0.0,0.0,0.0,1.0,1.0,2.0,1.0,0.0,0.0,0.0,2.0,0.0,2.0,0.0,0.0,27.28,75.32,0.07500000000000001,0.3,43.14,13.466666666666667,2.5625,27.642857142857146,35.516666666666666,85.12,0.5333333333333333,5.9625,240.025,14.228571428571428,5.042857142857143,8.485714285714286,4.0285714285714285,99.8625,38.68333333333333,12.171428571428573,29.6,0.7166666666666667,18.1,10.1,29.76,101.60000000000001,0.7571428571428571,98.80000000000001,4.0,142.21666666666667,7.42,6.3,1.9999999999999996,1.0,3.042857142857143,7.736084280823212,2.388932816133598,0.05,0.18973665961010275,11.430573039003775,3.1398513765251166,1.4352077997876922,2.592204430503854,4.132513359526701,9.86265684285933,0.2581988897471611,2.8615367998931722,91.40318648712416,2.448614768744623,1.3339879345495629,2.120085353178476,1.1600492600378167,38.086215635431294,20.49960162214541,3.339518071875185,5.246586191674228,0.2639444385977221,7.447482796220479,1.7846568297574747,4.3408524508441895,7.172566785029911,0.19880595947760105,20.749819276321418,0.4320493798938572,8.915473440410592,2.171865557533431,0.9848857801796099,1.290348790056394,0.0,1.5883504471171161,-13.5,4.0,0.0,-0.1,-7.700000000000003,3.1000000000000014,-0.6000000000000001,-5.099999999999998,-8.399999999999999,-20.400000000000006,0.4,0.39999999999999947,4.699999999999989,-0.7999999999999989,2.5999999999999996,0.2999999999999998,2.2,-44.3,-16.799999999999997,4.700000000000001,-10.399999999999999,0.0,11.0,-0.09999999999999964,7.100000000000001,12.299999999999997,-0.10000000000000009,22.299999999999997,0.3999999999999999,19.599999999999994,4.5,1.3999999999999995,-2.6999999999999997,0.0,2.3000000000000003,204,35,29.0,7.6873269585889785
56A35E74-90BE-44A0-B7BA-7743BB152133,2,2003-09-25 03:25:19.470,2003-10-11 16:54:53.707,16,2003,9,3,목,장기(15-30일),Female,1968-11-09 15:29:19.557,White,Married,English,8.81,57.2,50대,Low,C76.51,Malignant neoplasm of right lower limb,1.0,0.0,0.0,5.0,0.0,3.0,1.0,2.0,3.0,0.0,0.0,3.0,0.0,3.0,0.0,2.0,4.0,0.0,3.0,2.0,1.0,0.0,2.0,3.0,1.0,2.0,0.0,1.0,3.0,0.0,3.0,2.0,1.0,0.0,1.0,22.22142857142857,69.825,0.12307692307692308,0.2785714285714286,41.43333333333334,14.319999999999999,2.5999999999999996,31.45714285714286,33.72666666666666,85.98571428571428,0.7545454545454546,5.483333333333333,284.2384615384616,13.330769230769231,5.533333333333333,7.6333333333333355,4.3166666666666655,95.03333333333335,43.73076923076924,8.285714285714285,24.55,0.7466666666666666,17.442857142857143,10.154545454545456,29.249999999999996,101.69999999999999,0.9099999999999998,102.52222222222223,4.343750000000001,140.20833333333334,8.374999999999998,5.8769230769230765,1.5785714285714287,1.0,3.8181818181818175,4.971020413963712,5.486698792203164,0.07250110520819843,0.17619295117556788,6.032236632284811,2.873325599370875,1.168332144554792,5.904849934355042,3.169827995934404,8.329083165248523,0.26215886925159093,2.9807971274730387,82.65805605486516,2.3145858576228475,0.8031189202104505,2.672191247011722,1.1621557815568704,27.931290154537606,20.393601309209078,3.710247170463724,7.951459883927871,0.33988793671416107,7.292959121457678,1.446626168962553,4.348960972285396,8.729738445871867,0.20789954839350244,22.178411675420868,1.0929890209878597,8.058813169255737,1.460463811757945,0.8186918896974676,0.9073872648167641,0.0,1.5065312355329257,2.0,11.5,-0.1,0.09999999999999998,14.399999999999999,-0.7000000000000011,2.2,9.599999999999998,5.4999999999999964,-11.900000000000006,-0.19999999999999996,-3.0,-184.29999999999998,0.5,0.6999999999999993,-2.8,-2.2,24.200000000000003,29.799999999999997,-7.0,-15.699999999999996,-0.09999999999999998,-4.0,-2.3999999999999986,-4.0,-1.7000000000000028,-0.40000000000000013,-12.599999999999994,2.4000000000000004,13.799999999999983,-1.5,0.39999999999999947,0.9000000000000001,0.0,-3.5,437,35,52.0,7.126088324902393
56A35E74-90BE-44A0-B7BA-7743BB152133,3,2010-12-31 21:08:31.323,2011-01-04 09:51:53.613,3,2010,12,4,금,초단기(~3일),Female,1968-11-09 15:29:19.557,White,Married,English,8.81,57.2,50대,Low,K50.1,Crohn's disease of large intestine,0.0,0.0,0.0,1.0,0.0,0.0,0.0,0.0,0.0,1.0,0.0,0.0,3.0,0.0,1.0,1.0,0.0,0.0,0.0,0.0,1.0,0.0,0.0,0.0,0.0,0.0,0.0,0.0,0.0,0.0,0.0,1.0,0.0,0.0,0.0,33.6,71.03333333333333,0.15000000000000002,0.4000000000000001,37.03333333333333,14.05,2.65,32.45,32.45,70.2,0.525,5.800000000000001,436.56666666666666,14.049999999999999,3.0,6.733333333333333,3.45,93.35,54.199999999999996,12.100000000000001,21.200000000000003,0.35000000000000003,13.049999999999999,9.6,29.433333333333334,104.15,1.0,72.2,3.4,141.075,7.166666666666667,5.599999999999999,1.4250000000000003,1.0,2.5500000000000003,,6.645549889462372,0.07071067811865477,0.19999999999999996,3.9878983604567106,2.899137802864846,0.4949747468305834,6.293250352560275,3.24704994315353,,0.4031128874149275,1.8330302779823366,9.818519915615262,2.111081871142535,,3.810949138119444,0.21213203435596428,0.9192388155425147,11.126095451684748,3.959797974644665,8.784076502399104,0.3109126351029605,8.273149339882604,1.2124355652982137,4.452340208624373,12.798632739476522,0.1414213562373096,,0.0,6.641975107852585,2.1221058723196005,0.7810249675906652,1.0563301251660548,0.0,2.616295090390226,0.0,3.3000000000000114,-0.1,0.39999999999999997,-6.100000000000001,-4.100000000000001,0.7000000000000002,-8.899999999999999,1.0,0.0,0.09999999999999998,-3.6000000000000005,19.100000000000023,-3.9000000000000004,0.0,-4.299999999999999,0.30000000000000027,1.2999999999999972,13.299999999999997,5.6,-16.800000000000004,-0.09999999999999998,11.7,-1.5,4.700000000000003,-18.10000000000001,0.20000000000000007,0.0,0.0,4.5,-0.5,0.09999999999999964,-0.9,0.0,-3.7,92,35,9.0,3.458813859686761
CC12B481-B516-455B-884F-4CA900B29F2E,1,2004-01-11 20:03:43.343,2004-01-23 05:28:39.113,11,2004,1,6,일,중기(8-14일),Female,1985-10-21 07:59:04.777,Unknown,Divorced,English,14.58,40.3,40대,Medium,M10.361,"Gout due to renal impairment, right knee",2.0,1.0,0.0,0.0,0.0,3.0,1.0,1.0,1.0,0.0,1.0,1.0,1.0,0.0,0.0,0.0,0.0,2.0,0.0,1.0,0.0,0.0,2.0,0.0,1.0,4.0,2.0,1.0,1.0,2.0,0.0,1.0,2.0,0.0,2.0,24.6625,68.71249999999999,0.07142857142857142,0.3714285714285714,39.675,13.719999999999999,2.844444444444444,31.285714285714285,32.65714285714286,81.88333333333333,0.3333333333333333,5.891666666666666,272.2916666666667,13.911111111111111,5.5888888888888895,7.7,4.85,72.52857142857144,45.809999999999995,9.872727272727273,31.299999999999994,0.5666666666666668,17.509090909090908,9.491666666666665,27.78333333333333,100.53636363636362,0.9111111111111112,109.03750000000001,4.3999999999999995,143.87499999999997,7.125,6.383333333333333,1.981818181818182,1.0,3.3000000000000003,6.748108200504367,5.13932666517984,0.0951189731211342,0.13801311186847084,6.663493292346204,3.10297348432829,1.393835635137005,4.846107913033088,2.605671469990761,6.534651227622382,0.19364916731037082,3.1221957114514876,102.96075561576701,2.2189211592823908,1.1039072022190592,2.365022903342235,0.995705062470093,34.450530440314665,14.714501539486669,4.012503186065005,8.363412381717565,0.35707142142714254,6.7685234055079615,0.9995074544570203,6.7862851890166445,9.247191219745885,0.2472066162365221,22.936803706831398,0.9570788891204319,10.238966186653242,0.8259194011178433,0.9600347215943116,1.0371289040598393,0.0,1.9183326093250879,-7.4,12.699999999999996,-0.2,0.2,-13.200000000000003,-0.3000000000000007,2.5,9.100000000000001,1.9000000000000021,12.200000000000003,0.4,1.2000000000000002,194.79999999999998,-1.1000000000000014,0.8999999999999995,-3.8,-0.5999999999999996,-33.900000000000006,-9.700000000000003,-4.700000000000001,15.100000000000001,0.6,-5.100000000000001,-1.4000000000000004,-2.8999999999999986,-1.3000000000000114,0.0,-16.0,-1.3999999999999995,5.399999999999977,-0.09999999999999964,-1.4000000000000004,0.40000000000000013,0.0,-0.1,301,35,33.0,7.858527259075756
CC12B481-B516-455B-884F-4CA900B29F2E,2,2006-12-11 02:54:25.237,2006-12-29 03:36:05.053,18,2006,12,0,월,장기(15-30일),Female,1985-10-21 07:59:04.777,Unknown,Divorced,English,14.58,40.3,40대,Medium,E87.4,Mixed disorder of acid-base balance,1.0,2.0,0.0,1.0,3.0,3.0,1.0,1.0,1.0,1.0,2.0,2.0,1.0,2.0,0.0,0.0,1.0,1.0,2.0,1.0,2.0,1.0,2.0,0.0,2.0,2.0,4.0,4.0,3.0,4.0,1.0,4.0,3.0,0.0,0.0,23.800000000000004,71.29285714285713,0.10666666666666666,0.35833333333333334,42.89090909090908,13.692307692307695,3.192857142857143,33.21333333333333,33.01666666666667,84.9846153846154,0.4090909090909091,4.830769230769231,274.62142857142857,12.192857142857145,5.018181818181818,6.630769230769231,4.1499999999999995,85.38,49.5076923076923,13.530769230769229,26.155555555555555,0.5733333333333335,17.807692307692307,9.833333333333334,26.164705882352937,105.35624999999999,0.8714285714285713,88.08666666666666,4.171428571428572,145.56428571428572,7.557142857142856,5.876470588235294,1.913333333333333,1.0,3.0599999999999996,5.160798984057232,5.255102177988443,0.07988086367179803,0.1378954368902449,8.711768425004713,2.4202140189321892,1.2319242519884743,4.367226427226631,3.0877568596381444,8.289938294286449,0.3360194799547951,3.062238999867204,89.04934827707291,2.2656173503091783,1.0067950951590716,2.268033147679804,1.132597800535467,27.623411970444366,19.157916620310495,3.170011728523155,8.679876810065249,0.3411465262624733,6.293179050694694,1.017423960378128,4.629516872265211,7.838194413681426,0.2367360472001593,24.7772322525184,0.8861572802131261,9.098487375793445,1.2768436358182902,0.939766867210098,1.2356991466179705,0.0,1.1836988033882845,8.200000000000003,-1.7999999999999972,0.1,-0.2,5.700000000000003,-2.6999999999999993,1.5,1.8000000000000043,-4.699999999999996,14.299999999999997,0.1,-1.1,74.89999999999998,-2.5999999999999996,0.20000000000000018,0.0,-2.1999999999999997,28.099999999999994,-34.900000000000006,1.700000000000001,-9.0,-0.8,-3.8999999999999986,-1.0,8.899999999999999,-1.8999999999999915,-0.19999999999999996,-7.199999999999989,1.2999999999999998,17.39999999999999,-3.5,0.5999999999999996,-2.5,0.0,-0.20000000000000018,479,35,58.0,7.321384435761364
CC12B481-B516-455B-884F-4CA900B29F2E,3,2012-04-24 21:33:37.117,2012-04-29 16:21:19.187,4,2012,4,1,화,단기(4-7일),Female,1985-10-21 07:59:04.777,Unknown,Divorced,English,14.58,40.3,40대,Medium,D89.810,Acute graft-versus-host disease,2.0,0.0,0.0,1.0,1.0,1.0,0.0,0.0,1.0,0.0,1.0,0.0,0.0,0.0,2.0,1.0,1.0,0.0,2.0,1.0,0.0,0.0,0.0,0.0,0.0,0.0,0.0,1.0,1.0,0.0,1.0,0.0,1.0,0.0,0.0,26.5,73.475,0.15,0.43999999999999995,52.166666666666664,16.7,2.3,28.46666666666667,35.199999999999996,88.30000000000001,0.6,5.733333333333334,219.29999999999998,11.933333333333332,5.3,7.166666666666667,4.525,95.88,24.200000000000003,12.399999999999999,29.366666666666664,0.5800000000000001,20.1,9.575,27.2,103.75,0.9500000000000001,88.85000000000001,4.3,143.23333333333332,8.0,5.95,2.0,1.0,4.3,10.188719252192593,1.2419742348374234,0.05773502691896259,0.11401754250991378,2.302896726588782,1.8520259177452134,1.3856406460551016,4.643633634701747,3.819685850956855,2.7404379212089522,0.42426406871192857,3.2083225108042575,71.51153753066706,1.1015141094572196,1.7869900204906948,3.347138081007913,1.0719919153924002,34.565257123302295,7.530272239434642,4.5563142999578075,3.9272551907577053,0.3834057902536163,6.413657302974646,0.8920949127381762,5.57494394590654,4.171930009000635,0.21213203435596428,26.187719768369803,0.7874007874011814,4.969238707622477,1.7277152543170995,0.5196152422706634,1.193733638631332,0.0,0.5656854249492383,19.4,-2.5,-0.1,-0.10000000000000003,3.1000000000000014,-2.0,0.0,-9.200000000000003,1.6999999999999957,-4.1000000000000085,-0.30000000000000004,-2.8000000000000007,111.10000000000002,1.799999999999999,2.0,-6.4,-0.8999999999999995,-16.099999999999994,-9.000000000000004,6.6,3.1000000000000014,-0.7000000000000001,-2.5,-0.3000000000000007,3.0,5.900000000000006,0.30000000000000004,-24.6,-0.20000000000000018,8.800000000000011,-1.5,-0.40000000000000036,-1.7,0.0,0.8000000000000003,131,35,18.0,6.142197047499738
714823AF-C52C-414C-B53B-C43EACD194C3,1,1970-08-04 06:53:42.187,1970-08-08 11:37:59.357,4,1970,8,1,화,단기(4-7일),Male,1952-05-08 23:51:50.127,White,Married,English,13.23,73.7,70세~,Medium,K08.121,"Complete loss of teeth due to periodontal diseases, class I",0.0,1.0,0.0,0.0,1.0,0.0,0.0,0.0,0.0,0.0,0.0,1.0,1.0,1.0,2.0,0.0,0.0,0.0,1.0,0.0,1.0,0.0,0.0,1.0,0.0,0.0,1.0,0.0,0.0,1.0,1.0,0.0,1.0,0.0,1.0,25.174999999999997,70.1,0.13999999999999999,0.35,44.5,14.950000000000001,2.9,35.925000000000004,36.425,85.75,0.6000000000000001,6.7749999999999995,237.45,13.175,4.4,6.449999999999999,4.45,93.47999999999999,62.925000000000004,12.120000000000001,29.419999999999998,0.6599999999999999,8.525,10.433333333333334,28.85,105.53333333333335,0.8499999999999999,86.97999999999999,4.566666666666666,151.3,5.75,6.0,1.56,1.0,1.86,6.804104153621791,7.432810146012519,0.05477225575051661,0.21213203435596428,10.826202781523477,2.4186773244895647,1.5620499351813306,3.8143369891328014,3.2755406678389227,3.624453981866323,0.37416573867739417,2.981470554385313,124.47054537787912,2.4540782383616047,1.4832396974191326,1.4341083176199303,0.7549834435270749,39.144693126910575,12.672641134875295,4.081298812878076,13.696970467953852,0.2880972058177587,1.6700798384109266,1.096965511460288,5.808327355329302,4.118656738954262,0.23804761428476165,19.617517681908687,0.8144527815247079,3.111269837220823,0.7778174593052021,0.5477225575051661,0.9813256340277675,0.0,1.2739701723352868,-6.399999999999999,-0.9000000000000057,0.1,0.3,19.9,-3.200000000000001,-2.8,-6.699999999999999,5.899999999999999,-1.7999999999999972,-0.09999999999999998,1.1000000000000005,149.0,-1.5,-0.6999999999999997,1.5999999999999996,0.39999999999999947,35.099999999999994,5.800000000000011,-8.299999999999999,-24.299999999999997,-0.7,0.6000000000000005,0.0,6.100000000000001,-6.700000000000003,-0.3999999999999999,-46.10000000000001,1.5,-4.400000000000006,-1.0999999999999996,-1.2999999999999998,-0.9000000000000001,0.0,2.9000000000000004,140,35,15.0,8.111929301952731
714823AF-C52C-414C-B53B-C43EACD194C3,2,1992-08-31 17:52:29.337,1992-09-11 18:47:37.603,11,1992,8,0,월,중기(8-14일),Male,1952-05-08 23:51:50.127,White,Married,English,13.23,73.7,70세~,Medium,O26.63,Liver and biliary tract disorders in the puerperium,1.0,2.0,0.0,0.0,0.0,3.0,0.0,0.0,2.0,0.0,2.0,0.0,1.0,1.0,2.0,1.0,0.0,2.0,0.0,1.0,0.0,0.0,2.0,4.0,1.0,0.0,2.0,1.0,2.0,2.0,1.0,2.0,1.0,0.0,2.0,26.99,66.79999999999998,0.13,0.3666666666666667,42.199999999999996,13.666666666666666,2.9,30.01666666666667,35.42857142857143,85.26249999999999,0.58,5.285714285714286,351.7666666666667,12.0,5.322222222222222,5.7555555555555555,4.562499999999999,104.02000000000001,45.1875,11.930000000000001,26.185714285714287,0.7000000000000001,14.4625,9.518181818181818,25.439999999999998,100.26666666666667,0.925,99.29090909090907,4.490909090909091,142.8,7.449999999999999,6.1625000000000005,1.95,1.0,2.69,5.29831210019862,5.652924513520021,0.08232726023485645,0.1414213562373095,6.274551776820398,3.091116303214746,1.2124355652982142,4.667083314733806,3.85214844197983,8.002845476096965,0.33266599866332397,1.9099987534276657,90.97937495205527,2.6711420778386157,1.0256434294843622,2.478462785231559,0.9085899593797602,32.12727467087393,11.317172476247894,3.8930279560602528,7.129148750360166,0.21602468994692872,6.78821194635019,1.8230842996516545,4.628942763862079,4.287481778386937,0.3201562118716424,20.528587605846365,0.9342960402940231,9.473383767165771,1.7784423361068367,0.8911268949241417,1.0392304845413263,0.0,1.9913423724825536,-2.6999999999999993,-1.5,-0.1,-0.09999999999999998,1.8999999999999986,-1.1999999999999993,-1.9,-8.7,-7.300000000000004,9.600000000000009,0.4,-1.6000000000000005,-93.80000000000001,-0.1999999999999993,0.5999999999999996,1.2999999999999998,0.0,-39.39999999999999,10.899999999999999,9.700000000000001,9.5,0.09999999999999998,12.0,-4.6000000000000005,-7.699999999999999,7.700000000000003,0.0,-12.299999999999997,-1.7999999999999998,5.799999999999983,-3.4000000000000004,-1.3999999999999995,-1.4,0.0,-0.6000000000000001,295,35,38.0,7.078513688839657
714823AF-C52C-414C-B53B-C43EACD194C3,3,2011-06-05 17:23:27.803,2011-06-14 14:38:37.950,8,2011,6,6,일,중기(8-14일),Male,1952-05-08 23:51:50.127,White,Married,English,13.23,73.7,70세~,Medium,O9A.513,"Psychological abuse complicating pregnancy, third trimester",1.0,2.0,0.0,3.0,0.0,0.0,1.0,1.0,1.0,1.0,1.0,0.0,0.0,1.0,0.0,2.0,0.0,1.0,1.0,3.0,0.0,1.0,3.0,0.0,1.0,0.0,3.0,3.0,2.0,3.0,0.0,2.0,1.0,0.0,0.0,28.433333333333337,68.39999999999999,0.14285714285714285,0.34,45.92,15.744444444444447,2.96,31.377777777777776,32.471428571428575,79.775,0.5888888888888889,6.5200000000000005,295.4888888888889,13.457142857142857,4.675,8.157142857142857,3.8999999999999995,90.91111111111113,44.25714285714286,11.1625,28.057142857142853,0.6125,12.450000000000001,9.62857142857143,30.099999999999998,102.58333333333333,0.6571428571428571,97.5,4.3875,139.8857142857143,7.683333333333334,6.585714285714286,1.6874999999999998,1.0,3.7499999999999996,6.497589296551966,8.54458893101359,0.07867957924694433,0.23021728866442676,5.656147098511496,2.268871476698885,1.5533834040570926,4.849684984042206,3.3653698586803626,7.0158494038243715,0.35512126254437526,3.014465126684998,71.96475603454172,2.1755130757725043,0.09574271077563405,3.3260873624812004,0.568205194324324,37.82814575301188,19.877529788084598,5.2230088482187575,8.580376282125226,0.39798600118956085,7.600197365858336,0.8635475005547092,5.441200847852122,5.5736582839878785,0.21491969707422398,31.21511386064983,1.030169888901826,12.362635718355605,0.7467708260682566,0.6718843437888484,0.9295736349838795,0.0,1.3416407864998736,3.0000000000000036,17.799999999999997,-0.2,-0.4,0.0,2.5,0.19999999999999973,-8.900000000000002,0.3000000000000007,-17.39999999999999,0.19999999999999996,-0.9000000000000004,-33.39999999999998,4.9,0.10000000000000053,-5.3999999999999995,-1.6999999999999997,-80.9,-39.800000000000004,-7.5,23.4,0.7,-16.1,-0.3000000000000007,-13.000000000000004,-6.900000000000006,-0.09999999999999998,11.899999999999999,-1.5,9.400000000000006,1.7999999999999998,-0.20000000000000018,-1.8,0.0,-3.4,246,35,38.0,7.470246614732042
3231F930-2978-4F50-8234-755449851E7B,1,2000-07-09 20:04:33.343,2000-07-14 13:14:03.380,4,2000,7,6,일,단기(4-7일),Male,1979-05-26 04:58:10.627,White,Single,English,18.36,46.7,40대,Medium,E30,"Disorders of puberty, not elsewhere classified",0.0,0.0,0.0,1.0,0.0,0.0,0.0,1.0,0.0,1.0,0.0,0.0,0.0,1.0,0.0,0.0,0.0,0.0,0.0,1.0,,0.0,0.0,0.0,0.0,0.0,0.0,1.0,0.0,0.0,1.0,0.0,0.0,0.0,0.0,23.266666666666666,70.93333333333334,0.06666666666666667,0.325,47.46,12.8,1.9666666666666668,25.03333333333333,35.14,78.38,0.3666666666666667,8.133333333333335,315.6333333333334,11.875,5.2,6.566666666666666,4.225,119.79999999999998,53.2,9.766666666666667,,0.74,20.75,9.475,28.599999999999998,101.16,0.85,91.36,4.800000000000001,142.825,8.633333333333333,6.55,2.4999999999999996,1.0,2.6,8.078572481158618,5.687119950672164,0.05773502691896258,0.17078251276599332,5.359384292994861,1.798147194568157,0.9073771725877466,2.65015722804013,1.5915401345866207,5.923850099386381,0.11547005383792516,2.1548395145191988,111.62622153120357,3.1637267054324814,1.278019300845387,2.3072349974229613,0.5251983752196243,27.972605646715625,12.069520841082852,7.127645707618564,,0.3781534080237808,2.6751946969644416,1.062622541953006,2.71416039810964,7.134984232638499,0.23804761428476168,27.49887270416734,0.5597618541248887,2.045116133621757,1.2662279942148378,0.636396103067893,0.26457513110645925,0.0,1.5280706789936123,-15.0,7.700000000000003,0.1,-0.10000000000000003,6.800000000000004,2.799999999999999,-0.6999999999999997,-5.100000000000001,2.3000000000000043,-1.9000000000000057,0.0,-4.1000000000000005,-38.80000000000001,-2.3000000000000007,1.9000000000000004,0.6999999999999993,-1.1,63.80000000000001,5.099999999999994,10.5,,0.09999999999999998,-4.399999999999999,1.200000000000001,6.100000000000001,12.200000000000003,-0.10000000000000009,12.899999999999991,0.5,2.5999999999999943,-2.5,0.9000000000000004,0.5,0.0,1.6999999999999997,128,34,7.0,7.310803889966139
3231F930-2978-4F50-8234-755449851E7B,2,2004-01-23 20:25:40.860,2004-02-09 00:29:25.150,16,2004,1,4,금,장기(15-30일),Male,1979-05-26 04:58:10.627,White,Single,English,18.36,46.7,40대,Medium,Z49,Encounter for care involving renal dialysis,0.0,2.0,0.0,6.0,2.0,1.0,3.0,1.0,0.0,2.0,1.0,2.0,1.0,1.0,1.0,0.0,0.0,2.0,3.0,2.0,0.0,2.0,3.0,3.0,0.0,2.0,3.0,2.0,1.0,0.0,2.0,1.0,1.0,0.0,3.0,26.94545454545455,70.6,0.0923076923076923,0.32499999999999996,41.07857142857143,14.700000000000001,2.758333333333333,31.946153846153848,34.338461538461544,85.39166666666667,0.7000000000000001,6.315384615384616,296.2142857142857,11.345454545454544,5.558333333333334,8.154545454545454,4.121428571428571,96.39230769230768,44.623529411764714,9.776923076923078,23.22222222222222,0.7909090909090909,18.646153846153847,8.885714285714284,29.369230769230764,103.03846153846156,0.8866666666666666,102.02499999999999,4.6000000000000005,137.14285714285714,7.5,6.278571428571428,1.8153846153846152,1.0,2.8000000000000003,5.56998449483724,5.963220606350232,0.075955452531275,0.17701224063135673,6.928778177497603,2.321803012912428,1.5370919019861873,4.686437058970525,2.863138854922008,10.418293206343028,0.37621597725038414,3.1751236600186545,75.48026596038562,1.4410854494884306,1.004044849897683,2.4740103622918137,0.8789666760363659,26.867187594364417,18.20733126421074,4.593682953461533,7.643261374861155,0.3207944683268259,8.426408426747363,1.6510402980951329,5.341408150070638,7.887494158638988,0.2030716505032035,24.670856011975676,0.8256310717667222,6.600199797175639,1.6639978632464913,0.6040613461314254,0.9432622062521056,0.0,1.9725387425622571,14.5,-9.899999999999991,0.0,0.3,-19.1,-1.6999999999999993,2.4,6.5,-1.2999999999999972,15.299999999999997,0.8,5.3,-57.30000000000001,1.799999999999999,1.4000000000000004,-0.3000000000000007,1.5000000000000004,13.899999999999991,33.6,-9.100000000000001,-0.6999999999999993,-0.29999999999999993,-9.5,-0.9999999999999991,1.3999999999999986,7.700000000000003,-0.4,-58.300000000000004,0.0,-8.0,1.0999999999999996,-0.2999999999999998,-0.5999999999999999,0.0,2.3,448,35,53.0,6.965533009164033
3231F930-2978-4F50-8234-755449851E7B,3,2006-05-23 03:49:40.170,2006-06-11 19:46:35.217,19,2006,5,1,화,장기(15-30일),Male,1979-05-26 04:58:10.627,White,Single,English,18.36,46.7,40대,Medium,F18.17,Inhalant abuse with inhalant-induced dementia,2.0,2.0,0.0,5.0,2.0,0.0,2.0,3.0,3.0,1.0,1.0,0.0,3.0,2.0,2.0,1.0,3.0,4.0,1.0,1.0,3.0,0.0,2.0,2.0,0.0,2.0,1.0,1.0,3.0,2.0,2.0,1.0,3.0,0.0,2.0,23.46111111111111,70.41875,0.10588235294117646,0.3733333333333333,43.3235294117647,14.349999999999998,2.221428571428572,31.400000000000006,33.69411764705882,85.25294117647059,0.5923076923076924,5.58,305.0928571428571,13.71875,4.606666666666666,7.394444444444444,3.8,91.96666666666665,43.239999999999995,9.23125,25.286666666666672,0.5857142857142857,19.492857142857144,9.564705882352943,25.518749999999997,103.88666666666667,0.8250000000000001,108.87857142857145,4.45,140.10000000000002,7.313333333333333,6.06,1.7000000000000002,1.0,3.3357142857142854,5.699653125553692,5.25245577484158,0.08993461677306268,0.1751190071541826,9.356116275715362,2.8185102447924506,1.1348863524454917,5.2483330686990515,3.69500855686345,7.278746255971805,0.31480559731771623,2.6764048380510106,91.7326505439812,2.1298571939608224,1.3030002010013368,2.1142297226795006,1.0061350268764588,39.235443160489474,15.307458499512116,4.76035275303557,9.294304451549628,0.3416186422069158,7.115904643901499,1.6278594750740112,4.55868676265435,6.716490013037919,0.19128750375000744,19.872252730161936,1.0021131519098876,9.406247923587808,1.4894230266720574,0.8253137931374087,1.1291589790636214,0.0,1.7460316072816018,-0.3999999999999986,10.0,-0.1,-0.19999999999999996,18.799999999999997,3.0,-2.2,1.6999999999999957,0.5999999999999979,14.600000000000009,0.40000000000000013,-5.799999999999999,7.099999999999966,-2.5,1.2999999999999998,0.39999999999999947,-0.3999999999999999,5.0,10.399999999999999,2.9999999999999982,-7.099999999999998,0.0,9.6,4.1,-2.200000000000003,1.5999999999999943,0.0,4.800000000000011,0.7999999999999998,13.5,1.3999999999999995,-1.7000000000000002,-1.9,0.0,3.0,544,35,62.0,7.618451243420115
3231F930-2978-4F50-8234-755449851E7B,4,2007-05-23 02:25:04.377,2007-05-30 23:04:12.863,7,2007,5,2,수,단기(4-7일),Male,1979-05-26 04:58:10.627,White,Single,English,18.36,46.7,40대,Medium,J84.842,Pulmonary interstitial glycogenosis,2.0,0.0,0.0,3.0,0.0,0.0,1.0,2.0,1.0,0.0,1.0,1.0,1.0,1.0,0.0,0.0,0.0,2.0,0.0,0.0,1.0,1.0,1.0,1.0,1.0,1.0,0.0,0.0,2.0,0.0,0.0,2.0,2.0,0.0,0.0,27.03333333333333,68.61428571428571,0.16,0.4,45.54999999999999,14.049999999999999,2.8200000000000003,29.400000000000002,34.24999999999999,88.58333333333333,0.65,8.625,274.0875,12.175,5.083333333333334,8.84,4.583333333333333,109.5,39.86666666666667,9.78,28.4375,0.6428571428571427,16.62,9.985714285714286,28.600000000000005,103.24999999999999,0.8750000000000001,113.46666666666665,4.58,142.8,7.533333333333334,6.171428571428572,1.7833333333333332,1.0,2.4666666666666663,10.038094108611123,3.226157968558762,0.08944271909999159,0.21213203435596423,5.573060200643807,2.5169425897306437,1.454991408909345,6.180614856144977,2.9548265600539048,8.780983240313505,0.4795831523312719,1.9172462891692696,81.36267023114995,2.2588713996153027,0.99079092984679,2.219909908081857,0.8447879418331367,38.04402712647545,12.93053234274083,2.9012066455183776,8.429190352578356,0.31014589500826245,7.864286363046554,1.2588732679511088,6.402343321003646,7.055706910012634,0.26299556396765844,17.61052715470683,1.2537942414925982,5.721013896155131,0.8144527815247079,1.1071198154284323,1.403448134655024,0.0,1.267543556122103,-18.799999999999997,-9.799999999999997,0.0,0.30000000000000004,5.899999999999999,0.5999999999999996,0.8999999999999999,-1.8000000000000007,2.3000000000000043,9.799999999999997,-0.09999999999999998,-0.5,-142.0,2.8999999999999986,-2.5999999999999996,1.4000000000000004,-0.6000000000000001,40.5,-5.199999999999996,-4.1,24.500000000000004,-0.6,-7.1,-1.6999999999999993,-12.799999999999997,1.7000000000000028,0.0,-0.4000000000000057,0.6000000000000001,5.299999999999983,0.1999999999999993,-1.7000000000000002,3.0,0.0,-2.1999999999999997,197,35,27.0,7.0210946544810655
3231F930-2978-4F50-8234-755449851E7B,5,2009-07-16 00:40:38.197,2009-08-04 12:13:10.353,19,2009,7,3,목,장기(15-30일),Male,1979-05-26 04:58:10.627,White,Single,English,18.36,46.7,40대,Medium,F94.1,Reactive attachment disorder of childhood,0.0,0.0,0.0,7.0,2.0,2.0,1.0,3.0,2.0,2.0,3.0,3.0,3.0,2.0,2.0,1.0,0.0,1.0,1.0,4.0,4.0,1.0,1.0,1.0,3.0,2.0,2.0,4.0,4.0,1.0,0.0,1.0,2.0,0.0,2.0,23.263636363636362,70.27692307692307,0.10714285714285714,0.3666666666666666,41.73333333333334,14.573684210526315,3.307142857142857,31.061538461538458,33.53571428571429,85.6375,0.5470588235294117,6.713333333333333,292.06249999999994,13.194444444444445,4.946666666666666,7.843749999999999,3.9642857142857144,86.76666666666667,48.464285714285715,8.28125,32.95333333333333,0.5272727272727272,16.935714285714287,9.6875,27.863157894736833,103.61333333333332,0.7857142857142857,107.35882352941177,4.383333333333335,139.62307692307692,7.800000000000001,6.071428571428572,1.4416666666666667,1.0,2.3142857142857145,4.136247750624406,4.765353055502783,0.07300459115473719,0.19097274212644616,6.108269180459581,2.28420715767666,1.0476818995464998,5.474720458851217,3.4859293304229935,9.726978315122178,0.36248732229352437,3.5052749365709364,89.86770925458524,2.11589842473377,1.265964717781134,2.7727167784202793,0.8517919056609137,21.777358272603532,17.179755847770682,3.9875169801101378,7.857377485674273,0.35802488486391304,5.816238163420268,1.3927789965868003,5.531446518298386,6.865323493227882,0.21432234119210705,25.8614592304729,0.9865268846400725,8.712170973811475,1.1127361853475501,0.6932959978676791,0.911999136097411,0.0,1.6004120348581115,8.0,-0.9000000000000057,-0.2,0.5,-4.399999999999999,-1.9000000000000004,-1.2999999999999998,1.7000000000000028,6.0000000000000036,10.0,-0.7,4.2,50.80000000000001,6.1,3.0999999999999996,3.3,1.3000000000000007,51.400000000000006,-25.799999999999997,2.1999999999999997,15.100000000000001,-0.3,0.8000000000000007,-0.40000000000000036,5.799999999999997,-10.0,-0.6,-1.7999999999999972,-1.8000000000000003,21.900000000000006,-1.1999999999999993,-0.2999999999999998,-1.0,0.0,-0.9000000000000001,515,35,67.0,7.1112557499536155
C2CCB1AB-6633-4CB3-B4E8-157E6FB02376,1,1988-02-26 07:12:10.023,1988-03-07 06:17:20.400,9,1988,2,4,금,중기(8-14일),Female,1964-05-07 10:20:37.740,White,Single,Spanish,15.98,61.7,60대,Medium,G71,Primary disorders of muscles,0.0,0.0,0.0,1.0,0.0,0.0,0.0,1.0,3.0,1.0,1.0,2.0,2.0,2.0,0.0,1.0,1.0,1.0,2.0,1.0,3.0,1.0,1.0,0.0,2.0,1.0,3.0,1.0,1.0,1.0,2.0,1.0,0.0,0.0,2.0,25.614285714285717,73.02857142857142,0.075,0.3285714285714286,40.699999999999996,13.549999999999999,3.5249999999999995,29.400000000000002,35.425,82.38571428571429,0.5857142857142857,8.042857142857143,301.5571428571428,13.0375,4.5200000000000005,6.7875,4.442857142857143,90.13333333333334,45.65714285714285,10.87,28.466666666666658,0.3833333333333333,18.1625,8.9375,21.04,99.39999999999999,0.9249999999999999,119.1,5.011111111111111,136.86249999999998,8.1,6.0625,2.042857142857143,1.0,2.571428571428572,2.250502589370185,4.028942907560359,0.07071067811865477,0.1496026483086191,8.21137422522361,2.578953276040495,0.9939100275463283,3.6619666847201118,4.2934335244150965,8.981727482585322,0.42594432902501644,3.090230381302308,98.76426238174172,2.723934916361151,0.8899438184514796,2.5864689111936814,0.9162553189607195,33.761590602339815,19.864613188855632,3.3018681580785945,10.303276177993094,0.30605010483034745,7.183102692132019,1.0514445845053904,2.520515820224106,5.489990892524318,0.2659215781283755,13.437899495722643,0.9505846154399468,9.866528916348592,1.5599145275730122,0.8087689057185267,0.7807200583588266,0.0,1.958497966737338,1.0,-5.599999999999994,0.0,0.0,-6.800000000000004,-3.3000000000000007,-0.8999999999999999,-2.0,3.900000000000002,-1.8000000000000114,0.0,1.5,-110.19999999999999,-0.5999999999999996,1.0000000000000004,-6.7,-1.2000000000000002,75.00000000000001,23.599999999999998,-3.5999999999999996,-6.799999999999997,-0.5,-11.7,-0.2999999999999998,2.6999999999999993,-0.7999999999999972,0.20000000000000007,4.699999999999989,0.0,-21.10000000000001,1.9000000000000004,-0.20000000000000018,-1.0,0.0,-5.800000000000001,259,35,38.0,7.37227006818387
C2CCB1AB-6633-4CB3-B4E8-157E6FB02376,2,2008-06-20 16:18:54.877,2008-06-23 18:31:59.190,3,2008,6,4,금,초단기(~3일),Female,1964-05-07 10:20:37.740,White,Single,Spanish,15.98,61.7,60대,Medium,O46.023,"Antepartum hemorrhage with disseminated intravascular coagulation, third trimester",0.0,0.0,0.0,0.0,0.0,0.0,0.0,0.0,1.0,1.0,0.0,0.0,1.0,1.0,1.0,0.0,0.0,2.0,0.0,0.0,0.0,1.0,1.0,0.0,1.0,0.0,1.0,0.0,0.0,0.0,0.0,0.0,1.0,0.0,1.0,23.85,66.5,0.10000000000000002,0.43333333333333335,41.300000000000004,12.600000000000001,1.475,28.2,32.13333333333333,93.3,0.475,7.85,375.65,15.200000000000001,4.166666666666667,8.95,4.033333333333334,66.66666666666667,36.333333333333336,10.1,26.53333333333333,0.42500000000000004,26.95,8.850000000000001,25.425,105.26666666666665,0.75,115.86666666666667,3.8,137.70000000000002,6.9,5.800000000000001,1.1333333333333333,1.0,2.125,2.3359509127262634,3.8974350539810154,0.0,0.05773502691896256,5.402777063696038,1.9974984355438188,0.8381527307120106,3.5355339059327378,4.05010287935175,8.5246700815926,0.3095695936834452,0.21213203435596445,100.05560953789647,1.9798989873223336,0.9237604307034011,0.21213203435596287,1.1846237095944576,37.962393672334905,12.592590413943167,4.107716316073121,6.2010751755911935,0.4349329450233297,3.6062445840513933,0.07071067811865513,5.4451048352319775,3.323151115031232,0.20816659994661327,10.616182615862128,,11.048981853546506,,1.2727922061357857,1.2662279942148384,0.0,1.598697386415995,-5.5,7.599999999999994,0.0,-0.09999999999999998,5.100000000000001,-2.700000000000001,1.5000000000000002,5.0,-7.900000000000002,-13.900000000000006,-0.09999999999999998,0.2999999999999998,141.5,2.8000000000000007,1.6,-0.29999999999999893,-0.10000000000000009,0.7000000000000028,8.599999999999998,9.3,-2.0,-0.1,-5.100000000000001,-0.09999999999999964,-2.8000000000000007,5.599999999999994,0.19999999999999996,-8.5,0.0,21.19999999999999,0.0,-1.7999999999999998,2.5,0.0,2.2,101,35,13.0,7.129471236663274
1311FEE4-2FDC-46E4-83D3-1550A3E51D2C,1,2007-10-03 21:18:19.710,2007-10-12 21:39:15.177,9,2007,10,2,수,중기(8-14일),Female,1988-03-28 03:09:22.807,White,Single,English,14.99,37.8,30대,Medium,C18.3,Malignant neoplasm of hepatic flexure,3.0,2.0,0.0,1.0,3.0,1.0,1.0,1.0,0.0,1.0,0.0,2.0,0.0,2.0,2.0,0.0,2.0,1.0,0.0,0.0,1.0,0.0,2.0,2.0,1.0,1.0,1.0,1.0,0.0,0.0,1.0,0.0,1.0,0.0,1.0,26.125,70.13333333333333,0.1142857142857143,0.35714285714285715,39.824999999999996,13.950000000000003,2.6999999999999997,31.574999999999996,32.44285714285714,87.27142857142859,0.7166666666666668,6.762499999999999,296.2,13.7,5.237500000000001,5.262499999999999,4.375,95.64999999999999,54.2125,11.666666666666666,25.02857142857142,0.6599999999999999,22.157142857142855,9.41,29.037500000000005,103.3,0.8428571428571429,87.54285714285713,5.214285714285714,140.94444444444446,7.13,5.875,2.0,1.0,2.93,7.924960567725243,5.575392362874562,0.06900655593423544,0.1618347187425374,9.444234824937986,2.5513612924171376,1.4008925726121904,5.098108893081266,3.282710842610186,10.302380677253566,0.3250640962435973,2.9514826782483414,54.14773442035358,2.6218859079459795,1.276084972540174,1.2431957666778446,1.3400870618483463,24.92795619379976,13.643045062280951,3.5440090293338704,9.711456170543167,0.33615472627943227,5.9634601652779695,1.5487988177222305,5.939922438166056,7.58268704729022,0.22253945610567472,15.36976004397999,0.41403933560541234,8.79262632992997,1.2970479302374809,0.7592289321598403,1.093617849159385,0.0,1.6680327734590028,-1.3000000000000007,-8.5,0.0,-0.3,-8.600000000000001,1.0,-3.0000000000000004,2.0,0.20000000000000284,-20.60000000000001,-0.8,3.200000000000001,-163.8,-3.3999999999999986,-0.9000000000000004,-2.8999999999999995,1.3999999999999995,13.5,-10.100000000000001,-9.399999999999999,16.6,-0.10000000000000003,-2.299999999999999,-3.4000000000000004,-12.800000000000004,8.5,0.6,-36.2,-0.09999999999999964,20.0,3.499999999999999,-0.20000000000000018,-1.6,0.0,1.7000000000000002,269,35,34.0,6.072308586096491
1311FEE4-2FDC-46E4-83D3-1550A3E51D2C,2,2010-07-22 15:27:29.767,2010-08-06 05:59:30.037,14,2010,7,3,목,중기(8-14일),Female,1988-03-28 03:09:22.807,White,Single,English,14.99,37.8,30대,Medium,C79.51,Secondary malignant neoplasm of bone,1.0,2.0,0.0,5.0,3.0,3.0,1.0,2.0,2.0,2.0,0.0,0.0,1.0,2.0,0.0,0.0,4.0,1.0,0.0,2.0,1.0,0.0,0.0,2.0,0.0,1.0,2.0,4.0,1.0,1.0,3.0,1.0,4.0,0.0,1.0,24.507692307692306,70.61666666666666,0.0923076923076923,0.275,44.454545454545446,13.98,3.607142857142857,34.89999999999999,32.42727272727273,86.33571428571429,0.7363636363636364,7.328571428571428,290.4909090909091,13.381818181818183,5.1571428571428575,6.891666666666666,4.307142857142857,87.5,49.307692307692314,12.227272727272727,29.376923076923074,0.6333333333333334,17.30769230769231,9.223076923076924,24.861538461538466,102.71428571428571,0.76,102.88461538461539,4.593333333333333,137.1714285714286,7.684615384615384,5.966666666666668,1.981818181818182,1.0,3.238461538461538,6.083921643488069,5.733447849455355,0.06405126152203486,0.1602554778527654,7.822194530483582,2.874071278567341,1.159220086433637,3.583294573433781,3.2600892346961627,10.034602222222949,0.2802596198981483,2.878949747451603,97.64629490713362,2.765074386637069,1.0210961573903616,2.616888622124767,1.1498924937805044,29.94294574687,15.874794567618903,3.90873148453329,9.105598446940382,0.44175956713071335,4.9319471371966825,1.446348186614509,4.371982475860439,6.733938971058026,0.22211108331943577,25.935009997872445,0.6463818715043946,7.812064493355877,1.3831402398444357,0.8238858408710995,1.2528512935046856,0.0,1.7032021124627093,3.0,4.3999999999999915,0.1,-0.30000000000000004,0.3999999999999986,3.6999999999999993,-1.0,-6.5,3.6000000000000014,-4.700000000000003,-0.20000000000000007,1.6999999999999993,274.20000000000005,4.199999999999999,1.5,3.7,1.0,-28.700000000000003,-16.89999999999999,-7.799999999999999,6.700000000000003,-0.9000000000000001,0.3000000000000007,2.0999999999999996,1.0,15.099999999999994,0.0,-9.099999999999994,-0.5,-16.700000000000003,-0.40000000000000036,-0.09999999999999964,-0.1,0.0,-0.5999999999999996,439,35,52.0,7.590579931689422
21792512-2D40-4326-BEA2-A40127EB24FF,1,1960-10-15 20:58:29.703,1960-10-28 23:12:33.417,13,1960,10,5,토,중기(8-14일),Male,1938-03-24 19:25:53.980,White,Single,Unknown,89.44,87.9,70세~,Very High,O99.351,"Diseases of the nervous system complicating pregnancy, first trimester",2.0,1.0,0.0,3.0,0.0,1.0,1.0,2.0,0.0,2.0,1.0,0.0,1.0,3.0,3.0,1.0,2.0,2.0,4.0,3.0,1.0,1.0,3.0,2.0,2.0,2.0,2.0,2.0,0.0,1.0,3.0,1.0,1.0,0.0,2.0,26.858333333333338,71.2,0.10000000000000002,0.2666666666666667,40.544444444444444,15.311111111111112,3.3181818181818183,32.06999999999999,35.309999999999995,86.34545454545456,0.709090909090909,6.469999999999999,253.78999999999996,12.892307692307693,4.827272727272727,6.788888888888889,4.176923076923076,91.92857142857143,43.400000000000006,11.836363636363636,24.880000000000003,0.7000000000000001,16.354545454545455,10.176923076923078,25.76923076923077,100.7909090909091,0.85,93.46363636363635,4.2125,140.71666666666667,7.75,6.300000000000001,1.9153846153846152,1.0,3.4666666666666672,5.081241497066947,5.374011537017764,0.08164965809277261,0.13228756555322954,6.235004232378498,2.5482564845617706,1.2302992983970868,5.3005345642365755,2.923639284635957,10.244058144735773,0.33601947995479503,2.4395127017956315,88.75093051155389,2.4119361304636353,1.229708021516416,2.5716942102651146,1.1136679982186837,32.528270037743354,23.7590824738667,4.578705652752255,7.849953998449784,0.412310562561766,7.706148666663994,1.3323874850269384,5.740119716432258,7.450295906265005,0.24608038433722337,25.99266330052666,0.8096516005577425,7.875489402782106,1.6489666185496024,0.8602325267042626,0.8493587324624717,0.0,1.7854631858088776,-11.599999999999998,-6.400000000000006,-0.1,-0.19999999999999998,2.0,4.600000000000001,-0.09999999999999964,-13.199999999999996,3.5,5.400000000000006,0.4,4.8999999999999995,272.5,-6.5,-0.20000000000000018,-2.2,-0.6000000000000001,-22.200000000000003,47.8,-2.999999999999999,1.5999999999999979,-0.8,10.899999999999999,-2.8000000000000007,-11.299999999999997,1.7999999999999972,-0.30000000000000004,-44.199999999999996,1.9000000000000004,-11.5,1.8999999999999995,1.0,-0.7000000000000002,0.0,-1.4000000000000004,384,35,55.0,7.697989473483871
21792512-2D40-4326-BEA2-A40127EB24FF,2,1961-08-14 08:45:03.500,1961-08-24 20:14:22.873,10,1961,8,0,월,중기(8-14일),Male,1938-03-24 19:25:53.980,White,Single,Unknown,89.44,87.9,70세~,Very High,C16.2,Malignant neoplasm of body of stomach,0.0,2.0,0.0,2.0,0.0,2.0,0.0,1.0,1.0,1.0,0.0,2.0,0.0,1.0,1.0,0.0,1.0,1.0,0.0,0.0,1.0,0.0,2.0,2.0,2.0,0.0,0.0,0.0,1.0,0.0,2.0,0.0,1.0,0.0,3.0,20.990000000000002,70.11111111111111,0.12,0.30909090909090914,42.3125,14.357142857142858,2.6875,32.3375,36.08571428571428,89.175,0.6142857142857142,5.17,341.2888888888889,12.07777777777778,4.3625,8.274999999999999,4.033333333333334,97.52000000000001,46.07000000000001,10.385714285714286,20.9625,0.75,19.025000000000002,9.35,26.866666666666667,104.74000000000001,0.95,89.26249999999999,4.1625000000000005,140.29999999999998,6.6000000000000005,6.128571428571428,2.1444444444444444,1.0,3.3666666666666667,3.1274590325054628,6.115849173345525,0.06324555320336758,0.1445997610962442,7.833706931313827,2.755513952578927,1.009154525899209,4.554099409166586,3.267225413827747,7.091594622206934,0.3804758924845368,3.2448420608713757,92.58865271247396,1.8579409152189006,1.1083288578498973,2.793743008939799,0.9266426855410161,31.49387241988512,15.898221423934329,3.6214309195070817,5.59283661736792,0.3507135583350036,9.150292735364106,1.4144099672851413,5.001249843789051,2.361778990506946,0.14142135623730953,17.051764676168524,0.8399617338222702,8.419817891934088,1.3877010793806737,0.8179533110438633,0.9527737285304302,0.0,1.9519221295943134,-4.100000000000001,-6.200000000000003,0.1,-0.19999999999999998,1.0,-4.399999999999999,0.5,-10.200000000000003,-6.0000000000000036,13.0,-0.7,1.5,-139.60000000000002,4.6,-1.1,0.5999999999999996,1.5999999999999996,-90.00000000000001,-39.2,2.5999999999999996,-5.199999999999999,-0.8,-8.799999999999999,-1.1999999999999993,9.200000000000003,-1.2999999999999972,-0.10000000000000009,-3.1000000000000085,0.20000000000000018,-2.0,-0.09999999999999964,2.0,-2.4000000000000004,0.0,1.1999999999999997,289,35,29.0,7.008891339748843
21792512-2D40-4326-BEA2-A40127EB24FF,3,1966-12-25 21:37:45.317,1967-01-08 22:00:23.510,14,1966,12,6,일,중기(8-14일),Male,1938-03-24 19:25:53.980,White,Single,Unknown,89.44,87.9,70세~,Very High,M90.642,"Osteitis deformans in neoplastic diseases, left hand",2.0,2.0,0.0,2.0,0.0,1.0,1.0,2.0,1.0,2.0,2.0,1.0,3.0,2.0,2.0,0.0,1.0,1.0,3.0,4.0,2.0,1.0,1.0,0.0,2.0,4.0,1.0,3.0,2.0,1.0,3.0,1.0,1.0,0.0,1.0,24.472727272727273,71.79999999999998,0.11818181818181817,0.2727272727272727,40.8111111111111,14.988888888888889,3.3307692307692305,27.455555555555556,32.85000000000001,84.37,0.5777777777777778,7.318181818181818,275.95,12.64,5.220000000000001,7.408333333333334,4.66,95.98888888888888,40.24166666666667,10.408333333333333,29.525000000000002,0.65,16.38181818181818,9.272727272727273,26.869230769230764,99.95833333333333,0.8090909090909091,91.45454545454545,4.85,142.77272727272728,7.599999999999999,6.472727272727273,2.2818181818181817,1.0,3.25,6.5601967819709355,6.211426420864872,0.07507571935295483,0.11908743922772957,5.784774076064779,2.2958900476963424,1.3142707834794518,5.132278030054274,3.268464034199725,9.169399592606316,0.3833333333333333,2.758919419562008,110.86517200472096,2.9136460549169887,1.1573917035971684,1.8113070786957508,0.9663217775553741,33.26283378052915,17.857234761668263,6.029240617544006,9.331483853551422,0.3655630775069655,7.412532385334743,1.3799209463522966,5.317954590407954,8.214782499564524,0.19211738835693895,25.10758306314503,0.9940733464799357,8.19537563618543,1.6083117442419768,0.6929515265744193,0.9325429553840207,0.0,1.740689518552921,4.299999999999997,-2.4000000000000057,0.2,-0.1,-4.600000000000001,-3.6000000000000014,-2.4,-4.400000000000002,0.6000000000000014,-4.200000000000003,-0.3999999999999999,-2.2,81.80000000000001,1.0,0.20000000000000018,0.1999999999999993,-1.5,5.8999999999999915,-30.4,0.3000000000000007,-5.899999999999999,-0.4,-3.9000000000000004,-2.4000000000000004,-6.100000000000001,8.900000000000006,-0.30000000000000004,-3.5,0.39999999999999947,0.29999999999998295,-3.5,0.20000000000000018,0.8000000000000003,0.0,1.1999999999999997,381,35,55.0,8.269204171122254
21792512-2D40-4326-BEA2-A40127EB24FF,4,1995-11-04 08:08:31.320,1995-11-11 18:20:13.820,7,1995,11,5,토,단기(4-7일),Male,1938-03-24 19:25:53.980,White,Single,Unknown,89.44,87.9,70세~,Very High,M01.X72,Direct infection of left ankle and foot in infectious and parasitic diseases classified elsewhere,3.0,1.0,0.0,1.0,2.0,0.0,0.0,2.0,1.0,1.0,1.0,1.0,1.0,0.0,0.0,0.0,2.0,3.0,1.0,2.0,1.0,1.0,3.0,3.0,2.0,0.0,2.0,1.0,0.0,1.0,0.0,2.0,0.0,0.0,2.0,30.099999999999998,70.54285714285714,0.13749999999999998,0.375,35.46666666666667,13.916666666666664,2.6,32.52857142857143,36.3375,87.63999999999999,0.7142857142857144,7.5,283.54999999999995,13.02,5.5,6.639999999999999,4.2875,114.57142857142858,47.7,10.299999999999999,25.5625,0.6749999999999999,16.05,8.887500000000001,22.51666666666667,103.3,0.7666666666666667,117.25,4.340000000000001,137.96666666666667,6.016666666666666,6.279999999999999,1.3500000000000003,1.0,4.233333333333333,5.463698381133423,5.499350611013737,0.07440238091428449,0.18929694486000911,4.10251955104015,2.637738930725834,0.7438637868140466,6.631921362047425,2.965485987634597,7.771936695573372,0.3532165125838609,3.4749100707788103,128.4824371914958,2.086144769664847,0.8286535263104036,3.1389488686501408,1.1166755507820012,31.524631337295297,22.054704713507277,4.955804677345546,9.10775768232774,0.406201920231798,9.215801647171014,1.5431299362010962,3.3564366025096715,5.003598704932276,0.2503331114069145,17.412725231852704,0.3361547262794325,10.186396156966737,0.5706721183540215,1.0986355173577815,0.6655824516917496,0.0,1.8608241901551759,-2.8000000000000007,-4.900000000000006,0.0,0.30000000000000004,0.10000000000000142,-2.3000000000000007,-1.2999999999999998,-2.200000000000003,2.700000000000003,18.5,0.5,-0.3999999999999986,40.0,0.0,1.7000000000000002,1.3999999999999995,1.0,-7.800000000000011,-29.900000000000002,-5.299999999999999,-0.8999999999999986,0.0,-7.5,2.799999999999999,-5.399999999999999,-7.8999999999999915,-0.40000000000000013,31.900000000000006,-0.8000000000000007,26.299999999999997,-1.2999999999999998,-1.4000000000000004,-1.8,0.0,1.7999999999999998,210,35,40.0,8.431731195645972
21792512-2D40-4326-BEA2-A40127EB24FF,5,2006-02-20 08:28:21.110,2006-02-28 05:42:48.340,7,2006,2,0,월,단기(4-7일),Male,1938-03-24 19:25:53.980,White,Single,Unknown,89.44,87.9,70세~,Very High,E30,"Disorders of puberty, not elsewhere classified",1.0,0.0,0.0,1.0,0.0,0.0,0.0,1.0,1.0,0.0,1.0,2.0,1.0,0.0,1.0,0.0,1.0,1.0,1.0,2.0,0.0,0.0,1.0,1.0,0.0,0.0,1.0,1.0,1.0,0.0,2.0,1.0,2.0,0.0,0.0,28.939999999999998,72.21666666666665,0.12000000000000002,0.3333333333333333,39.21666666666666,12.919999999999998,3.1166666666666667,35.125,34.260000000000005,88.925,0.7857142857142858,4.84,355.62,12.88,5.028571428571428,8.1,4.242857142857143,75.85,37.760000000000005,11.580000000000002,30.099999999999998,0.6333333333333333,21.3,10.92,25.557142857142853,103.36666666666667,0.8000000000000002,109.3,5.0,140.79999999999998,7.18,6.38,1.7,1.0,3.4142857142857146,4.574166590757272,5.633619322129131,0.08366600265340757,0.1632993161855452,6.7691703085878,1.2755391017134676,1.0684880283216402,4.33387817087652,3.457311093899421,8.768646797919649,0.26095064302514775,3.7660323949748493,96.2650611592804,0.5449770637375486,1.1571722512433573,1.725301905947671,1.1058287131636357,36.97722271885762,16.49342293158094,5.546800879786473,8.502705451795917,0.3785938897200183,6.782035092802159,1.0545141061171253,1.8383481197868397,5.976509572205721,0.2529822128134704,28.097330834084577,0.6519202405202648,6.2636517570290655,2.1764650238402634,1.0425929215182692,1.3266499161421599,0.0,1.082325538564332,7.5000000000000036,7.0,0.0,-0.4,15.300000000000004,-1.9000000000000004,-0.2999999999999998,-8.3,-7.100000000000001,-20.5,-0.7999999999999999,4.9,-56.799999999999955,1.1000000000000014,-1.7999999999999998,2.4000000000000004,0.2999999999999998,-65.8,28.6,-2.5,15.2,0.09999999999999998,-12.3,-1.4000000000000004,2.5,1.7000000000000028,0.40000000000000013,-21.500000000000014,-0.7000000000000002,1.700000000000017,-3.5,-2.4000000000000004,1.6,0.0,-1.6000000000000005,192,35,24.0,7.582776573473762
21792512-2D40-4326-BEA2-A40127EB24FF,6,2012-02-08 09:04:59.963,2012-02-11 09:59:20.380,3,2012,2,2,수,초단기(~3일),Male,1938-03-24 19:25:53.980,White,Single,Unknown,89.44,87.9,70세~,Very High,M10.322,"Gout due to renal impairment, left elbow",0.0,0.0,0.0,1.0,0.0,0.0,0.0,1.0,0.0,0.0,0.0,0.0,0.0,1.0,1.0,0.0,0.0,0.0,0.0,0.0,0.0,1.0,0.0,0.0,1.0,0.0,0.0,1.0,1.0,0.0,0.0,1.0,0.0,0.0,1.0,26.375000000000004,70.4,0.125,0.3,47.6,12.5,2.1999999999999997,26.53333333333333,32.56666666666666,86.53333333333335,0.6,2.9,268.5,12.6,3.7,11.3,3.85,85.40000000000002,57.0,12.300000000000002,22.5,0.44999999999999996,14.7,9.9,18.8,99.2,0.7666666666666666,107.83333333333333,4.575,132.7,7.7,4.95,2.95,1.0,5.5,5.5283360968739945,5.515432893255063,0.09574271077563382,0.19999999999999998,2.8284271247461903,2.3423634787681156,1.6522711641858305,5.987765303795177,3.3531080109852316,8.200812967830284,0.42426406871192857,,9.47523086789972,4.8083261120685235,0.848528137423857,,1.2020815280171309,50.27762922016113,,4.769696007084729,,0.41231056256176607,0.7071067811865476,,,3.899999999999997,0.1154700538379252,28.49426842951636,1.081280105553906,,1.8520259177452134,0.636396103067893,0.3535533905932738,0.0,0.141421356237309,-4.900000000000002,7.799999999999997,0.1,0.4,-4.0,3.700000000000001,-0.2999999999999998,-11.0,3.099999999999998,-14.0,-0.6000000000000001,0.0,13.399999999999977,6.800000000000001,-1.1999999999999997,0.0,-1.7000000000000002,-77.19999999999999,0.0,-4.0,0.0,0.0,-1.0,0.0,0.0,-0.29999999999999716,0.20000000000000007,56.89999999999999,1.4000000000000004,0.0,3.7,-0.9000000000000004,-0.5,0.0,-0.1999999999999993,85,35,10.0,5.185851728317241
EEAFC0B3-B835-4D99-AB33-2F9428E54E5F,1,1987-01-10 08:09:16.500,1987-01-21 00:50:49.120,10,1987,1,5,토,중기(8-14일),Female,1961-01-08 15:19:15.490,Asian,Unknown,English,18.95,65.1,60대,Medium,M05.25,Rheumatoid vasculitis with rheumatoid arthritis of hip,1.0,1.0,0.0,2.0,3.0,0.0,1.0,2.0,0.0,2.0,0.0,0.0,2.0,2.0,5.0,0.0,1.0,0.0,0.0,2.0,2.0,0.0,1.0,2.0,0.0,0.0,0.0,2.0,0.0,2.0,1.0,0.0,1.0,0.0,2.0,24.555555555555554,67.62,0.08,0.3,38.22857142857142,13.844444444444445,2.611111111111111,29.175,33.4,85.825,0.6500000000000001,5.970000000000001,225.575,14.055555555555555,4.710000000000001,7.144444444444446,4.09,99.16,43.112500000000004,6.85,23.07,0.5888888888888888,16.822222222222223,9.828571428571427,28.171428571428574,99.4125,0.8374999999999999,104.2,4.55,139.08999999999997,7.5,5.909090909090909,1.7222222222222223,1.0,4.342857142857143,6.12068442069821,5.315553697509894,0.08366600265340757,0.16035674514745463,8.091294557674171,2.0706949987329804,1.4400038580195234,5.363301222195151,2.9291637031753615,11.533770291750098,0.3505098327538657,2.6919839854237204,83.99212122914524,2.1207964960782495,1.4850738851802776,2.1523888537570937,1.0060373308735175,29.72932895307259,12.151476982537671,2.771782418909857,7.777181723192249,0.348010216963685,8.88478724812499,1.635761072319025,4.41237437430774,6.934476496875181,0.15979898086569355,23.328994834754454,0.816700679563817,10.029672643378412,1.9196353820452468,0.7621739243172065,1.3179318815646144,0.0,1.8536964358250452,-14.7,2.6000000000000014,-0.2,-0.19999999999999998,-8.599999999999998,-0.29999999999999893,2.7,-2.0,0.5,-22.799999999999997,0.30000000000000004,6.1,78.09999999999997,6.1,-1.6999999999999997,-0.8999999999999995,0.7999999999999998,-42.900000000000006,4.099999999999994,1.5,-4.800000000000001,-0.19999999999999996,-5.300000000000001,-2.0999999999999996,6.599999999999998,11.5,0.30000000000000004,-29.89999999999999,0.8999999999999999,-24.799999999999983,0.5999999999999996,-0.5,-0.10000000000000009,0.0,0.8999999999999995,295,35,37.0,7.192605295982449
EEAFC0B3-B835-4D99-AB33-2F9428E54E5F,2,1998-12-29 01:14:39.423,1999-01-04 07:18:56.027,6,1998,12,1,화,단기(4-7일),Female,1961-01-08 15:19:15.490,Asian,Unknown,English,18.95,65.1,60대,Medium,M05.59,Rheumatoid polyneuropathy with rheumatoid arthritis of multiple sites,1.0,1.0,0.0,1.0,3.0,1.0,2.0,1.0,0.0,1.0,0.0,2.0,1.0,1.0,0.0,1.0,0.0,0.0,0.0,0.0,0.0,0.0,1.0,0.0,0.0,1.0,0.0,0.0,1.0,3.0,1.0,0.0,0.0,0.0,0.0,22.499999999999996,70.86666666666666,0.12,0.28571428571428575,34.699999999999996,17.65,2.225,35.474999999999994,36.375,94.26,0.6,5.814285714285714,347.87142857142857,13.850000000000001,4.75,7.1000000000000005,4.575,106.03333333333335,57.25,10.925,24.325,0.6,11.84,8.916666666666666,26.016666666666666,102.32499999999999,0.975,92.92,3.88,138.83333333333334,6.8199999999999985,5.916666666666665,1.52,1.0,2.4,5.14554823771643,5.312500980392068,0.08366600265340757,0.12149857925879119,6.6891703521438295,1.4849242404917495,1.8391574157749524,4.662885372813708,3.4989284073841818,6.143533185390959,0.27080128015453203,3.0074510644002013,102.28244740726068,1.6428633540255266,0.9354143466934856,3.122498999199199,0.708872343937891,31.369008059973243,6.434671708797579,3.1180923655337733,7.780906116899239,0.27386127875258304,6.81380950716998,0.9537644712750972,3.3967140984584874,8.272998247310342,0.15000000000000002,26.39861738803759,0.5585696017507576,11.721888357541483,1.156287161564981,0.6431692364119005,0.42661458015403075,0.0,1.6401219466856727,1.8000000000000007,-11.299999999999997,0.0,-0.09999999999999998,0.0,2.099999999999998,3.2,9.400000000000002,-4.100000000000001,-6.8999999999999915,0.6000000000000001,-6.8,-2.0,-3.1000000000000014,2.5000000000000004,7.0,0.5999999999999996,49.0,9.099999999999994,-1.3000000000000007,-3.6000000000000014,0.30000000000000004,3.299999999999999,-1.3000000000000007,7.399999999999999,4.5,0.0,63.30000000000001,-0.20000000000000018,-23.69999999999999,-2.2,0.0,0.19999999999999996,0.0,-0.5999999999999996,177,35,23.0,7.373178734171667
EEAFC0B3-B835-4D99-AB33-2F9428E54E5F,3,2004-01-17 23:29:41.843,2004-01-28 01:36:51.720,10,2004,1,5,토,중기(8-14일),Female,1961-01-08 15:19:15.490,Asian,Unknown,English,18.95,65.1,60대,Medium,O98.6,"Protozoal diseases complicating pregnancy, childbirth and the puerperium",2.0,0.0,0.0,1.0,0.0,1.0,0.0,1.0,0.0,0.0,0.0,1.0,1.0,1.0,0.0,0.0,1.0,1.0,2.0,0.0,0.0,2.0,2.0,1.0,2.0,0.0,0.0,0.0,1.0,0.0,2.0,1.0,1.0,0.0,3.0,23.333333333333332,74.54285714285716,0.1,0.34285714285714286,44.78333333333334,13.924999999999999,3.275,30.6375,35.120000000000005,81.45,0.39999999999999997,5.566666666666666,280.0666666666666,13.816666666666665,4.75,7.944444444444445,4.344444444444445,92.94285714285715,55.58888888888889,12.914285714285713,24.7,0.3333333333333333,20.316666666666666,9.54,29.25,102.1625,0.8571428571428573,101.89999999999999,4.371428571428572,142.9375,8.15,5.7,2.1,1.0,3.855555555555556,5.702850164610674,2.727549048050976,0.07559289460184546,0.1397276262011544,5.660182564782397,3.716068711241312,0.97357955137582,5.268487855705306,2.1135278564523357,6.5865664152771695,0.12247448713915889,3.5153235981912108,102.29567439535258,2.1830406928563355,1.4200938936093865,2.307656338751023,1.1533766851197305,37.091681778302494,15.001453633268714,3.4173228173667236,5.829236656715869,0.33266599866332397,8.672581315079535,1.9138965489283903,5.610258461069329,5.16939827943529,0.12724180205607036,20.09606926739655,0.9724784242924294,6.489538284258526,1.4293355099485916,0.6099180272790761,1.0790942704159097,0.0,2.104228546944884,-11.899999999999999,1.0999999999999943,0.2,-0.2,-6.299999999999997,4.6,0.20000000000000018,6.200000000000003,1.0999999999999943,4.5,-0.3,0.0,-55.69999999999999,-4.500000000000002,-3.4000000000000004,1.9000000000000004,1.0,-13.400000000000006,-7.199999999999996,5.199999999999999,15.299999999999999,0.5,16.5,-3.5,-9.600000000000001,-13.899999999999991,-0.30000000000000004,-54.0,1.1000000000000005,-0.19999999999998863,3.500000000000001,-0.3000000000000007,-0.19999999999999973,0.0,4.199999999999999,250,35,27.0,7.483090640021146
EEAFC0B3-B835-4D99-AB33-2F9428E54E5F,4,2012-12-26 09:21:10.550,2013-01-12 18:16:11.020,17,2012,12,2,수,장기(15-30일),Female,1961-01-08 15:19:15.490,Asian,Unknown,English,18.95,65.1,60대,Medium,D37.0,"Neoplasm of uncertain behavior of lip, oral cavity and pharynx",1.0,2.0,0.0,5.0,2.0,2.0,4.0,1.0,1.0,3.0,1.0,3.0,1.0,0.0,5.0,2.0,2.0,3.0,2.0,1.0,3.0,1.0,3.0,1.0,1.0,2.0,0.0,2.0,3.0,1.0,3.0,2.0,2.0,0.0,1.0,22.689999999999998,70.66923076923078,0.10666666666666667,0.4230769230769231,44.52307692307693,15.408333333333333,2.7937499999999997,30.976923076923075,35.266666666666666,84.53333333333332,0.5571428571428572,6.25,228.6285714285714,13.125,5.0928571428571425,7.7333333333333325,4.141666666666667,73.16153846153847,52.050000000000004,10.471428571428572,29.46428571428571,0.718181818181818,17.92666666666667,9.424999999999999,26.86666666666667,104.3777777777778,0.78,87.71666666666668,4.13125,139.7769230769231,6.806666666666667,5.978571428571427,1.5299999999999998,1.0,3.16,3.878272811445837,6.606737043274417,0.05936168397046637,0.17867030229749128,7.62585009973247,2.900300402413933,1.3959315885816181,5.006354935838023,2.7673263699996142,9.352426358324283,0.29538576007104206,3.103038213404107,71.36226570837678,1.9767397400770796,1.412289077901702,2.9514322592518334,1.0891684345352095,36.37942501060956,18.693421302693633,3.9021549414154726,9.237516078292005,0.3919647479510927,8.851833277968602,1.1529606159007264,4.986935312346031,8.51069588485245,0.16561573424216505,24.683812632180747,0.8412044935685972,6.749216478742031,1.4733182502998692,0.8285098499285155,1.250821951980199,0.0,1.5421485733295033,-2.299999999999997,-2.0999999999999943,-0.1,0.09999999999999998,11.5,7.5,2.1,4.100000000000001,-4.399999999999999,18.400000000000006,-0.6,7.9,21.899999999999977,1.200000000000001,-3.8,2.5,-1.4,-6.399999999999999,-1.2000000000000028,-1.6000000000000005,7.299999999999997,0.9,16.6,0.5,6.399999999999999,-7.900000000000006,-0.30000000000000004,58.10000000000001,-0.6999999999999997,-9.599999999999994,3.500000000000001,0.0,0.0,0.0,2.7,467,35,66.0,7.188660169308489
2EE42DEF-37CA-4694-827E-FA4EAF882BFC,1,1982-12-12 12:29:14.560,1982-12-24 09:13:53.463,11,1982,12,6,일,중기(8-14일),Male,1964-04-27 00:41:40.410,White,Married,English,18.91,61.8,60대,Medium,C57.21,Malignant neoplasm of right round ligament,1.0,1.0,0.0,2.0,1.0,2.0,1.0,0.0,0.0,0.0,2.0,3.0,0.0,0.0,1.0,1.0,4.0,1.0,2.0,1.0,0.0,1.0,3.0,0.0,2.0,4.0,1.0,2.0,0.0,2.0,1.0,1.0,1.0,0.0,0.0,24.2625,72.13636363636364,0.15,0.35714285714285715,39.27272727272727,15.175,2.4571428571428577,28.540000000000003,35.61,82.36666666666666,0.6666666666666666,6.372727272727274,261.93333333333334,12.237499999999999,4.63,6.483333333333333,4.425,100.35000000000001,39.57272727272727,10.379999999999999,20.714285714285715,0.5636363636363637,19.0375,8.620000000000001,28.790000000000003,108.4625,0.75,97.60833333333335,4.444444444444445,142.06666666666666,7.1375,6.525,2.1999999999999997,1.0,3.7777777777777777,6.765656445819366,5.079029971810112,0.07071067811865477,0.18126539343499312,5.205783497052275,2.5700194551792794,1.3758114488755875,3.447769004894484,3.4118909712943646,6.796506455525518,0.4131182235954578,3.2600892346961636,89.81816353054653,2.27529432946911,1.013300438062561,2.4367327852406526,1.1209776577126365,26.39719337698268,15.69076740692379,4.41104673896495,6.120574202754883,0.35853236192212073,10.07556272799263,1.0992927018971994,5.38917639553784,7.325091418249623,0.23299294900428705,27.4694030889025,0.6502136401043719,9.599479152537391,1.4191924262964284,1.020853984242045,1.1366617790706255,0.0,1.44029318003122,-10.0,-0.4000000000000057,0.0,0.4,7.299999999999997,4.200000000000001,-1.6,8.399999999999999,-8.0,-11.599999999999994,0.0,6.8,-143.2,1.0,-1.0,5.499999999999999,-2.2,-0.7999999999999972,11.5,5.1000000000000005,1.5999999999999979,0.6000000000000001,15.8,-2.6000000000000005,6.800000000000001,-0.8000000000000114,0.40000000000000013,-14.799999999999983,-0.20000000000000018,5.500000000000014,-0.09999999999999964,0.20000000000000018,0.10000000000000009,0.0,1.2000000000000002,318,35,41.0,7.287955630078353
2EE42DEF-37CA-4694-827E-FA4EAF882BFC,2,2002-12-31 05:46:14.717,2003-01-10 11:14:14.587,10,2002,12,1,화,중기(8-14일),Male,1964-04-27 00:41:40.410,White,Married,English,18.91,61.8,60대,Medium,T46.3X6,Underdosing of coronary vasodilators,0.0,1.0,0.0,0.0,1.0,1.0,2.0,0.0,2.0,1.0,0.0,0.0,0.0,1.0,1.0,2.0,1.0,1.0,0.0,2.0,1.0,1.0,1.0,0.0,1.0,5.0,3.0,2.0,0.0,2.0,1.0,3.0,1.0,0.0,1.0,25.3,66.98571428571428,0.05000000000000001,0.38,39.525,13.766666666666666,2.3428571428571425,32.0,34.662499999999994,86.81111111111109,0.6545454545454545,4.15,246.3857142857143,13.042857142857144,5.4375,7.7700000000000005,4.318181818181818,114.89999999999999,33.32857142857143,11.9,31.455555555555552,0.44999999999999996,23.400000000000002,9.200000000000001,25.74285714285714,102.35000000000001,0.8833333333333333,99.9,4.3500000000000005,145.34444444444443,8.433333333333334,5.916666666666667,1.5,1.0,2.1399999999999997,4.1988093550434025,6.50087906143689,0.05477225575051661,0.09189365834726813,6.636855968216963,2.409356760631352,1.569349273698224,2.9449108645254456,4.040133484357736,9.85297473411513,0.22962419891481986,1.939845354661036,116.9369406784618,2.49857102017476,1.1831404940121983,2.872107240337659,1.2164030432534947,27.279784945388894,11.63482048074003,5.024340752775434,8.083487971029447,0.3781534080237807,4.32781700167648,1.5388307249337074,6.582769716681358,10.206720475115542,0.27868739954771304,27.94285836011294,0.7091242083423347,6.462025826145989,1.1800423721205942,1.2671490309614992,1.131370849898476,0.0,1.4976648490233053,-0.3000000000000007,-3.3999999999999915,-0.1,-0.2,5.899999999999999,2.700000000000001,-3.7,3.8999999999999986,3.5,-10.400000000000006,-0.30000000000000004,0.0,-272.2,-5.1,2.0,3.9000000000000004,3.0,-60.7,19.4,-4.700000000000001,9.8,0.2,2.8000000000000007,-0.2999999999999998,-15.8,0.4000000000000057,-0.3999999999999999,-61.599999999999994,-0.7000000000000002,7.5,-0.5999999999999996,-2.7,1.6999999999999997,0.0,2.3,269,35,38.0,8.020063309098749
2EE42DEF-37CA-4694-827E-FA4EAF882BFC,3,2010-01-27 05:50:32.723,2010-01-30 04:03:24.850,2,2010,1,2,수,초단기(~3일),Male,1964-04-27 00:41:40.410,White,Married,English,18.91,61.8,60대,Medium,D31.41,Benign neoplasm of right ciliary body,0.0,0.0,0.0,0.0,0.0,0.0,0.0,1.0,1.0,0.0,0.0,0.0,0.0,0.0,0.0,0.0,0.0,0.0,0.0,1.0,0.0,0.0,0.0,0.0,0.0,1.0,1.0,0.0,0.0,0.0,0.0,0.0,0.0,0.0,1.0,20.55,70.45,0.06666666666666667,0.4,50.6,17.233333333333334,3.2,28.03333333333333,35.83333333333333,86.5,0.7,5.7,289.59999999999997,14.100000000000001,5.05,6.4,4.166666666666667,64.6,42.666666666666664,9.366666666666667,35.96666666666667,0.5,14.666666666666666,8.866666666666667,31.099999999999998,100.8,0.9666666666666668,93.9,4.1,134.7,7.1,5.7,1.25,1.0,4.55,2.050609665440987,2.4748737341529163,0.11547005383792516,,,0.20816659994661268,,5.653612414495118,3.464582706955242,9.792343948207701,0.42426406871192845,3.109662361093243,93.44040881759882,3.1112698372208087,1.0606601717798212,,0.15275252316519478,17.960512242138307,17.782388291040476,5.971878543082849,4.473626418615363,0.42426406871192857,6.507175526550159,1.4843629385474875,0.3605551275463974,11.506085346459063,0.32145502536643183,,0.707106781186547,,0.7071067811865476,,0.21213203435596414,0.0,1.7677669529663689,2.8999999999999986,-3.5,0.0,0.0,0.0,0.3000000000000007,0.0,5.300000000000001,-5.5,17.299999999999997,-0.6,-4.1000000000000005,80.39999999999998,4.4,1.5,0.0,-0.09999999999999964,25.4,30.800000000000004,11.8,5.799999999999997,0.6000000000000001,-1.9000000000000004,2.9000000000000004,-0.5,-8.700000000000003,0.6,0.0,-0.9999999999999996,0.0,1.0,0.0,0.2999999999999998,0.0,-2.5,79,35,6.0,6.973039035012865
36775002-9EC3-4889-AD4F-80DC6855C8D8,1,1990-12-14 05:39:13.747,1991-01-01 01:23:47.820,17,1990,12,4,금,장기(15-30일),Female,1963-07-16 22:16:48.477,Asian,Single,Spanish,15.56,62.5,60대,Medium,K00,Disorders of tooth development and eruption,5.0,3.0,0.0,4.0,0.0,0.0,2.0,1.0,1.0,2.0,1.0,3.0,4.0,1.0,1.0,3.0,1.0,3.0,1.0,2.0,1.0,1.0,3.0,1.0,2.0,2.0,4.0,2.0,1.0,1.0,1.0,3.0,2.0,0.0,5.0,26.273333333333333,68.86153846153847,0.12666666666666665,0.35000000000000003,44.18,13.407692307692308,2.257142857142857,29.39230769230769,34.2,87.39999999999999,0.5800000000000001,5.9818181818181815,305.5571428571429,13.591666666666667,5.100000000000001,8.816666666666666,4.253333333333333,83.56250000000001,40.64166666666666,8.350000000000001,27.673333333333332,0.5428571428571429,13.481250000000001,9.636363636363637,24.343750000000004,100.87142857142855,0.8857142857142858,102.38666666666664,4.6,135.1769230769231,7.8090909090909095,5.699999999999999,1.3125,1.0,2.8749999999999996,7.258636891580232,7.067005313608025,0.07037315505489969,0.17320508075688776,6.976277262583855,2.0242124141097197,1.4669247192232233,5.371756624305427,3.5789064570859392,7.77200102933601,0.3255764119219941,3.438842299907974,98.51418261257706,1.8932695785253868,1.2636942181252067,2.430051751537715,0.9249453008280055,30.747484992001112,16.313990556537288,4.352143592088138,8.100570232720539,0.35019617735972314,7.00259178209516,1.2627531249398891,4.630042296423076,8.173543490238073,0.24449993820085064,27.503217127837107,0.768114574786861,7.345764521835454,1.748401867680623,1.0606601717798214,0.9054464828654055,0.0,1.8281137820168634,0.9000000000000021,-1.7999999999999972,0.1,-0.09999999999999998,4.100000000000001,1.5,0.5999999999999999,4.199999999999999,6.600000000000001,-5.0,0.0,-6.0,-234.50000000000003,1.3000000000000007,1.1000000000000005,3.1999999999999993,-0.7999999999999998,-31.599999999999994,-10.100000000000001,-10.2,11.399999999999999,0.2,2.3000000000000007,-1.8000000000000007,10.0,1.0999999999999943,-0.19999999999999996,-18.30000000000001,1.0,9.200000000000017,1.1000000000000005,1.4000000000000004,0.3,0.0,0.2999999999999998,480,35,67.0,7.7967827380706725
36775002-9EC3-4889-AD4F-80DC6855C8D8,2,1992-08-15 19:48:30.000,1992-09-01 16:03:16.897,16,1992,8,5,토,장기(15-30일),Female,1963-07-16 22:16:48.477,Asian,Single,Spanish,15.56,62.5,60대,Medium,M24.242,"Disorder of ligament, left hand",2.0,0.0,0.0,3.0,1.0,2.0,0.0,0.0,2.0,4.0,2.0,0.0,0.0,1.0,1.0,4.0,2.0,1.0,0.0,4.0,2.0,1.0,1.0,1.0,1.0,2.0,2.0,2.0,3.0,3.0,3.0,2.0,1.0,0.0,2.0,23.95384615384615,69.88571428571427,0.10909090909090911,0.2928571428571428,44.426666666666655,13.849999999999998,3.1090909090909093,31.233333333333334,33.4,85.94285714285715,0.7133333333333334,6.820000000000002,279.6153846153847,13.385714285714286,4.992307692307692,7.063636363636363,4.058333333333333,96.34166666666668,47.814285714285724,11.47272727272727,21.345454545454547,0.5,15.314285714285715,9.499999999999998,29.43,106.44615384615386,0.9785714285714285,96.09230769230771,4.8100000000000005,139.08571428571426,6.872727272727272,6.364285714285715,2.064285714285714,1.0,3.225,5.655913628615537,5.125630489226466,0.05393598899705936,0.13847680013570568,6.084578476615716,2.5068368054643626,1.0539967224375468,3.5678700886799355,3.830578720419846,9.655824410942085,0.3943650713790581,2.3465340871639224,107.99225933798716,2.3996031417914163,1.226418592529714,3.0942762408268356,1.088333449347991,29.619939792871513,10.562768950994235,5.691412989599491,7.3134620579262775,0.37859388972001823,6.088685236739367,1.305234217922731,5.355381509389515,7.340710159175719,0.18883680959850135,23.157088962794294,1.0650508595054666,9.985979181821893,1.5518317622029194,0.7270669663974386,0.8643424738423492,0.0,1.9827093492583232,1.1999999999999993,-2.000000000000007,0.0,0.4,-7.0,4.9,-1.0999999999999996,2.3999999999999986,1.5,23.89999999999999,0.8,1.6000000000000005,-166.89999999999998,-1.5,1.0999999999999996,-2.9000000000000004,-1.6,73.1,0.5,0.0,-13.599999999999998,-0.9000000000000001,16.3,-0.5,-5.900000000000002,-1.3999999999999915,-0.5000000000000001,-19.099999999999994,0.5,-19.299999999999983,-0.40000000000000036,0.39999999999999947,0.3999999999999999,0.0,3.5,432,35,55.0,7.696986492066297
36775002-9EC3-4889-AD4F-80DC6855C8D8,3,1992-09-27 02:44:16.097,1992-10-10 12:42:44.060,13,1992,9,6,일,중기(8-14일),Female,1963-07-16 22:16:48.477,Asian,Single,Spanish,15.56,62.5,60대,Medium,C79.02,Secondary malignant neoplasm of left kidney and renal pelvis,3.0,2.0,0.0,1.0,3.0,4.0,0.0,1.0,0.0,1.0,1.0,3.0,2.0,1.0,1.0,2.0,1.0,3.0,0.0,1.0,2.0,1.0,2.0,2.0,2.0,0.0,2.0,4.0,1.0,0.0,0.0,6.0,1.0,0.0,2.0,27.566666666666666,70.57,0.13636363636363638,0.3727272727272727,43.30833333333334,14.409090909090908,2.018181818181818,32.918181818181814,34.15833333333333,81.15,0.5181818181818183,5.216666666666668,328.88,13.5,5.31,7.190909090909091,4.711111111111112,94.44444444444444,53.41428571428571,9.071428571428571,23.641666666666666,0.6666666666666666,16.71666666666667,9.920000000000002,28.89285714285714,102.30000000000001,0.8300000000000001,97.50833333333333,4.666666666666667,140.31818181818184,7.444444444444445,5.415384615384616,1.4909090909090907,1.0,2.416666666666667,5.737489684416686,6.960371956855307,0.050452497910951306,0.13483997249264842,8.100780920081192,3.190753686969442,0.9600189392071199,5.281442640381164,2.7291218478855175,8.067003065670578,0.3219260219931959,3.1973947728319896,107.60570823355259,1.8991226044325489,1.1732670435819614,2.553998647397663,0.8709828420302614,40.095296205138304,14.21645077111276,4.538286455926284,8.396044342787894,0.3892494720807615,7.136313452824903,1.559059545580818,6.236673704876575,5.756928193248741,0.20027758514399735,29.99204313672464,0.8271894730002457,8.415321524673688,1.2630430625191602,0.7904072303209213,1.0530475254750333,0.0,2.0261173497977643,-0.09999999999999432,16.299999999999997,0.0,0.0,11.0,7.299999999999999,0.30000000000000004,6.799999999999997,-0.09999999999999432,-8.399999999999991,-0.9000000000000001,1.0,182.40000000000003,3.700000000000001,0.09999999999999964,-5.200000000000001,-1.3999999999999995,-31.400000000000006,11.900000000000006,6.1,8.399999999999999,0.6,5.2,3.7,-1.2000000000000028,11.799999999999997,0.20000000000000007,36.39999999999999,-0.10000000000000009,0.30000000000001137,0.20000000000000018,2.0,-0.4,0.0,-3.8999999999999995,396,35,55.0,8.33504069739781
36775002-9EC3-4889-AD4F-80DC6855C8D8,4,2004-10-01 02:09:01.190,2004-10-17 20:21:53.893,16,2004,10,4,금,장기(15-30일),Female,1963-07-16 22:16:48.477,Asian,Single,Spanish,15.56,62.5,60대,Medium,E71.31,Disorders of fatty-acid oxidation,1.0,2.0,0.0,4.0,1.0,1.0,2.0,3.0,0.0,1.0,2.0,1.0,2.0,1.0,1.0,1.0,0.0,2.0,2.0,5.0,2.0,0.0,2.0,3.0,0.0,5.0,0.0,2.0,0.0,2.0,2.0,2.0,0.0,0.0,2.0,21.88333333333333,71.14999999999999,0.10666666666666667,0.275,43.872727272727275,15.028571428571428,3.1,32.60769230769231,33.375,82.95714285714287,0.6166666666666667,6.3,241.5285714285714,13.13846153846154,5.053333333333333,8.09090909090909,4.292857142857143,93.39230769230768,46.045454545454554,12.8,24.246153846153845,0.5142857142857142,18.9,9.427272727272724,26.753333333333337,102.92666666666668,0.8727272727272729,110.7,4.7299999999999995,138.62,7.36923076923077,5.968750000000001,1.4833333333333334,1.0,3.6,5.582250007973053,6.132402762079774,0.07988086367179804,0.1602554778527654,8.121833648763179,2.397251173075777,1.4007934259633794,5.200394462355963,2.790673241864256,8.911161047180729,0.3737605780402338,2.985419111737457,101.25502022556275,1.9203031277806388,1.1108983923362379,2.6938650840213008,0.7898045383455382,28.616587891712438,19.38527088468787,5.1094030962530255,8.66089058013237,0.2626994271234504,7.131853429041664,1.510689186491324,4.836448913742199,8.822654821267696,0.15550504230351567,21.641985942966407,0.8525126261691246,8.69361013289974,1.496877091026857,0.822774776796988,0.9388903831199633,0.0,1.9595917942265424,15.3,-5.900000000000006,0.0,0.0,0.20000000000000284,-5.900000000000002,3.0,-5.200000000000003,-3.5,2.0,-1.0,-0.5,-77.4,-2.9000000000000004,0.7999999999999998,-1.8000000000000007,0.09999999999999964,-15.300000000000011,-44.300000000000004,0.0,8.7,-0.10000000000000003,11.2,-2.3000000000000007,-10.399999999999999,-6.700000000000003,-0.4,-13.700000000000003,-0.10000000000000053,13.700000000000003,-3.0999999999999996,2.0,-1.6,0.0,-2.9,435,35,54.0,7.7944060911018855
36775002-9EC3-4889-AD4F-80DC6855C8D8,5,2005-03-09 06:02:37.550,2005-03-16 18:16:35.707,7,2005,3,2,수,단기(4-7일),Female,1963-07-16 22:16:48.477,Asian,Single,Spanish,15.56,62.5,60대,Medium,M24.272,"Disorder of ligament, left ankle",2.0,3.0,0.0,1.0,2.0,2.0,0.0,0.0,2.0,1.0,0.0,1.0,2.0,0.0,0.0,1.0,1.0,0.0,0.0,0.0,1.0,0.0,2.0,1.0,1.0,2.0,0.0,3.0,1.0,1.0,0.0,0.0,0.0,0.0,2.0,26.528571428571432,70.60000000000001,0.09999999999999999,0.3333333333333333,44.15714285714285,15.933333333333332,3.233333333333333,32.63333333333333,35.457142857142856,82.75999999999999,0.325,5.3,241.47142857142856,13.6,4.199999999999999,5.95,4.325,89.05714285714285,42.84,10.58,31.720000000000006,0.39999999999999997,21.099999999999998,10.66,24.150000000000002,108.4,0.9600000000000002,104.57142857142856,4.033333333333333,139.29999999999998,6.428571428571429,5.5,1.7166666666666666,1.0,3.1666666666666665,6.2329004178670795,8.183153426399874,0.0632455532033676,0.13662601021279466,8.973824369215379,2.848625399498268,1.3603921003397024,4.6616163148275795,3.184261893991104,11.432978614516868,0.1258305739211792,3.216830738475371,97.89718610674696,0.7071067811865476,0.7164728420068222,2.536730178793164,1.053169818531972,28.23596153506241,21.126239608600486,4.736771052098676,7.660091383266914,0.19999999999999998,7.608679254640716,1.4152738250953412,6.206045439730522,7.478413378963926,0.1949358868961793,29.755879771103746,0.6250333324444918,7.352550577860709,1.1571722512433573,1.007472083980494,0.8352644291879467,0.0,1.972477291800001,0.5,6.400000000000006,-0.1,0.0,10.800000000000004,-4.799999999999999,-0.9999999999999996,4.5,-2.799999999999997,-1.7000000000000028,-0.2,-1.8000000000000007,-2.5,1.0,-1.7000000000000002,-2.4,-0.10000000000000009,-37.3,-4.500000000000007,-1.5999999999999996,-6.399999999999999,0.3,7.800000000000001,0.09999999999999964,14.7,-10.299999999999997,0.0,-44.8,0.20000000000000018,19.599999999999994,-0.5999999999999996,-1.1000000000000005,0.0,0.0,-0.9000000000000001,197,35,32.0,8.025691778334568
36775002-9EC3-4889-AD4F-80DC6855C8D8,6,2008-01-30 13:47:43.490,2008-02-16 17:13:59.847,17,2008,1,2,수,장기(15-30일),Female,1963-07-16 22:16:48.477,Asian,Single,Spanish,15.56,62.5,60대,Medium,E08.5,Diabetes mellitus due to underlying condition with circulatory complications,2.0,2.0,0.0,2.0,1.0,2.0,0.0,2.0,2.0,1.0,2.0,0.0,4.0,2.0,1.0,1.0,0.0,0.0,0.0,2.0,0.0,2.0,3.0,1.0,0.0,1.0,1.0,1.0,2.0,1.0,2.0,3.0,3.0,0.0,6.0,26.441666666666666,71.46000000000001,0.15000000000000002,0.3727272727272727,47.550000000000004,13.633333333333333,2.227272727272727,29.641666666666666,34.52307692307693,85.0,0.4222222222222222,6.458333333333332,269.6,12.964285714285714,5.0,7.292307692307693,4.518181818181819,89.37647058823529,47.026666666666664,11.346153846153847,25.95714285714286,0.47857142857142854,15.592307692307692,9.366666666666667,27.357142857142865,104.9076923076923,0.790909090909091,99.57777777777778,4.0777777777777775,140.70999999999998,7.336363636363635,6.12,2.3437499999999996,1.0,2.8214285714285716,5.6227554444310295,5.542536809594891,0.05222329678670936,0.1555050423035156,5.380689377934595,2.893357072937101,0.818646332784688,5.016238781712001,3.3830838609553284,8.68920147206993,0.2773886162848873,2.6269437248127976,109.9557562537466,2.494180038797132,1.0466062370273816,2.2433091399617435,0.7222439779163021,32.7067563626341,16.972855078737034,4.50936347773818,8.05898583863086,0.39453686856786996,8.12911040012595,1.5005049655083291,5.242828697111202,6.507874914089535,0.16403990645294492,26.759333781774995,0.9024657580453923,7.382629763317559,1.5008482450086207,1.0952422360170175,0.7173736822605079,0.0,2.3386973926751393,-1.3000000000000007,6.0,0.0,0.3,-0.7000000000000028,4.1,-2.1,2.3999999999999986,-1.0,21.60000000000001,0.09999999999999998,-0.7000000000000002,-47.099999999999994,5.199999999999999,2.9000000000000004,2.0,-1.7999999999999998,-86.60000000000001,30.900000000000002,2.0,-1.0,0.0,15.899999999999999,-0.8000000000000007,-14.399999999999999,-10.0,0.20000000000000007,28.400000000000006,-0.3999999999999999,10.5,-3.2,-2.3000000000000007,0.19999999999999973,0.0,1.0,432,35,52.0,8.051546081392912
4C201C71-CCED-40D1-9642-F9C8C485B854,1,1945-03-13 14:37:16.017,1945-03-26 16:07:42.110,13,1945,3,1,화,중기(8-14일),Male,1926-09-22 09:17:14.713,African American,Married,English,10.3,99.4,70세~,Medium,M63.832,"Disorders of muscle in diseases classified elsewhere, left forearm",0.0,0.0,0.0,5.0,3.0,0.0,1.0,0.0,1.0,1.0,0.0,2.0,3.0,2.0,2.0,3.0,1.0,3.0,0.0,3.0,5.0,1.0,1.0,0.0,2.0,3.0,3.0,2.0,1.0,0.0,3.0,3.0,1.0,0.0,2.0,25.169999999999998,71.2076923076923,0.14545454545454548,0.33,41.92,15.009090909090908,2.961538461538461,31.362500000000004,32.589999999999996,83.95,0.7,6.1571428571428575,252.78000000000003,13.383333333333333,4.816666666666667,8.02142857142857,4.711111111111112,90.22727272727275,48.0,9.275,30.849999999999994,0.4916666666666667,19.9,9.963636363636363,27.972727272727273,103.41666666666664,0.9750000000000001,98.48461538461538,5.133333333333334,142.15,7.23076923076923,5.800000000000001,2.2,1.0,2.6846153846153844,4.111244742572903,6.126644206314678,0.06875516509523287,0.20027758514399738,8.441932374890373,1.8250778314661238,1.343216575698338,4.737671972001199,2.3158631700129053,8.270594130576551,0.3620926830400072,3.4355286555138997,93.41647249459452,2.1459616760677513,1.3134502332222244,2.866028764531312,1.0018039284765812,38.49875558791715,15.138427923664992,4.771149089722898,10.888155173256996,0.45418925437297475,7.337574531137656,1.3470506503266513,6.340519049587486,7.187341566106261,0.2375469878330841,24.316861302185853,0.9617692030835674,7.280502337456826,1.533180036930114,1.0295630140987,0.9966610925150702,0.0,1.6866367687630879,-0.40000000000000213,12.599999999999994,0.2,0.5,6.900000000000002,-1.799999999999999,-2.7,10.800000000000004,-1.7000000000000028,-1.0,-0.8,0.0,-2.299999999999983,1.5,-1.9000000000000004,-5.200000000000001,-0.9000000000000004,94.30000000000001,-19.800000000000004,1.0999999999999996,-23.800000000000004,0.8,18.299999999999997,1.1999999999999993,-10.100000000000001,-11.100000000000009,-0.19999999999999996,18.400000000000006,-0.10000000000000053,1.799999999999983,1.9000000000000004,0.39999999999999947,0.2999999999999998,0.0,-1.5,380,35,57.0,7.771099993090799
4C201C71-CCED-40D1-9642-F9C8C485B854,2,1956-02-14 14:10:35.737,1956-03-04 18:23:51.753,19,1956,2,1,화,장기(15-30일),Male,1926-09-22 09:17:14.713,African American,Married,English,10.3,99.4,70세~,Medium,T43.3X5,Adverse effect of phenothiazine antipsychotics and neuroleptics,3.0,1.0,0.0,5.0,3.0,2.0,2.0,3.0,1.0,0.0,2.0,3.0,3.0,2.0,3.0,4.0,3.0,2.0,1.0,3.0,4.0,1.0,5.0,1.0,2.0,1.0,2.0,3.0,1.0,3.0,3.0,5.0,0.0,0.0,1.0,25.08235294117647,67.03125,0.11250000000000003,0.3,42.983333333333334,15.250000000000002,2.8000000000000003,30.747058823529414,33.388235294117656,82.58571428571427,0.5937499999999999,5.427777777777778,284.3764705882353,13.361538461538462,5.342105263157894,6.873333333333334,4.152941176470589,100.8142857142857,48.392857142857146,9.669230769230769,33.016666666666666,0.5461538461538461,17.95714285714286,9.016666666666667,26.60625,103.28333333333333,0.9400000000000001,92.88749999999997,4.242857142857142,144.0055555555556,7.393750000000001,5.543749999999999,1.561111111111111,1.0,2.8875000000000006,6.74928100745902,5.171810611381666,0.07187952884282608,0.17974340685458343,8.114493206602619,2.252406120870154,1.4687863470679912,5.836000090714832,3.1571114869729375,6.796136588347273,0.3275540667838925,2.890919974792383,104.85587447427397,2.2437091543314542,1.2325744464663675,3.0513385041103955,1.0411037694790706,27.645805277664632,16.940868395038724,4.830525267398397,7.286268309797063,0.30717905911532184,9.187090799738368,1.4534181237428696,5.768473946085453,6.114423641733393,0.1956673562087307,24.824339534685176,0.8196756260058806,7.695336419831117,1.710932981348675,0.856324510140091,0.7769767116571231,0.0,1.6325338179243536,10.200000000000003,-3.799999999999997,-0.1,0.3,-19.900000000000002,6.700000000000001,2.9000000000000004,0.8999999999999986,-2.3999999999999986,1.4000000000000057,-0.39999999999999997,-4.9,54.19999999999999,0.3000000000000007,0.2999999999999998,4.6000000000000005,-2.3,56.3,2.700000000000003,-3.0,4.100000000000001,-0.09999999999999998,4.600000000000001,-0.7999999999999989,2.0,5.0,0.10000000000000009,-18.500000000000014,1.6000000000000005,-4.099999999999994,0.8999999999999995,-1.1999999999999993,1.3000000000000003,0.0,0.20000000000000018,553,35,78.0,7.813901787527625
4C201C71-CCED-40D1-9642-F9C8C485B854,3,1977-11-23 14:42:31.387,1977-12-10 06:58:09.767,16,1977,11,2,수,장기(15-30일),Male,1926-09-22 09:17:14.713,African American,Married,English,10.3,99.4,70세~,Medium,D12.9,Benign neoplasm of anus and anal canal,0.0,2.0,0.0,4.0,3.0,4.0,2.0,3.0,3.0,2.0,2.0,2.0,4.0,2.0,1.0,2.0,2.0,2.0,3.0,3.0,2.0,1.0,4.0,1.0,2.0,2.0,2.0,2.0,2.0,1.0,2.0,0.0,4.0,0.0,1.0,24.08888888888889,72.45,0.09999999999999999,0.325,43.35,15.026666666666667,2.0,31.964285714285715,35.18666666666666,82.66875,0.56,6.121428571428572,297.8071428571429,13.885714285714286,4.78,7.664285714285713,3.9000000000000004,101.0642857142857,38.5923076923077,10.012500000000003,22.638461538461538,0.7153846153846153,17.636363636363637,8.741666666666669,24.43076923076923,101.50714285714287,0.8,92.88666666666664,4.236363636363636,139.77333333333337,7.48125,5.745454545454546,1.89375,1.0,3.1214285714285714,4.482868625234417,5.565242409538249,0.08528028654224418,0.1712255291076124,7.8489721388449105,2.9819616426264166,1.1430952132988166,5.609279007948436,3.484017932270292,8.0789206168481,0.34599752269963685,3.645266387106302,107.84434270163295,2.0887453513669736,1.0788883167408942,2.55872779171367,1.1884864324004716,31.884179996762246,17.64980932562075,4.481945262197357,8.80487918349238,0.34603986727484126,9.051991242513742,0.9958626533023641,5.12955238712967,7.721843570797594,0.24944382578492946,19.68864308850833,0.9882031443713657,7.219662305781608,1.5963369527348124,0.6346079677464447,1.1292881238491206,0.0,1.7511220892412303,1.8000000000000007,2.700000000000003,0.1,-0.19999999999999998,-2.1000000000000014,-5.599999999999998,-0.7,-6.100000000000001,3.8999999999999986,20.60000000000001,0.9000000000000001,6.8,144.90000000000003,4.699999999999999,-0.7000000000000002,1.0,-0.2999999999999998,18.0,-0.8999999999999986,-3.5,-14.2,0.5000000000000001,12.299999999999999,2.8999999999999995,0.5999999999999979,0.5999999999999943,0.09999999999999987,-28.299999999999997,2.4999999999999996,-16.0,2.4000000000000004,0.1999999999999993,2.3,0.0,1.0,465,35,72.0,7.929277968372261
4C201C71-CCED-40D1-9642-F9C8C485B854,4,1993-12-20 17:02:35.973,1993-12-28 11:52:18.707,7,1993,12,0,월,단기(4-7일),Male,1926-09-22 09:17:14.713,African American,Married,English,10.3,99.4,70세~,Medium,D31.41,Benign neoplasm of right ciliary body,2.0,2.0,0.0,2.0,1.0,1.0,0.0,1.0,2.0,1.0,0.0,0.0,0.0,0.0,0.0,2.0,1.0,0.0,1.0,0.0,0.0,1.0,0.0,1.0,0.0,0.0,1.0,1.0,2.0,1.0,0.0,1.0,0.0,0.0,1.0,26.514285714285712,69.7625,0.075,0.35,47.0,13.175,2.0142857142857147,31.185714285714287,31.749999999999996,84.76,0.5599999999999999,6.3999999999999995,223.40000000000003,12.828571428571427,4.833333333333333,8.875,4.425,91.55999999999999,44.55714285714286,7.0,27.860000000000003,0.72,18.939999999999998,10.057142857142859,25.085714285714285,98.175,0.8285714285714285,98.42,3.9285714285714284,134.39999999999998,7.885714285714286,5.6000000000000005,1.4714285714285713,1.0,2.175,7.060318352460833,5.971823722400768,0.08864052604279184,0.23804761428476168,7.730028029272166,3.1340867888429633,1.054243127285434,5.942061530992021,3.8292296875481355,11.874889473169842,0.2073644135332772,3.167964646267379,45.41007597439142,2.1116457134300775,1.0308572484426086,3.8621021909490345,1.3400870618483463,34.33865169164334,18.396182316163422,3.8035071534922436,4.848504924200862,0.363318042491699,5.231921253230022,1.5809882382623248,5.357060316824446,4.85961246740245,0.2214669705568283,22.91794057065338,0.9911513266807207,9.108238029388563,1.4264508069898187,0.7071067811865478,0.6921326600064608,0.0,1.8759759364889823,-18.0,10.699999999999989,0.1,-0.09999999999999998,0.6000000000000014,1.299999999999999,-1.0,7.399999999999999,2.8000000000000043,26.099999999999994,0.10000000000000009,-0.3999999999999986,-69.1,-1.4000000000000004,0.5,0.8999999999999986,-2.4000000000000004,-26.4,-30.1,-7.6,5.399999999999999,0.0,6.5,0.9000000000000004,-0.5,3.4000000000000057,0.0,-11.300000000000011,0.20000000000000018,20.600000000000023,2.5999999999999996,-1.0999999999999996,-0.5999999999999999,0.0,0.5999999999999999,208,35,25.0,6.307819302480684
4C201C71-CCED-40D1-9642-F9C8C485B854,5,1997-04-01 15:15:29.713,1997-04-05 09:22:39.530,3,1997,4,1,화,초단기(~3일),Male,1926-09-22 09:17:14.713,African American,Married,English,10.3,99.4,70세~,Medium,M01.X1,Direct infection of shoulder joint in infectious and parasitic diseases classified elsewhere,0.0,0.0,0.0,1.0,0.0,1.0,0.0,0.0,0.0,2.0,0.0,1.0,0.0,0.0,0.0,2.0,0.0,0.0,1.0,0.0,1.0,0.0,1.0,0.0,1.0,2.0,0.0,0.0,0.0,1.0,0.0,0.0,0.0,0.0,0.0,22.099999999999998,65.60000000000001,0.07500000000000001,0.6,39.800000000000004,16.433333333333334,3.675,29.7,34.225,91.56666666666666,0.8,4.1,335.425,12.75,5.433333333333334,7.624999999999999,3.8,71.05,47.375,10.899999999999999,28.15,0.45,12.399999999999999,9.75,24.85,99.63333333333333,0.775,121.55000000000001,4.233333333333333,135.93333333333337,7.175000000000001,5.133333333333333,2.1333333333333333,1.0,1.0999999999999999,3.724244889907214,1.1999999999999975,0.09574271077563382,,8.524670081592603,2.6312227829154513,0.6701989754294366,8.061017305526642,3.4625376050906165,12.188655928088759,0.2581988897471612,2.9348480937406847,38.36347003769775,2.7012342857787552,0.7571877794400362,4.433489972170156,0.9797958971132714,23.003840259110362,20.936312155359804,4.0824829046386295,11.89915963419266,0.36968455021364727,10.666302077102449,1.7677669529663689,7.015459120162177,12.413433583555086,0.17078251276599332,17.46553749530772,0.7505553499465135,9.920853457910427,0.7889866919029753,0.3511884584284249,0.9865765724632495,0.0,0.7810249675906655,-0.10000000000000142,2.3999999999999915,0.1,0.0,-10.399999999999999,5.200000000000001,1.2000000000000002,-11.399999999999999,3.200000000000003,-21.5,0.19999999999999996,5.3999999999999995,24.30000000000001,-2.9000000000000004,1.2000000000000002,-6.999999999999999,2.0,1.7000000000000028,-24.400000000000006,-4.600000000000001,24.599999999999998,-0.7,-17.9,-2.5,4.599999999999998,-20.200000000000003,-0.09999999999999998,24.700000000000003,1.5,7.799999999999983,-0.5,0.40000000000000036,0.19999999999999973,0.0,1.4,116,35,14.0,6.304601822900921
4C201C71-CCED-40D1-9642-F9C8C485B854,6,2012-09-22 18:05:49.240,2012-10-05 05:06:10.750,12,2012,9,5,토,중기(8-14일),Male,1926-09-22 09:17:14.713,African American,Married,English,10.3,99.4,70세~,Medium,Z22.31,Carrier of bacterial disease due to meningococci,1.0,2.0,0.0,2.0,0.0,0.0,3.0,1.0,3.0,1.0,1.0,2.0,2.0,1.0,1.0,2.0,3.0,2.0,0.0,0.0,1.0,0.0,3.0,2.0,3.0,1.0,1.0,2.0,3.0,0.0,1.0,3.0,4.0,0.0,1.0,22.60833333333333,71.83,0.13,0.35000000000000003,41.3875,14.41111111111111,3.127272727272728,30.95454545454545,34.43333333333333,83.12500000000001,0.6833333333333332,4.385714285714285,297.6111111111111,14.912499999999998,4.8100000000000005,7.55,4.488888888888889,100.66000000000001,43.2,12.05,25.41818181818182,0.5700000000000001,17.183333333333334,9.588888888888887,26.37777777777778,103.12727272727271,0.8666666666666667,109.25,4.34,139.6,8.27,5.963636363636363,1.8454545454545452,1.0,2.5142857142857147,5.438324998368412,5.583318407940249,0.08232726023485647,0.14459976109624423,5.612851961601798,2.738815640219529,1.6793396970779373,4.279570921567636,4.579847159021796,7.049451945170825,0.24058010698889437,3.3228645129509227,106.15888380682566,1.922377620106339,0.9803060746521974,2.7910571473905725,1.1752068375869464,37.911071382029455,17.579533554676587,3.807959500251487,9.86385504575348,0.2790858091857931,7.596510363118692,1.576740660702042,6.464088833272981,6.921140210845449,0.19694638556693242,24.9298237280393,0.9651712571122057,8.54132810014261,0.9117138927438929,0.9615328671165922,1.1174646628539413,0.0,1.5507294750413125,-4.399999999999999,9.900000000000006,0.0,-0.3,-3.200000000000003,-5.999999999999998,0.5,4.0,5.299999999999997,15.799999999999997,-0.20000000000000007,6.2,20.30000000000001,-2.3999999999999986,0.6999999999999993,-0.5,2.0,-14.399999999999977,-31.4,6.7,-16.700000000000003,-0.3,-18.9,3.700000000000001,3.3000000000000007,12.700000000000003,0.09999999999999987,45.60000000000001,-1.1999999999999997,10.699999999999989,0.1999999999999993,0.5,-1.4999999999999998,0.0,2.2,351,35,52.0,8.1415548453501
2A8772FE-61DB-483E-B6BF-6C0A74BA9C2A,1,1991-10-19 23:31:13.850,1991-11-03 15:00:21.597,14,1991,10,5,토,중기(8-14일),Female,1966-10-14 15:31:48.427,Asian,Single,English,11.15,59.3,50대,Medium,C72.3,Malignant neoplasm of optic nerve,0.0,1.0,0.0,0.0,2.0,2.0,1.0,2.0,0.0,1.0,2.0,0.0,1.0,1.0,2.0,0.0,0.0,1.0,2.0,2.0,2.0,1.0,3.0,1.0,0.0,3.0,0.0,2.0,3.0,2.0,1.0,2.0,3.0,0.0,2.0,24.78,69.11538461538461,0.09999999999999999,0.28888888888888886,42.34166666666667,14.200000000000003,2.9857142857142853,30.416666666666668,34.300000000000004,85.74999999999999,0.6900000000000002,4.522222222222222,307.4461538461538,12.484615384615385,5.2700000000000005,7.358333333333334,4.65,102.57857142857144,50.25,10.316666666666666,27.876923076923074,0.6083333333333334,15.179999999999998,8.933333333333332,29.459999999999997,102.6125,0.8300000000000001,112.75999999999999,4.199999999999999,142.25454545454548,7.241666666666667,5.478571428571429,1.788888888888889,1.0,2.466666666666667,5.711158668198016,5.235431557163515,0.08528028654224418,0.10540925533894596,7.88017747069804,2.901723625709381,1.2294017127971522,5.593150573096826,2.153137245973884,8.464205679080456,0.38715486421958967,2.378958689100011,76.07494786266825,2.1326220769458715,1.2329278612762025,2.002479523596744,0.698978847012861,27.99723004352198,16.079546578862793,4.8637496446733985,8.994271681293771,0.3232177237864548,7.929943253264804,1.3976170195491089,3.321378562518214,8.44688234963477,0.1828782229912694,24.135690492620167,0.9654014708917734,11.030536128073171,1.3561029280682022,0.8172925014748594,1.1095544651395493,0.0,1.6582210255864474,5.400000000000002,-3.200000000000003,0.0,0.09999999999999998,6.899999999999999,0.6999999999999993,1.1999999999999997,0.5,-1.3000000000000043,1.2999999999999972,0.7,-0.19999999999999973,-21.69999999999999,-1.6999999999999993,1.5999999999999996,-4.199999999999999,-1.2000000000000002,25.599999999999994,-55.400000000000006,-14.7,20.300000000000004,0.19999999999999996,-2.3999999999999986,0.5,6.199999999999999,-3.200000000000003,0.10000000000000009,39.19999999999999,-0.8999999999999999,-20.30000000000001,-2.8999999999999995,0.2999999999999998,-2.6999999999999997,0.0,0.7000000000000001,385,35,45.0,6.99647599689625
2A8772FE-61DB-483E-B6BF-6C0A74BA9C2A,2,2000-02-18 02:15:46.473,2000-03-03 06:26:57.133,14,2000,2,4,금,중기(8-14일),Female,1966-10-14 15:31:48.427,Asian,Single,English,11.15,59.3,50대,Medium,M05.13,Rheumatoid lung disease with rheumatoid arthritis of wrist,2.0,3.0,0.0,2.0,0.0,1.0,0.0,0.0,3.0,2.0,0.0,4.0,3.0,1.0,0.0,3.0,2.0,0.0,1.0,1.0,1.0,1.0,2.0,2.0,4.0,2.0,2.0,0.0,2.0,0.0,2.0,4.0,1.0,0.0,3.0,21.081818181818186,70.46363636363637,0.13333333333333333,0.39999999999999997,44.06923076923077,14.609999999999996,2.7875,31.490000000000002,33.15384615384615,83.46363636363635,0.67,7.853846153846154,296.1666666666667,13.459999999999999,5.37,7.838461538461539,4.208333333333333,100.21111111111111,48.0,10.12,25.169230769230772,0.7833333333333335,18.800000000000004,9.85,29.477777777777778,104.10999999999999,0.9100000000000001,106.97272727272728,4.1909090909090905,139.62727272727273,7.25,5.8,2.0714285714285716,1.0,3.3181818181818183,5.307695956216442,6.058097511145346,0.0492365963917331,0.1414213562373095,6.717934282622973,2.6408963124919036,0.9920217451533725,4.322666358215083,3.5633821444931097,10.044627691186239,0.3917198545446024,3.028094941437434,110.78894349166798,2.0881677242128913,0.8273787255879592,3.10041353734693,1.0663943781251708,29.324880410857794,18.09689199835154,4.030384597032893,7.977090594883222,0.26911752530120076,7.3069221366531005,1.376094605627231,6.154830984230553,6.8840314415964805,0.23781411975649294,18.92438061914265,0.8757334588269942,8.298685547614266,1.4222138755096956,0.9843215373488934,0.9151952893139352,0.0,1.9182378277044698,4.300000000000001,0.3999999999999986,0.1,-0.2,-8.100000000000001,-2.5,1.4,7.0,2.6000000000000014,21.599999999999994,-0.19999999999999996,-1.3000000000000007,185.3,2.0999999999999996,-0.39999999999999947,0.20000000000000018,-2.6000000000000005,-38.599999999999994,25.700000000000003,-3.4000000000000004,13.700000000000003,0.09999999999999998,-5.099999999999998,-2.5999999999999996,-3.200000000000003,15.200000000000003,-0.30000000000000004,-4.5,-0.10000000000000009,9.600000000000023,-0.3000000000000007,-0.5999999999999996,2.2,0.0,1.3999999999999995,384,35,54.0,7.889311976480797
2A8772FE-61DB-483E-B6BF-6C0A74BA9C2A,3,2008-05-09 19:22:35.157,2008-05-28 03:42:47.820,18,2008,5,4,금,장기(15-30일),Female,1966-10-14 15:31:48.427,Asian,Single,English,11.15,59.3,50대,Medium,H15,Disorders of sclera,2.0,1.0,0.0,5.0,1.0,4.0,0.0,3.0,1.0,0.0,0.0,3.0,2.0,2.0,0.0,0.0,4.0,4.0,0.0,0.0,0.0,2.0,1.0,2.0,2.0,3.0,2.0,3.0,4.0,1.0,1.0,2.0,0.0,0.0,3.0,27.518181818181816,67.54285714285713,0.12307692307692307,0.31428571428571433,42.6,13.599999999999998,2.5933333333333333,33.137499999999996,36.253846153846155,81.7357142857143,0.6666666666666666,6.714285714285715,324.1,12.368749999999999,4.986666666666667,7.977777777777778,4.013333333333334,115.04166666666667,45.91818181818182,10.624999999999998,26.454545454545453,0.6461538461538462,14.933333333333334,9.773333333333333,25.392857142857142,103.68,0.8812499999999999,102.22666666666669,4.066666666666666,137.5666666666667,7.378571428571431,5.914285714285714,1.1375,1.0,3.3909090909090907,5.526086894325529,4.971103311325178,0.07250110520819843,0.17913099142223293,6.043901885371733,2.8930952282978866,1.1738013136001868,5.162799628108764,3.2559216269783935,8.267322805698734,0.29949452365105056,3.294017220742698,85.08177966385772,2.35477352060306,0.896713576397301,2.255979708340579,1.0756172093046767,38.000393737992034,12.882532218614337,2.697852681468929,8.12112844823472,0.39919791377081915,7.417378243018217,1.2400844825291235,5.238975866700296,7.625446122780534,0.2007278422807027,26.95818101819045,0.9018499505645785,9.7552161649162,1.5141276094115776,0.9280725625287503,0.887914892961514,0.0,1.8140862964338522,3.099999999999998,-2.700000000000003,-0.1,0.0,-8.5,-3.200000000000001,-1.2000000000000002,-10.499999999999996,-0.6000000000000014,15.400000000000006,0.19999999999999996,3.0,-220.79999999999998,-0.5999999999999996,0.10000000000000053,-6.800000000000001,-2.8000000000000003,-4.5,-15.0,0.0,-6.300000000000001,-0.5,-5.6,-1.5,-7.300000000000001,-11.899999999999991,-0.19999999999999996,-15.599999999999994,-1.2000000000000002,7.0,0.5,0.5,1.2999999999999998,0.0,-0.5,465,35,58.0,7.411063036160874
C65A4ADE-112E-49E4-B72A-0DED22C242ED,1,1982-10-05 20:41:01.813,1982-10-17 21:39:57.057,12,1982,10,1,화,중기(8-14일),Male,1955-04-07 18:55:17.077,White,Married,English,19.66,70.8,70세~,Medium,M05.27,Rheumatoid vasculitis with rheumatoid arthritis of ankle and foot,1.0,0.0,0.0,1.0,1.0,0.0,0.0,0.0,1.0,1.0,0.0,0.0,0.0,0.0,0.0,1.0,1.0,2.0,0.0,3.0,1.0,1.0,2.0,2.0,2.0,1.0,1.0,1.0,1.0,2.0,1.0,1.0,3.0,0.0,2.0,22.333333333333332,71.34,0.11249999999999999,0.4,45.63333333333333,14.869999999999996,3.05,32.58,33.888888888888886,91.36,0.5454545454545454,6.211111111111111,318.15555555555557,13.271428571428572,4.981818181818182,6.766666666666667,4.42,95.0,53.222222222222214,7.654545454545453,31.785714285714285,0.68,19.359999999999996,9.44,29.730000000000008,99.91250000000001,0.7363636363636363,109.16666666666667,4.4,139.76000000000002,7.833333333333333,6.290909090909091,2.2,1.0,3.322222222222222,5.8997881317891405,4.352317390387183,0.08345229603962803,0.12247448713915889,6.200604809210148,2.9454484661366367,1.2071217242444348,3.846441356775262,3.113857914406357,5.73279067199291,0.3387141460395074,1.6959101129220002,81.5839615229475,2.190672869017101,0.7534164609539425,2.626208235645014,1.0685400216078844,33.31786307673408,16.378322394080673,4.189597507246641,7.904519502881156,0.40221608343995613,6.990660436134294,1.652741829674422,4.833459768461234,3.992649496261851,0.18040358795061298,18.708353749060873,0.7336087637029823,9.89345462639034,1.463728116830445,0.9016147131170225,1.554027026792005,0.0,1.9382838916021679,13.399999999999999,-10.799999999999997,0.0,-0.09999999999999998,-10.799999999999997,-6.199999999999999,-1.5999999999999996,7.600000000000001,-5.599999999999998,4.400000000000006,0.8,0.8000000000000007,-25.400000000000034,-5.899999999999999,-1.1000000000000005,-2.9,-0.40000000000000036,-27.299999999999997,-12.399999999999991,1.7999999999999998,3.3999999999999986,-0.8,2.5,2.6999999999999993,-0.09999999999999787,4.200000000000003,0.30000000000000004,20.799999999999997,-1.2999999999999998,2.0,-1.5,0.9000000000000004,-0.10000000000000009,0.0,0.39999999999999947,327,35,33.0,6.822777862503274
C65A4ADE-112E-49E4-B72A-0DED22C242ED,2,2005-11-27 21:49:31.010,2005-11-30 20:23:48.277,2,2005,11,6,일,초단기(~3일),Male,1955-04-07 18:55:17.077,White,Married,English,19.66,70.8,70세~,Medium,N16,Renal tubulo-interstitial disorders in diseases classified elsewhere,0.0,0.0,0.0,1.0,1.0,0.0,1.0,0.0,1.0,0.0,0.0,0.0,0.0,0.0,0.0,0.0,0.0,0.0,0.0,0.0,1.0,0.0,0.0,0.0,0.0,1.0,0.0,0.0,0.0,1.0,1.0,0.0,1.0,0.0,0.0,22.2,73.83333333333333,0.15000000000000002,0.4,31.55,15.350000000000001,2.466666666666667,34.5,38.85,78.85,0.65,3.8499999999999996,285.35,15.2,5.233333333333333,8.65,4.15,65.7,51.699999999999996,10.45,30.2,0.3,17.0,10.1,28.433333333333334,111.45,0.9,82.1,4.2,131.23333333333332,7.6000000000000005,5.85,0.8000000000000002,1.0,2.8,3.7161808352124095,5.426171148547877,0.07071067811865477,0.28284271247461895,2.050609665440987,2.757716446627535,1.7502380790433436,4.949747468305833,1.6263455967290572,4.596194077712559,0.3535533905932738,1.3435028842544403,186.32263684265527,0.1414213562373109,1.5885003409925138,1.202081528017131,1.9091883092036788,5.798275605729684,14.76245237079531,0.3535533905932738,15.273506473629428,0.19999999999999998,5.798275605729692,,4.990323970779183,3.4648232278140867,0.2828427124746191,,0.42426406871192873,8.167210866221918,3.111269837220809,0.7778174593052023,0.608276253029822,0.0,1.2727922061357855,-4.300000000000001,-1.0999999999999943,-0.1,0.39999999999999997,2.8999999999999986,3.9000000000000004,1.7000000000000002,7.0,2.299999999999997,-6.5,-0.5,1.9,263.5,0.20000000000000107,2.8000000000000003,-1.7000000000000002,-2.7,8.199999999999996,-22.700000000000003,-0.5,-21.6,0.19999999999999998,8.200000000000001,0.0,2.099999999999998,-4.900000000000006,-0.40000000000000013,0.0,-0.6000000000000001,15.0,-4.4,-1.1000000000000005,1.0999999999999999,0.0,-1.8000000000000003,77,35,9.0,8.64767652752537
C65A4ADE-112E-49E4-B72A-0DED22C242ED,3,2011-01-25 01:31:17.090,2011-02-09 12:30:19.433,15,2011,1,1,화,장기(15-30일),Male,1955-04-07 18:55:17.077,White,Married,English,19.66,70.8,70세~,Medium,D35.2,Benign neoplasm of pituitary gland,0.0,3.0,0.0,2.0,0.0,1.0,2.0,2.0,2.0,0.0,1.0,1.0,1.0,2.0,0.0,0.0,2.0,1.0,1.0,1.0,5.0,1.0,0.0,2.0,0.0,3.0,1.0,1.0,4.0,1.0,0.0,3.0,0.0,0.0,2.0,22.623076923076926,73.44444444444444,0.14,0.3307692307692308,41.45454545454546,14.399999999999997,2.557142857142857,31.12142857142857,33.32857142857143,83.24615384615385,0.8700000000000001,7.86153846153846,277.1133333333334,13.11,5.308333333333333,7.811111111111113,5.044444444444445,100.7090909090909,38.88181818181818,8.436363636363636,24.95384615384615,0.5083333333333333,17.775000000000002,10.015384615384615,27.663636363636364,102.25454545454545,0.857142857142857,102.00714285714287,4.38,139.53333333333333,7.983333333333333,5.9818181818181815,1.8000000000000003,1.0,3.409090909090909,5.549497551753949,5.8751832122732806,0.0632455532033676,0.14935759876113539,6.07986243863521,2.4640752153022167,1.7232306315533652,5.455297858529332,3.549090581549583,6.756677608684043,0.32335051500740736,2.2329123215875355,86.81347711918818,2.382552319584096,0.8184889995743636,1.9996527476317263,0.9288583195395185,29.79920987360083,15.530152490031654,2.338919719559749,10.090970830781956,0.3260182184907444,5.254110944601552,1.286368372490396,5.392081736634327,8.828744376904753,0.2064881658530644,17.54433786749421,0.9174498818542001,10.995481165488213,1.1761519176251567,0.9495453457504617,0.8215838362577491,0.0,1.6410085590602783,-1.0,5.699999999999989,-0.2,0.09999999999999998,-7.100000000000001,0.1999999999999993,-0.8999999999999999,9.400000000000002,8.599999999999998,-13.899999999999991,0.10000000000000009,1.6000000000000005,-102.6,2.6000000000000014,0.20000000000000018,3.0,-0.3000000000000007,46.89999999999999,-28.200000000000003,-0.9000000000000004,-19.9,1.0999999999999999,-1.6000000000000014,1.8999999999999986,1.5,4.700000000000003,0.30000000000000004,20.60000000000001,0.6000000000000001,-23.599999999999994,-2.0,1.3000000000000007,-1.0,0.0,-1.4,420,35,45.0,7.036098111281075
80AC01B2-BD55-4BE0-A59A-4024104CF4E9,1,1985-08-25 05:16:35.700,1985-09-10 03:54:56.920,15,1985,8,6,일,장기(15-30일),Female,1965-05-14 15:25:09.740,African American,Married,English,19.74,60.7,60대,Medium,F06.1,Catatonic disorder due to known physiological condition,2.0,1.0,0.0,1.0,0.0,2.0,3.0,0.0,2.0,2.0,2.0,0.0,3.0,4.0,2.0,3.0,0.0,0.0,2.0,0.0,2.0,1.0,0.0,1.0,1.0,1.0,0.0,1.0,1.0,4.0,2.0,0.0,1.0,0.0,0.0,23.20833333333334,72.30000000000001,0.13,0.4181818181818182,43.00833333333333,15.30909090909091,2.7,31.700000000000003,33.22857142857143,89.75833333333333,0.4428571428571429,7.2700000000000005,323.01818181818186,13.084615384615384,5.566666666666666,7.645454545454545,4.071428571428572,82.66363636363636,45.84166666666666,8.841666666666667,30.836363636363636,0.5875,14.0,8.925,26.100000000000005,101.28181818181817,0.77,93.88,4.859999999999999,141.66923076923075,7.324999999999999,6.233333333333333,1.781818181818182,1.0,2.9214285714285713,5.725296075445806,5.235265036270848,0.08232726023485647,0.11677484162422844,5.430630020931498,2.917003443760239,1.6138291249213608,5.0926417506044945,3.637080099248799,8.655892195318149,0.3598941643369749,2.6132355423880185,86.83540543098556,2.7208595926796595,1.1268083109814948,2.6893730259536834,0.7332001211009294,29.43006193426282,19.488852680131757,3.573248670412691,9.622917720449733,0.33139316313320133,4.584162459440706,1.4370107863199915,5.364000372856064,7.040570741327464,0.14181364924121767,22.069878920274025,0.897156000308134,9.620670854587411,1.607689854003771,0.5548682617331684,0.8919845086302584,0.0,1.7651230383911884,-4.5,-8.899999999999991,-0.1,-0.09999999999999998,4.0,-1.1000000000000014,-1.4000000000000001,-9.500000000000004,6.600000000000001,-14.0,0.10000000000000003,3.3,133.39999999999998,-1.0999999999999996,2.2,3.5999999999999996,-0.6999999999999997,69.2,18.8,-1.2000000000000002,-20.5,0.4,-4.600000000000001,-0.5999999999999996,-11.0,-13.300000000000011,0.30000000000000004,-2.799999999999997,-0.10000000000000053,23.30000000000001,-0.40000000000000036,1.3999999999999995,0.20000000000000018,0.0,-1.2,394,35,44.0,7.257340561494005
80AC01B2-BD55-4BE0-A59A-4024104CF4E9,2,1994-07-22 07:12:50.407,1994-07-28 12:29:05.827,6,1994,7,4,금,단기(4-7일),Female,1965-05-14 15:25:09.740,African American,Married,English,19.74,60.7,60대,Medium,M01.X,Direct infection of joint in infectious and parasitic diseases classified elsewhere,0.0,0.0,0.0,0.0,0.0,0.0,1.0,1.0,0.0,2.0,0.0,1.0,0.0,1.0,0.0,0.0,1.0,0.0,1.0,0.0,0.0,0.0,0.0,0.0,1.0,0.0,0.0,0.0,1.0,0.0,1.0,0.0,0.0,0.0,1.0,24.439999999999998,73.38000000000001,0.1,0.42500000000000004,46.54,12.939999999999998,1.5666666666666667,31.400000000000002,32.96,83.21666666666667,0.7000000000000001,9.566666666666666,210.55000000000004,13.899999999999999,4.640000000000001,8.76,3.9000000000000004,106.52000000000001,39.0,9.116666666666667,29.560000000000002,0.6,19.3,9.399999999999999,27.933333333333337,106.18333333333334,0.85,95.0,5.125,140.94285714285712,7.333333333333333,5.433333333333334,1.9,1.0,2.9571428571428564,5.6575613120849155,5.400185182009965,0.08164965809277261,0.04999999999999999,3.4048494827231335,2.89620441267532,0.7659416862050705,6.199677410962606,3.1902977917429576,10.289687394020605,0.3366501646120693,1.6289055630494151,35.65124121261418,2.0842264752180837,0.7700649323271382,2.561835279638408,0.8366600265340755,19.259854620427433,11.244198504117577,3.0675179977738787,9.589734094332334,0.2345207879911715,8.095677859203638,1.3114877048603995,5.893951702098234,4.283651090677982,0.20816659994661327,28.964921312972123,0.7365459931328113,7.605230030020386,2.040424792373719,0.5859465277082313,0.7549834435270749,0.0,1.7183879488803286,5.0,2.0,0.0,-0.09999999999999998,-6.699999999999996,7.1,-0.9999999999999998,5.699999999999996,7.299999999999997,-9.299999999999997,-0.20000000000000007,-0.3999999999999986,-25.19999999999999,1.0999999999999996,0.2999999999999998,0.1999999999999993,-0.40000000000000036,29.799999999999997,1.2000000000000028,-4.9,-2.700000000000003,0.20000000000000007,2.0,-0.5999999999999996,1.1000000000000014,-2.5,-0.30000000000000004,-55.3,-0.9000000000000004,10.400000000000006,2.7,-0.20000000000000018,-0.7000000000000002,0.0,-3.3,177,35,12.0,5.354309685558704
80AC01B2-BD55-4BE0-A59A-4024104CF4E9,3,2003-03-02 09:59:11.540,2003-03-22 01:31:32.883,19,2003,3,6,일,장기(15-30일),Female,1965-05-14 15:25:09.740,African American,Married,English,19.74,60.7,60대,Medium,D65,Disseminated intravascular coagulation [defibrination syndrome],2.0,2.0,0.0,3.0,0.0,0.0,1.0,1.0,0.0,0.0,1.0,2.0,2.0,4.0,0.0,1.0,1.0,1.0,1.0,1.0,4.0,1.0,2.0,2.0,3.0,1.0,3.0,1.0,1.0,1.0,2.0,4.0,1.0,0.0,6.0,21.7,70.31666666666666,0.07058823529411765,0.36428571428571427,41.641176470588235,13.611764705882353,2.2714285714285714,30.757142857142856,34.800000000000004,86.65294117647059,0.68125,4.794117647058824,258.4153846153846,13.558823529411763,5.221428571428571,7.605882352941177,3.8000000000000007,94.25384615384617,38.553333333333335,12.035714285714283,28.113333333333333,0.5294117647058824,16.275,9.377777777777776,26.576470588235296,102.09999999999998,0.8533333333333334,88.34117647058824,4.853846153846154,140.06875,7.231249999999999,6.107692307692308,1.647058823529412,1.0,2.7062500000000003,4.798484609275573,6.001494911809109,0.06859943405700354,0.1446860944737466,6.651978918292794,2.49796976386354,0.9706687396830096,5.033077401736251,2.9030487952654735,6.672622951945024,0.3673667558902593,2.652232688753782,112.47741881635505,2.425659400948897,1.1074423558039361,2.3647067968976865,0.6892024376045109,26.968271956276553,16.82964504619608,4.193696211230364,9.959910116251528,0.340522954223267,6.853283884387104,1.2321934318907777,5.446619296839635,5.8942644105245625,0.2065591117977289,19.129984932806718,0.8617959779972915,7.778579026188951,1.3164187530316231,0.970791376885836,0.9657365369620896,0.0,2.1625505774432185,0.1999999999999993,8.5,-0.2,0.09999999999999998,6.5,-0.8000000000000007,0.6999999999999997,-3.8000000000000007,5.900000000000006,15.799999999999997,-0.4,0.0,-270.4,-3.4000000000000004,0.39999999999999947,5.7,-0.6000000000000001,1.7999999999999972,3.099999999999998,3.2,-6.1,0.9,-6.6,0.09999999999999964,10.799999999999997,7.8999999999999915,-0.5,-55.10000000000001,-1.0,11.099999999999994,2.3999999999999995,-0.2999999999999998,0.8000000000000003,0.0,3.4,545,35,55.0,7.683928127816828
80AC01B2-BD55-4BE0-A59A-4024104CF4E9,4,2007-07-03 20:00:07.223,2007-07-08 14:23:38.367,4,2007,7,1,화,단기(4-7일),Female,1965-05-14 15:25:09.740,African American,Married,English,19.74,60.7,60대,Medium,C92.1,"Chronic myeloid leukemia, BCR/ABL-positive",0.0,1.0,0.0,2.0,0.0,2.0,0.0,0.0,0.0,0.0,1.0,0.0,0.0,0.0,0.0,0.0,0.0,0.0,1.0,0.0,1.0,0.0,1.0,0.0,0.0,0.0,2.0,0.0,1.0,0.0,1.0,0.0,3.0,0.0,1.0,22.650000000000002,68.85,0.13333333333333333,0.175,45.940000000000005,12.66,2.525,31.8,35.2,88.14000000000001,0.625,6.525,275.7,13.6,4.45,6.460000000000001,4.36,87.775,48.325,8.700000000000001,31.425,0.55,24.099999999999998,8.575,30.400000000000002,106.1,0.8250000000000001,89.7,4.38,142.125,8.5,6.075,2.1399999999999997,1.0,3.8666666666666667,7.147260547463857,5.4750951285495155,0.11547005383792516,0.09574271077563382,6.479043139229744,3.3366150512158277,1.1926860441876561,3.6755951898978227,2.9337120967584207,9.465357890750884,0.4991659710623979,3.2407560846197607,101.82396574480882,1.5636495771111891,1.0606601717798212,1.7840964099509868,1.1436782764396638,17.221570776209703,20.029707103866162,3.606475657295731,7.43835779367104,0.38729833462074165,3.8815804341359037,1.2419742348374223,4.471017781221632,4.869291529575936,0.33040379335998343,16.512015826865802,1.0709808588392233,9.75820167858812,1.1335784048754634,0.6130524719249842,1.4976648490233053,0.0,1.858314648635514,-8.7,11.899999999999999,0.2,0.19999999999999998,-8.5,0.09999999999999964,0.0,7.300000000000004,-4.0,-8.900000000000006,0.19999999999999998,5.9,110.4,-2.0999999999999996,1.5,2.6000000000000005,0.5,28.5,25.0,-7.0,-4.399999999999999,-0.9000000000000001,7.399999999999999,0.40000000000000036,-8.900000000000002,-8.799999999999997,-0.6,2.9000000000000057,2.2,-18.30000000000001,1.0,1.5,-0.10000000000000009,0.0,3.0,143,35,17.0,7.055829607599616
80AC01B2-BD55-4BE0-A59A-4024104CF4E9,5,2012-04-13 13:23:12.527,2012-04-24 21:10:59.800,11,2012,4,4,금,중기(8-14일),Female,1965-05-14 15:25:09.740,African American,Married,English,19.74,60.7,60대,Medium,M05.51,Rheumatoid polyneuropathy with rheumatoid arthritis of shoulder,1.0,2.0,0.0,1.0,1.0,0.0,1.0,1.0,0.0,0.0,1.0,0.0,0.0,3.0,1.0,1.0,0.0,4.0,1.0,2.0,1.0,1.0,1.0,2.0,0.0,1.0,1.0,1.0,2.0,0.0,1.0,0.0,1.0,0.0,2.0,22.922222222222217,68.5375,0.09,0.39999999999999997,44.955555555555556,14.0,1.9571428571428573,30.77777777777778,34.650000000000006,90.91428571428571,0.5625000000000001,6.5,276.05555555555554,11.989999999999998,5.033333333333333,7.480000000000001,4.966666666666667,115.89999999999999,39.85,11.433333333333335,25.93333333333333,0.8250000000000002,20.85,9.188888888888888,25.755555555555553,99.78888888888889,0.8200000000000001,97.17142857142858,4.249999999999999,143.54999999999998,8.36,6.2875000000000005,1.9300000000000002,1.0,1.8624999999999998,4.786903429613391,5.507381410434544,0.07378647873726218,0.12909944487358055,5.508654806554661,2.3028967265887834,1.09217999563128,4.778801569896414,3.9179076048319494,5.21901286050295,0.30676887530703445,2.580697580112788,77.52541697906422,2.766244947778687,1.1532562594670794,2.6110023618015616,0.46761807778000514,42.06212666996285,16.37409539486075,5.0373604199024715,8.345357991122968,0.3370036032024414,5.870879169444916,1.3995038803487154,5.359363560888343,6.666604166373695,0.18135294011647263,22.71106296394735,1.0069204977995476,7.70760807398912,1.038374798530002,0.5617256574927963,1.0667187487284964,0.0,1.660410878582252,-2.0,3.3000000000000043,0.1,0.0,-3.299999999999997,0.0,1.4,10.200000000000003,-4.200000000000003,10.900000000000006,-0.7,5.699999999999999,-10.600000000000023,0.40000000000000036,1.9000000000000004,2.5000000000000004,-1.2000000000000002,-93.19999999999999,-1.3999999999999986,-7.199999999999999,4.0000000000000036,0.10000000000000009,-5.100000000000001,-1.0999999999999996,-3.0,-11.900000000000006,0.4,50.19999999999999,-1.7999999999999998,-4.200000000000017,1.0,-0.7000000000000002,1.2000000000000002,0.0,-1.6,295,35,34.0,7.088974252121982
6A57AC0C-57F3-4C19-98A1-51135EFBC4FF,1,1980-07-15 11:20:35.480,1980-07-24 09:05:29.623,8,1980,7,1,화,중기(8-14일),Female,1958-07-07 16:00:19.383,Unknown,Married,English,94.06,67.6,60대,Very High,C91.00,Acute lymphoblastic leukemia not having achieved remission,0.0,1.0,0.0,3.0,2.0,1.0,0.0,2.0,1.0,1.0,1.0,0.0,0.0,2.0,0.0,0.0,0.0,1.0,0.0,1.0,0.0,0.0,2.0,2.0,1.0,2.0,1.0,1.0,0.0,1.0,1.0,3.0,1.0,0.0,0.0,28.96666666666667,67.1888888888889,0.09999999999999999,0.33749999999999997,42.900000000000006,14.214285714285714,2.46,31.674999999999997,32.38333333333333,80.65,0.3,7.900000000000001,285.38,14.200000000000001,4.3999999999999995,8.65,4.385714285714285,90.10000000000001,54.54444444444445,11.12857142857143,30.0,0.5799999999999998,17.285714285714285,9.5125,27.2,100.31666666666666,0.7857142857142857,108.33333333333333,5.05,134.64000000000001,8.1,6.4,0.9500000000000002,1.0,2.3428571428571425,5.3151356207218905,4.807141677869618,0.09258200997725514,0.19226098333849673,9.504104376531227,2.9328192190158218,1.1193748255164575,5.12744715094308,3.139055059514991,10.09489970232493,0.15491933384829668,2.922327839240492,102.93549922159994,2.579922479455536,1.2206555615733703,2.408111293109186,0.6817344825970771,30.103554607388144,11.366849949646461,4.612921809335989,7.04718788899921,0.30331501776206204,9.24705873443525,1.6659939118393303,5.052919947911306,10.239417301129334,0.19518001458970669,19.04758952378664,0.700713921654194,10.742578833781028,1.7720045146669354,1.1811011811017718,0.6625707509390979,0.0,1.203961714309807,-1.2999999999999972,-10.400000000000006,0.1,0.19999999999999996,21.400000000000002,5.800000000000001,1.4999999999999998,-2.8999999999999986,2.799999999999997,-2.700000000000003,0.0,-0.29999999999999893,-134.3,-2.5999999999999996,0.3999999999999999,5.4,-1.3999999999999995,40.0,7.700000000000003,4.7,-7.799999999999997,0.19999999999999996,-15.399999999999999,-1.5999999999999996,-8.2,-5.099999999999994,0.0,-26.200000000000003,1.2999999999999998,-10.100000000000009,1.700000000000001,2.8000000000000007,-1.6,0.0,1.1,230,35,31.0,7.724940298870114
6A57AC0C-57F3-4C19-98A1-51135EFBC4FF,2,2003-01-23 15:16:00.507,2003-01-27 14:11:06.370,3,2003,1,3,목,초단기(~3일),Female,1958-07-07 16:00:19.383,Unknown,Married,English,94.06,67.6,60대,Very High,G55,Nerve root and plexus compressions in diseases classified elsewhere,0.0,1.0,0.0,2.0,0.0,0.0,1.0,0.0,1.0,0.0,0.0,2.0,0.0,1.0,1.0,1.0,1.0,0.0,0.0,1.0,0.0,0.0,1.0,0.0,1.0,0.0,0.0,0.0,0.0,1.0,1.0,0.0,1.0,0.0,0.0,27.3,70.22500000000001,0.1,0.32499999999999996,39.6,16.433333333333334,1.9666666666666668,33.666666666666664,32.55,79.13333333333334,0.7999999999999999,6.633333333333333,322.275,13.475,5.5,7.075,4.166666666666667,86.73333333333333,30.299999999999997,8.633333333333333,27.275,0.43333333333333335,24.8,11.3,33.333333333333336,104.7,0.8333333333333334,108.06666666666668,4.3,133.2,6.55,5.900000000000001,0.2,1.0,2.75,1.6093476939431077,8.211120508188882,,0.2217355782608345,11.172287142747452,0.32145502536643233,1.3051181300301264,4.528060659193219,4.201983658543507,6.520991744614729,0.36055512754639896,4.626373669877232,67.26343112469559,2.677529956259438,1.8384776310850233,4.018602576352465,1.514375558880073,35.75980052144214,8.62670273047588,5.60029761113937,9.433406949064938,0.32145502536643183,5.896609195122227,0.4242640687119276,2.3459184413217233,5.314132102234572,0.1527525231651947,15.002777520623749,0.7071067811865476,10.040916292848976,1.7677669529663689,0.5,,0.0,2.0506096654409878,1.8999999999999986,-15.300000000000004,0.0,0.30000000000000004,-15.8,-0.5,-1.1,-5.899999999999999,1.0999999999999979,-12.400000000000006,-0.7000000000000001,6.0,11.899999999999977,2.0000000000000018,2.5999999999999996,-8.0,-2.4000000000000004,44.7,12.2,-5.699999999999999,-1.7999999999999972,-0.09999999999999998,-0.6000000000000014,0.5999999999999996,-1.1000000000000014,8.0,-0.19999999999999996,30.0,1.0,-14.200000000000017,2.5,-0.5,0.0,0.0,-2.9000000000000004,102,35,17.0,6.798059459596835
6A57AC0C-57F3-4C19-98A1-51135EFBC4FF,3,2004-09-24 11:39:44.227,2004-10-11 19:23:34.477,17,2004,9,4,금,장기(15-30일),Female,1958-07-07 16:00:19.383,Unknown,Married,English,94.06,67.6,60대,Very High,M51,"Thoracic, thoracolumbar, and lumbosacral intervertebral disc disorders",3.0,1.0,0.0,0.0,2.0,3.0,0.0,1.0,2.0,2.0,2.0,1.0,1.0,3.0,4.0,2.0,3.0,2.0,2.0,5.0,4.0,1.0,1.0,1.0,3.0,0.0,4.0,2.0,2.0,2.0,1.0,1.0,2.0,0.0,2.0,26.54285714285714,67.9764705882353,0.1,0.37500000000000006,43.46153846153846,14.938461538461535,3.0416666666666665,32.08,33.872727272727275,88.83076923076922,0.74375,6.086666666666667,263.1,13.441666666666668,5.2294117647058815,7.193333333333333,4.0625,80.84166666666665,44.49999999999999,10.161538461538463,28.57692307692308,0.7642857142857142,20.99,10.033333333333333,27.626666666666665,102.6307692307692,0.8266666666666665,96.60714285714286,4.8999999999999995,140.46153846153845,7.1866666666666665,6.016666666666667,1.4999999999999998,1.0,2.9357142857142855,6.074374204642152,4.442343048967052,0.08770580193070292,0.12382783747337807,7.661542323137736,2.881706225351705,1.373421959482183,5.201400910194429,3.8509975095008593,7.925947326701142,0.32035136959282695,2.263015266240618,87.67339742125097,2.247608156294692,1.3508167463993557,2.678343482364391,1.0288342918079665,24.135280036167853,19.161647893644222,5.607218333175322,10.038355928317632,0.3433032811627976,7.495991521399213,1.4811514182586207,6.510482390144446,6.624749632424439,0.2548575699334453,25.635386128904358,0.7387247699341655,10.153614993483725,1.2034869971798419,0.8353913980157971,1.1690451944500122,0.0,1.7054695463790532,3.6999999999999957,-3.499999999999993,0.1,-0.09999999999999998,-1.5,2.9000000000000004,-3.3,12.899999999999999,-7.700000000000003,7.200000000000003,-0.29999999999999993,-5.800000000000001,127.20000000000005,0.7000000000000011,1.9,1.1000000000000005,-1.4999999999999996,17.4,42.699999999999996,3.700000000000001,1.0,0.10000000000000009,1.8999999999999986,-0.5,-2.8000000000000007,0.20000000000000284,0.5000000000000001,-28.099999999999994,-1.7000000000000002,18.69999999999999,2.0999999999999996,1.0,-2.5,0.0,-0.1999999999999993,485,35,65.0,7.436565454694489
6A57AC0C-57F3-4C19-98A1-51135EFBC4FF,4,2004-10-17 05:19:47.157,2004-10-26 03:29:23.560,8,2004,10,6,일,중기(8-14일),Female,1958-07-07 16:00:19.383,Unknown,Married,English,94.06,67.6,60대,Very High,O04.82,Renal failure following (induced) termination of pregnancy,0.0,1.0,0.0,1.0,1.0,1.0,2.0,1.0,2.0,2.0,0.0,0.0,1.0,4.0,2.0,3.0,1.0,1.0,0.0,1.0,2.0,2.0,0.0,2.0,1.0,2.0,0.0,1.0,1.0,0.0,0.0,1.0,2.0,0.0,0.0,27.077777777777776,71.9875,0.13333333333333333,0.33749999999999997,41.575,13.112499999999999,2.3333333333333335,30.65714285714285,31.685714285714287,85.78,0.5,7.028571428571428,323.54285714285714,12.342857142857143,5.485714285714286,7.933333333333333,3.9,101.55,48.98,11.216666666666667,24.9,0.7000000000000001,19.228571428571428,10.142857142857142,31.25,98.11428571428571,0.9,109.35000000000001,4.74,144.84,7.8428571428571425,6.257142857142858,1.5875,1.0,3.1,5.3401258828275235,5.265368661628279,0.08164965809277261,0.1407885953173359,11.961988407729988,2.7492531453365396,1.6095548038717622,5.900524593304436,3.1798472559902264,13.152262162837234,0.29154759474226505,2.701674965470054,73.16977648234406,3.0440417993500803,1.2005950905399252,3.3056769352131186,1.16741472616082,34.8205399154005,24.22853689350638,5.74227016663851,10.657626377388166,0.49799598391954925,7.027259846652957,1.4886875011870282,2.8773251467291634,8.340149593268405,0.15811388300841897,22.564995014402296,0.8142481194328914,7.498866581024097,0.7367883976130071,0.7020378500174635,1.0986192633093075,0.0,1.2819256348686274,8.600000000000001,14.700000000000003,0.0,0.0,1.2999999999999972,-0.7000000000000011,-0.7000000000000002,14.099999999999998,-9.2,-2.5,-0.5,-1.1999999999999993,17.19999999999999,-0.1999999999999993,-2.2,-5.6000000000000005,0.20000000000000018,8.099999999999994,-49.0,-10.3,11.400000000000002,0.7,5.300000000000001,1.0999999999999996,-7.599999999999998,-13.199999999999989,-0.20000000000000007,4.400000000000006,0.8000000000000007,-15.800000000000011,-0.9000000000000004,-1.2999999999999998,-2.5,0.0,2.2,229,35,38.0,7.5656593408320925
6A57AC0C-57F3-4C19-98A1-51135EFBC4FF,5,2012-01-10 18:36:46.137,2012-01-27 23:05:49.653,17,2012,1,1,화,장기(15-30일),Female,1958-07-07 16:00:19.383,Unknown,Married,English,94.06,67.6,60대,Very High,C33,Malignant neoplasm of trachea,2.0,1.0,0.0,6.0,2.0,2.0,2.0,2.0,0.0,2.0,0.0,0.0,3.0,0.0,2.0,0.0,1.0,2.0,2.0,4.0,0.0,0.0,0.0,2.0,2.0,3.0,4.0,3.0,2.0,0.0,2.0,2.0,1.0,0.0,2.0,23.630000000000003,68.81333333333333,0.10909090909090909,0.31333333333333335,38.833333333333336,13.64375,2.7312500000000006,32.37333333333334,34.80833333333333,88.89090909090909,0.6833333333333332,6.207692307692308,262.98125,13.5,5.3076923076923075,7.446153846153846,4.24,89.5642857142857,45.54999999999999,8.807142857142857,27.438461538461542,0.6700000000000002,18.12857142857143,9.545454545454545,26.978571428571428,100.04999999999998,0.7692307692307693,103.23636363636363,4.918750000000001,141.01333333333335,7.633333333333334,6.206666666666666,1.3333333333333333,1.0,2.769230769230769,5.809006417241726,5.527058978550975,0.07006490497453707,0.188477610139267,7.9328240223577975,2.4725071621062424,1.2573616557432206,4.508637213594538,2.7972253568437595,5.790933352311102,0.29490625115398456,2.336828883502006,94.14908191267719,1.9826520347527172,1.0539303728279354,3.0223102048530643,0.8347796971998916,25.867193572104092,18.779413293187933,4.796066382698716,7.111556142591491,0.2110818693198342,6.6221572793891745,1.6884096874654781,4.850880740241296,6.865177832122537,0.24961508830135312,28.489797216802813,0.8833411949335697,7.989713625000821,1.3248539901581966,0.8092912831313466,0.9893370905752391,0.0,1.6952800237643215,5.399999999999999,-9.800000000000004,0.0,0.0,-1.3999999999999986,0.3000000000000007,-2.2,3.1000000000000014,0.6000000000000014,15.0,-0.30000000000000004,2.799999999999999,163.2,0.8000000000000007,-1.0999999999999996,2.8999999999999995,-2.4000000000000004,-70.9,-27.700000000000003,-9.9,11.8,0.19999999999999996,2.599999999999998,4.2,6.299999999999997,9.299999999999997,0.20000000000000007,1.3000000000000114,-1.3000000000000003,-18.0,2.1999999999999993,-1.1000000000000005,-1.9,0.0,-4.8,469,35,56.0,7.407192924074806
7A025E77-7832-4F53-B9A7-09A3F98AC17E,1,1978-06-29 07:29:11.593,1978-07-10 04:05:51.787,10,1978,6,3,목,중기(8-14일),Female,1951-07-12 08:23:45.520,Asian,Single,English,16.69,74.6,70세~,Medium,M05.442,Rheumatoid myopathy with rheumatoid arthritis of left hand,1.0,2.0,0.0,1.0,0.0,2.0,2.0,0.0,0.0,3.0,0.0,1.0,0.0,4.0,1.0,1.0,1.0,0.0,1.0,3.0,1.0,0.0,1.0,0.0,0.0,1.0,0.0,0.0,0.0,2.0,2.0,0.0,1.0,0.0,1.0,23.633333333333336,68.4,0.1142857142857143,0.2714285714285714,46.285714285714285,14.075,2.288888888888889,30.833333333333332,33.13636363636363,94.02857142857144,0.7166666666666668,6.7555555555555555,290.22499999999997,12.91111111111111,4.7333333333333325,5.516666666666667,4.555555555555555,90.67142857142856,45.98333333333334,13.155555555555557,27.660000000000004,0.5625,18.025,8.833333333333334,26.860000000000003,98.02,0.9100000000000001,96.175,3.866666666666667,135.89999999999998,6.959999999999999,5.828571428571428,2.085714285714286,1.0,3.4875000000000003,5.698025973966774,6.1767305267430865,0.06900655593423542,0.13801311186847084,5.287541511713665,2.5976637855690914,1.2946470990625634,5.324002253943925,1.934565960246753,8.041292243935734,0.3430257521916783,3.5742520585120716,95.89799267972194,2.928499805550806,1.2737739202857,1.98132951996044,1.0909985232702097,32.04224889557089,21.011941049476295,4.488627605157035,10.807081012003195,0.350255009141299,6.343894702783141,1.002496882788171,4.62894276386208,5.52284145868572,0.2024845673131659,17.082718920426156,0.42739521132865627,10.200840301521385,1.9165072397463045,0.6575568054403756,1.0945753688509705,0.0,1.4327171986922513,0.5,5.200000000000003,-0.1,0.3,11.800000000000004,1.799999999999999,-2.8,9.5,-0.8000000000000043,1.0,0.6000000000000001,-0.3999999999999999,-125.20000000000002,-5.4,0.20000000000000018,-2.5999999999999996,1.2000000000000002,-11.100000000000009,-47.300000000000004,-3.400000000000002,6.099999999999998,0.7,-12.5,2.1999999999999993,9.700000000000003,-1.5,0.30000000000000004,-19.799999999999997,0.40000000000000036,10.099999999999994,2.8999999999999995,1.2999999999999998,2.7,0.0,-2.1000000000000005,279,35,32.0,7.510413893578979
7A025E77-7832-4F53-B9A7-09A3F98AC17E,2,1982-10-14 07:01:43.613,1982-10-21 16:44:00.310,7,1982,10,3,목,단기(4-7일),Female,1951-07-12 08:23:45.520,Asian,Single,English,16.69,74.6,70세~,Medium,F12.15,Cannabis abuse with psychotic disorder,1.0,0.0,0.0,4.0,0.0,2.0,0.0,1.0,1.0,1.0,0.0,0.0,1.0,0.0,0.0,0.0,1.0,0.0,0.0,1.0,1.0,0.0,1.0,3.0,0.0,1.0,0.0,2.0,1.0,1.0,0.0,0.0,1.0,0.0,3.0,26.62857142857143,70.62857142857142,0.13999999999999999,0.3666666666666667,40.785714285714285,13.233333333333333,2.733333333333334,28.849999999999994,32.771428571428565,86.27142857142859,0.58,7.459999999999999,267.74,13.379999999999999,5.4875,7.6,4.816666666666666,83.84,36.1,9.325,32.56249999999999,0.7333333333333334,20.2,9.757142857142858,28.349999999999998,100.05,0.8600000000000001,96.51666666666667,3.983333333333333,136.68571428571428,7.737500000000001,6.2625,1.9666666666666666,1.0,1.9600000000000002,5.871034629351767,5.2806925952676185,0.05477225575051662,0.22509257354845508,7.21674639788794,2.4921209173446353,0.9872520785831079,5.244861430826504,3.9680869806134895,9.347676054455865,0.20493901531919198,2.4764894508154076,98.7493696182411,1.942163741809634,1.480769587555259,2.6972207918522355,0.9537644712750979,28.048671982822995,12.013991842847238,6.210407930777709,8.643236414346521,0.2875181153713044,8.290958931269651,1.7952317797034298,3.7055363984179137,7.152272366178461,0.23021728866442684,27.807726743958533,1.0147249216741778,9.782199577366463,1.378340099021801,0.7386038953902927,0.8500980335624043,0.0,2.3458473948660856,-7.400000000000002,-4.299999999999997,-0.1,-0.30000000000000004,3.200000000000003,5.299999999999999,-1.5,14.499999999999996,7.199999999999996,-16.5,0.19999999999999996,6.1000000000000005,148.79999999999995,1.6999999999999993,0.10000000000000009,-3.3,1.5,76.8,-11.099999999999998,9.399999999999999,-3.1999999999999957,-0.5,17.0,-0.9999999999999991,-4.5,11.300000000000011,0.5000000000000001,59.89999999999999,-0.09999999999999964,-7.200000000000003,1.5000000000000009,1.8999999999999995,-0.9,0.0,0.1,217,35,27.0,7.699675323049634
7A025E77-7832-4F53-B9A7-09A3F98AC17E,3,1990-02-23 04:28:34.457,1990-03-13 15:55:29.837,18,1990,2,4,금,장기(15-30일),Female,1951-07-12 08:23:45.520,Asian,Single,English,16.69,74.6,70세~,Medium,E10.43,Type 1 diabetes mellitus with diabetic autonomic (poly)neuropathy,3.0,2.0,0.0,6.0,2.0,1.0,4.0,2.0,0.0,1.0,1.0,1.0,0.0,2.0,0.0,2.0,3.0,0.0,3.0,1.0,2.0,1.0,2.0,2.0,0.0,2.0,4.0,1.0,1.0,5.0,0.0,2.0,3.0,0.0,2.0,23.650000000000002,70.61428571428571,0.11875,0.32142857142857145,39.300000000000004,13.742857142857144,2.1083333333333334,30.133333333333333,34.53333333333333,86.5923076923077,0.5785714285714286,4.858333333333333,298.97499999999997,13.900000000000002,4.513333333333334,6.906666666666666,4.316666666666666,95.22307692307693,40.806666666666665,11.083333333333334,25.892857142857146,0.5454545454545454,18.724999999999998,9.523529411764706,25.246153846153845,101.58461538461538,0.7941176470588234,95.21538461538461,4.233333333333333,138.51666666666668,7.518181818181817,6.02,1.4846153846153844,1.0,3.2538461538461543,6.467912251174168,6.11767390974168,0.0655108133567785,0.18471837786446457,7.188987304310564,2.184108438317491,1.5675448860230348,5.071301138573339,2.9577179105004645,8.434301150506531,0.36831961753257275,2.8487503905886156,79.83322531149773,1.7621010186706096,0.9395034149308168,2.916814962216412,1.0355791821122333,26.252845999565896,19.577044380259924,4.003596867666359,8.60138309859474,0.4131915690418582,6.85593637925292,1.1976693052365845,4.879312688042477,6.841033810013189,0.2276801161588724,24.376862190536546,0.8467406314626084,11.64831890589082,1.1160808051554167,0.990093790651024,1.0953280740232991,0.0,1.5349350608496897,19.4,3.700000000000003,0.0,-0.10000000000000003,-15.299999999999997,-1.4000000000000004,-3.7,10.600000000000001,-1.5,-4.6000000000000085,-0.6,1.8000000000000007,222.2,-0.09999999999999964,-0.5999999999999996,-6.9,0.0,-42.69999999999999,-18.000000000000004,-9.600000000000001,9.500000000000002,-0.19999999999999998,-11.900000000000002,0.3000000000000007,5.600000000000001,11.799999999999997,-0.5000000000000001,-7.300000000000011,1.7999999999999998,-19.0,0.5999999999999996,-0.10000000000000053,2.0999999999999996,0.0,-1.0,474,35,61.0,7.154346392866277
7A025E77-7832-4F53-B9A7-09A3F98AC17E,4,1994-05-15 11:34:00.840,1994-05-19 23:04:04.877,4,1994,5,6,일,단기(4-7일),Female,1951-07-12 08:23:45.520,Asian,Single,English,16.69,74.6,70세~,Medium,M12.162,"Kaschin-Beck disease, left knee",1.0,0.0,0.0,1.0,0.0,2.0,0.0,0.0,0.0,0.0,0.0,0.0,0.0,1.0,0.0,1.0,1.0,1.0,1.0,0.0,0.0,1.0,1.0,0.0,0.0,0.0,1.0,0.0,0.0,0.0,1.0,0.0,1.0,0.0,1.0,23.55,66.26666666666667,0.10000000000000002,0.25,45.3,17.433333333333334,3.366666666666667,35.95,32.0,77.5,0.65,3.05,257.45,13.75,4.633333333333333,9.05,4.3,104.43333333333334,55.660000000000004,7.574999999999999,20.3,0.55,19.53333333333333,8.65,23.866666666666664,102.47500000000001,0.9,87.89999999999999,4.76,133.175,6.85,6.04,1.7799999999999998,1.0,4.575,6.416904757487575,6.724086059334261,0.1,0.12909944487358055,2.687005768508881,2.2854612955229263,0.9073771725877467,2.8991378028648485,3.606244584051393,5.1542862422130415,0.17320508075688776,0.9192388155425119,114.67718459513499,3.0259984578096977,0.9018499505645786,2.5053276565484737,1.0801234497346432,35.471443913848965,14.405832152291659,3.210789103424058,,0.7778174593052023,9.087537253477057,0.3535533905932738,2.759226944876649,9.88040991052497,0.264575131106459,28.80833212804934,0.634822809924155,3.556566696501941,2.192031021678298,0.5856620185738528,0.8729261137118078,0.0,0.9251126057585276,-3.5,-12.200000000000003,-0.1,-0.19999999999999998,-3.8000000000000043,-4.099999999999998,-1.7000000000000002,-4.100000000000001,8.100000000000001,2.299999999999997,0.0,-1.3000000000000003,15.5,4.0,-1.0,4.0,-2.2,23.39999999999999,-26.0,5.6,0.0,-1.1,-4.5,-0.5,-4.199999999999999,-15.600000000000009,-0.10000000000000009,-3.5999999999999943,-1.2999999999999998,5.300000000000011,3.1000000000000005,-1.2999999999999998,1.6999999999999997,0.0,1.0000000000000004,119,35,15.0,7.8817402878583005
7A025E77-7832-4F53-B9A7-09A3F98AC17E,5,2001-01-10 11:04:58.943,2001-01-27 00:54:18.730,16,2001,1,2,수,장기(15-30일),Female,1951-07-12 08:23:45.520,Asian,Single,English,16.69,74.6,70세~,Medium,T43.3X1,"Poisoning by phenothiazine antipsychotics and neuroleptics, accidental (unintentional)",3.0,2.0,0.0,1.0,2.0,2.0,3.0,1.0,0.0,1.0,2.0,2.0,4.0,1.0,1.0,1.0,1.0,3.0,2.0,0.0,1.0,0.0,1.0,3.0,2.0,3.0,4.0,1.0,1.0,1.0,2.0,5.0,1.0,0.0,0.0,24.40909090909091,72.71428571428572,0.09999999999999999,0.4076923076923077,41.43846153846154,13.991666666666665,3.214285714285714,31.04,35.51538461538461,87.67,0.525,6.823076923076922,266.84999999999997,13.915384615384616,4.999999999999999,6.946666666666667,4.311111111111112,99.86363636363636,44.86923076923077,10.472727272727274,29.03333333333333,0.4583333333333333,18.808333333333334,9.583333333333334,29.02857142857143,104.39999999999999,0.8416666666666665,108.43000000000002,4.34,144.26363636363635,7.569230769230771,6.221428571428571,1.6583333333333332,1.0,3.6461538461538465,7.671564970128918,6.197128012587414,0.08770580193070292,0.14978617237881953,7.612658149592959,2.6165412052532013,1.4432107063270918,5.503574595963368,2.1927327523154583,7.92633444776195,0.32787192621510003,3.1744169664559,124.47517361367224,1.7686370241168545,1.2891857895586654,2.421589403283562,0.9386751893552484,35.59368687639067,16.172939570745154,3.748357215925641,8.337792746212147,0.3146667308679955,6.554451413606888,1.8114952805666242,5.850763075995179,6.843576948829131,0.25746432527221863,24.585951273033956,0.8058122196475637,6.586239097887773,1.2578981247731047,1.0743001811043684,0.9548520431158034,0.0,1.604480904953055,-5.100000000000001,-13.200000000000003,0.2,-0.3,0.0,3.5,1.0000000000000004,-0.9000000000000021,0.19999999999999574,4.299999999999997,0.7,-1.0,-7.199999999999989,-1.6999999999999993,1.0,2.9,2.2,42.10000000000001,6.399999999999999,-0.9000000000000004,3.6000000000000014,0.7,7.800000000000001,0.5999999999999996,-13.299999999999997,-2.1000000000000085,0.5,-3.8999999999999773,0.09999999999999964,11.600000000000023,3.3000000000000007,0.09999999999999964,2.1,0.0,-3.0,428,35,57.0,8.518614707309277
7A025E77-7832-4F53-B9A7-09A3F98AC17E,6,2001-12-29 20:28:01.050,2002-01-18 18:16:04.423,19,2001,12,5,토,장기(15-30일),Female,1951-07-12 08:23:45.520,Asian,Single,English,16.69,74.6,70세~,Medium,C54.3,Malignant neoplasm of fundus uteri,1.0,1.0,0.0,3.0,2.0,2.0,2.0,2.0,3.0,3.0,1.0,3.0,1.0,1.0,3.0,0.0,2.0,2.0,3.0,4.0,0.0,1.0,0.0,2.0,2.0,4.0,1.0,2.0,0.0,1.0,2.0,2.0,4.0,0.0,3.0,24.91875,71.13076923076923,0.11250000000000002,0.3230769230769231,38.118750000000006,13.217647058823529,2.221052631578948,31.106666666666666,35.16875,83.43124999999999,0.5210526315789474,6.0928571428571425,259.8,13.350000000000003,4.961538461538461,7.684615384615384,4.416666666666667,104.9846153846154,44.794444444444444,10.686666666666666,27.527272727272727,0.6428571428571429,14.783333333333331,9.976923076923075,26.653333333333332,102.925,0.7499999999999999,94.65454545454546,4.7,135.54615384615383,7.1625000000000005,5.864285714285715,1.6470588235294117,1.0,3.669230769230769,5.678992721718644,5.735036270647382,0.07187952884282608,0.14806443503784736,6.698578829373685,2.094109385310867,1.3294020992613438,5.140242721710253,3.552598814013951,9.119994060670583,0.3866938889388997,3.3020889159426354,89.49079761150224,1.821981170214277,1.3653683639336196,2.6324406146660912,0.9222830696733304,32.16604954901586,17.754981810324878,4.936434032009438,9.720400291046754,0.27093651176353734,5.5170534516061,1.4709145942541137,5.427162724490141,9.691057264772036,0.16984155512168939,23.457466343847265,0.5419870847169701,7.955565702137444,1.436140661634507,0.841799485403961,1.097222429055991,0.0,1.8647540567881042,3.3000000000000007,12.999999999999993,0.0,0.3,5.200000000000003,-2.0,-0.9,4.199999999999999,0.40000000000000213,-3.200000000000003,0.8,2.0999999999999996,-99.0,2.0999999999999996,-1.0,-5.0,2.2,31.200000000000003,21.6,6.899999999999999,-4.5,0.0,-4.700000000000001,-1.200000000000001,3.3000000000000007,-0.5999999999999943,-0.20000000000000007,-47.19999999999999,-0.7999999999999998,-4.799999999999983,1.5,-1.5999999999999996,0.0,0.0,1.8000000000000003,512,35,63.0,7.537437715698494
